{"type":"FeatureCollection","name":"부산광역시 행정경계 (OSM boundary=administrative ∩ natural=coastline)","note":"좌표는 GeoJSON 규격대로 [lon, lat] 이다 — 우리 ndjson 의 [lat, lon] 과 반대. role=target 이 육지만 남긴 부산 전체(기본으로 이걸 쓴다), role=admin 은 해상 관할구역까지 포함한 원본, role=district 는 구·군(육지). config/area.json 의 bbox 는 수집 범위, 이 파일은 거르는 범위다.","source":{"pbf":"south-korea-latest.osm.pbf","osmRelation":2396450,"adminLevel":"4","seaClip":"natural=coastline, 진행방향 왼쪽=육지 규약으로 면을 분류","coordPrecision":6,"simplifyDeg":0.0,"generatedBy":"collect/pbf_boundary.py","generatedAt":"2026-08-27T16:15:19Z"},"features":[{"type":"Feature","properties":{"role":"target","name":"부산광역시","nameEn":"Busan","adminLevel":4,"osmRelation":2396450,"areaKm2":777.45,"areaKm2BeforeSeaClip":2021.3,"polygonCount":113,"pointCount":12418},"geometry":{"type":"MultiPolygon","coordinates":[[[[129.307725,35.328067],[129.307334,35.328004],[129.30712,35.32803],[129.306876,35.32818],[129.306881,35.328447],[129.307029,35.328555],[129.307232,35.328601],[129.307411,35.328603],[129.307725,35.328067]]],[[[128.822096,35.09803],[128.822641,35.099197],[128.82288,35.099755],[128.82351,35.101236],[128.823752,35.101932],[128.82448,35.102081],[128.825275,35.102199],[128.826098,35.10223],[128.826869,35.102274],[128.830733,35.102454],[128.831277,35.102438],[128.831728,35.102374],[128.832498,35.102166],[128.833006,35.10196],[128.833557,35.101731],[128.83401,35.101554],[128.834359,35.101463],[128.834702,35.101396],[128.83512,35.101337],[128.835701,35.101323],[128.836569,35.10249],[128.837436,35.103035],[128.838122,35.103404],[128.838523,35.104336],[128.838873,35.104718],[128.839466,35.105064],[128.840694,35.105787],[128.841675,35.10667],[128.842104,35.107158],[128.842837,35.108506],[128.843355,35.109832],[128.8432,35.110874],[128.842913,35.112158],[128.843001,35.112607],[128.842891,35.11336],[128.842678,35.113604],[128.842005,35.114259],[128.841678,35.114616],[128.840304,35.115169],[128.840074,35.1152],[128.839802,35.115152],[128.839263,35.115036],[128.839234,35.115029],[128.83855,35.115118],[128.838346,35.115285],[128.838182,35.115564],[128.837806,35.115912],[128.837617,35.116149],[128.837504,35.116298],[128.837515,35.116609],[128.837287,35.117139],[128.836882,35.117562],[128.836718,35.118066],[128.836803,35.118475],[128.836723,35.118589],[128.836517,35.11865],[128.836262,35.118674],[128.836001,35.118977],[128.835977,35.11911],[128.836166,35.119307],[128.836195,35.119615],[128.836342,35.119651],[128.836446,35.119718],[128.836472,35.119836],[128.83643,35.119912],[128.836411,35.120055],[128.836648,35.120192],[128.836952,35.120254],[128.837146,35.120557],[128.837544,35.120664],[128.837571,35.120807],[128.8375,35.120872],[128.837518,35.120978],[128.837352,35.121281],[128.837607,35.121498],[128.837726,35.121708],[128.837697,35.121877],[128.837571,35.12205],[128.837617,35.122312],[128.837703,35.122663],[128.837831,35.122926],[128.837606,35.123716],[128.837134,35.124532],[128.836297,35.125155],[128.836072,35.125997],[128.835342,35.126875],[128.835267,35.127875],[128.835567,35.128691],[128.835417,35.129086],[128.835964,35.129832],[128.834806,35.130622],[128.83383,35.130095],[128.832971,35.129911],[128.832252,35.129455],[128.831684,35.12877],[128.828572,35.12856],[128.827585,35.129253],[128.827682,35.130104],[128.826148,35.130385],[128.825654,35.130464],[128.82545,35.131209],[128.822918,35.131209],[128.822435,35.131692],[128.821481,35.132096],[128.820408,35.132131],[128.818165,35.132789],[128.817307,35.132859],[128.815859,35.132947],[128.81397,35.134087],[128.812833,35.134789],[128.811846,35.136],[128.810044,35.137211],[128.80734,35.139527],[128.807383,35.140826],[128.80616,35.1423],[128.804057,35.142124],[128.802598,35.142405],[128.802126,35.143598],[128.802512,35.145107],[128.802555,35.145984],[128.801997,35.146546],[128.801911,35.147177],[128.802555,35.147984],[128.802383,35.148827],[128.798778,35.149143],[128.796718,35.149213],[128.795002,35.149809],[128.796118,35.151634],[128.796761,35.152546],[128.795474,35.153037],[128.793886,35.153423],[128.793929,35.154546],[128.794272,35.155178],[128.79453,35.15623],[128.793972,35.157388],[128.795302,35.158546],[128.797448,35.158686],[128.798821,35.158195],[128.80131,35.158476],[128.801997,35.159318],[128.806546,35.160897],[128.806589,35.16023],[128.807876,35.159423],[128.808778,35.159458],[128.811224,35.159739],[128.813412,35.159178],[128.815644,35.16023],[128.817747,35.159283],[128.818906,35.158792],[128.821867,35.15823],[128.822553,35.156722],[128.823755,35.156336],[128.82706,35.158125],[128.828347,35.157844],[128.828862,35.157143],[128.833154,35.157283],[128.835471,35.158897],[128.837531,35.159493],[128.839634,35.161634],[128.840792,35.161949],[128.845084,35.163668],[128.846157,35.164195],[128.846157,35.165493],[128.846758,35.16644],[128.847616,35.167036],[128.849633,35.167001],[128.852895,35.1663],[128.857315,35.167317],[128.860791,35.167598],[128.862508,35.168369],[128.864568,35.166896],[128.867529,35.167457],[128.869245,35.167949],[128.869717,35.167317],[128.870876,35.166756],[128.871906,35.167071],[128.873494,35.164791],[128.873065,35.162756],[128.872078,35.162405],[128.871219,35.161493],[128.870013,35.160055],[128.869971,35.158371],[128.867786,35.158335],[128.866971,35.159107],[128.866409,35.159248],[128.866073,35.159248],[128.865769,35.159248],[128.865422,35.158862],[128.865254,35.15823],[128.871558,35.151178],[128.876927,35.151634],[128.875335,35.153353],[128.875378,35.156862],[128.875421,35.158511],[128.876923,35.159178],[128.880227,35.159143],[128.881429,35.159669],[128.882202,35.16037],[128.882116,35.161353],[128.882034,35.162511],[128.880232,35.16237],[128.879502,35.162826],[128.879288,35.163353],[128.879588,35.16451],[128.879159,35.164826],[128.877657,35.164581],[128.876455,35.165703],[128.878215,35.166072],[128.880464,35.166985],[128.880271,35.167213],[128.879714,35.167142],[128.878211,35.16816],[128.879048,35.1693],[128.873322,35.171702],[128.87358,35.172018],[128.872443,35.172369],[128.87274,35.172878],[128.873537,35.174351],[128.880575,35.171667],[128.880768,35.172018],[128.880468,35.172527],[128.880232,35.175666],[128.880167,35.179735],[128.880593,35.180753],[128.881326,35.181629],[128.881712,35.182208],[128.881452,35.18291],[128.880228,35.184068],[128.878343,35.185979],[128.877056,35.187048],[128.876387,35.187821],[128.876023,35.188663],[128.875768,35.189381],[128.876302,35.192538],[128.876259,35.192889],[128.874757,35.194905],[128.874156,35.195817],[128.872979,35.197833],[128.872525,35.198921],[128.872203,35.199727],[128.870465,35.201709],[128.877245,35.208377],[128.877718,35.208446],[128.878148,35.208972],[128.878959,35.209958],[128.879215,35.210075],[128.879755,35.210213],[128.880444,35.210111],[128.881026,35.210211],[128.881709,35.210528],[128.882482,35.211369],[128.882849,35.211649],[128.883747,35.211965],[128.884035,35.212176],[128.884075,35.212478],[128.884023,35.212958],[128.884026,35.213164],[128.884491,35.213606],[128.886051,35.214319],[128.886472,35.214359],[128.887446,35.214167],[128.88791,35.214244],[128.888859,35.214632],[128.889122,35.21463],[128.88982,35.214527],[128.891061,35.214234],[128.891567,35.214151],[128.893299,35.213849],[128.896438,35.213127],[128.896721,35.213105],[128.901486,35.214388],[128.904893,35.215311],[128.905314,35.215321],[128.908049,35.214892],[128.908606,35.214811],[128.909698,35.214631],[128.910005,35.214452],[128.911092,35.213443],[128.912614,35.212414],[128.912766,35.212557],[128.912025,35.213177],[128.911252,35.213919],[128.910518,35.214694],[128.909714,35.215491],[128.908368,35.216784],[128.907081,35.218056],[128.905046,35.220096],[128.908526,35.222418],[128.909495,35.22305],[128.912594,35.222487],[128.916051,35.217789],[128.916619,35.216954],[128.916804,35.216676],[128.917142,35.215735],[128.917456,35.215022],[128.918372,35.214196],[128.920426,35.213937],[128.928187,35.219396],[128.929756,35.220134],[128.931966,35.221589],[128.933571,35.2233],[128.935708,35.22558],[128.936099,35.225935],[128.937502,35.226586],[128.937635,35.226955],[128.938073,35.227298],[128.939039,35.227833],[128.941208,35.228556],[128.944315,35.228451],[128.946643,35.228086],[128.947836,35.228058],[128.948748,35.22781],[128.949869,35.227202],[128.952672,35.226113],[128.960916,35.225647],[128.96282,35.224822],[128.968776,35.224418],[128.972054,35.224475],[128.975256,35.224852],[128.978329,35.225333],[128.9807,35.225721],[128.98413,35.226539],[128.986326,35.227363],[128.989977,35.230424],[128.993022,35.232546],[128.998356,35.232027],[129.0011,35.235669],[129.003788,35.242881],[129.014256,35.270954],[129.01284,35.273511],[129.016574,35.275141],[129.017099,35.275412],[129.018033,35.275535],[129.018301,35.275386],[129.019242,35.275545],[129.022321,35.276386],[129.023987,35.276787],[129.024728,35.276875],[129.025607,35.276778],[129.0277,35.276227],[129.029362,35.276402],[129.03036,35.276682],[129.03271,35.276831],[129.033965,35.276638],[129.036272,35.276419],[129.037557,35.27602],[129.038891,35.27602],[129.04067,35.275443],[129.04185,35.275689],[129.043587,35.275566],[129.04518,35.275968],[129.045897,35.276404],[129.046514,35.276543],[129.04671,35.276934],[129.047552,35.276727],[129.047936,35.276983],[129.048367,35.277009],[129.048609,35.277136],[129.048831,35.277413],[129.048819,35.278161],[129.048917,35.278574],[129.049301,35.27878],[129.049733,35.278847],[129.049984,35.279033],[129.049956,35.279719],[129.05,35.279969],[129.050305,35.280355],[129.050751,35.280462],[129.051016,35.280531],[129.051243,35.280681],[129.051161,35.280911],[129.050813,35.281414],[129.050482,35.281675],[129.050473,35.282601],[129.050624,35.283354],[129.050602,35.28386],[129.050537,35.284231],[129.050631,35.284394],[129.050864,35.285073],[129.051317,35.286443],[129.051726,35.287268],[129.052211,35.287946],[129.052421,35.288369],[129.052411,35.288681],[129.052498,35.289224],[129.052644,35.289281],[129.053498,35.289614],[129.054161,35.289509],[129.05455,35.289741],[129.054967,35.290281],[129.055254,35.290695],[129.055528,35.290989],[129.056398,35.291136],[129.056617,35.291367],[129.056756,35.292029],[129.056972,35.292487],[129.057085,35.292637],[129.057391,35.293042],[129.057768,35.293508],[129.058245,35.293816],[129.058509,35.293876],[129.058817,35.294421],[129.058999,35.294958],[129.059262,35.295245],[129.059846,35.295331],[129.060044,35.295416],[129.060192,35.295597],[129.061528,35.295441],[129.063802,35.294916],[129.065326,35.294881],[129.066527,35.29446],[129.067407,35.293742],[129.069188,35.294688],[129.070279,35.295277],[129.070431,35.294709],[129.071591,35.293777],[129.072514,35.292744],[129.0729,35.292201],[129.074638,35.291518],[129.075604,35.291483],[129.077385,35.293304],[129.079613,35.295705],[129.080947,35.297087],[129.083883,35.29877],[129.085088,35.300047],[129.086097,35.30115],[129.087556,35.302586],[129.091804,35.303672],[129.092834,35.303584],[129.096718,35.303742],[129.098306,35.30432],[129.101203,35.305441],[129.103713,35.306544],[129.104314,35.306702],[129.106178,35.306492],[129.106779,35.306125],[129.109589,35.305512],[129.110794,35.306456],[129.111456,35.308331],[129.111867,35.310624],[129.111996,35.314984],[129.112057,35.316298],[129.112511,35.3181],[129.113774,35.320062],[129.115254,35.320867],[129.117615,35.321988],[129.118648,35.322933],[129.119377,35.324],[129.119742,35.326101],[129.120901,35.328762],[129.121845,35.329533],[129.123837,35.330356],[129.125468,35.331494],[129.125922,35.332439],[129.125986,35.333646],[129.125235,35.335537],[129.125018,35.335905],[129.125039,35.336326],[129.124503,35.336483],[129.124095,35.336921],[129.123755,35.337533],[129.123798,35.337848],[129.123966,35.338216],[129.125021,35.339265],[129.126051,35.340053],[129.126459,35.340858],[129.126501,35.342066],[129.127059,35.342661],[129.127832,35.343151],[129.128132,35.343764],[129.128068,35.344061],[129.127571,35.34443],[129.127228,35.344885],[129.127209,35.345479],[129.127445,35.345899],[129.128218,35.346354],[129.128773,35.347055],[129.128923,35.347598],[129.128987,35.348],[129.12957,35.348752],[129.130278,35.349172],[129.133408,35.350153],[129.133923,35.350188],[129.133947,35.351115],[129.134545,35.351378],[129.134612,35.352532],[129.134759,35.353058],[129.134248,35.35332],[129.133837,35.353828],[129.133558,35.354126],[129.133815,35.355228],[129.134027,35.355547],[129.134269,35.35591],[129.134159,35.356733],[129.133947,35.35689],[129.134244,35.357031],[129.133818,35.35717],[129.132531,35.357117],[129.130879,35.35815],[129.130149,35.35913],[129.128604,35.35976],[129.128065,35.360286],[129.127979,35.360951],[129.127657,35.361196],[129.127167,35.362245],[129.125965,35.363172],[129.123261,35.363242],[129.121609,35.364362],[129.121502,35.364817],[129.120815,35.365395],[129.1203,35.366724],[129.118047,35.367197],[129.118326,35.368334],[129.122081,35.366969],[129.123111,35.367774],[129.124592,35.367337],[129.124999,35.367599],[129.125514,35.368317],[129.126094,35.368527],[129.128068,35.367827],[129.128819,35.367652],[129.129055,35.366812],[129.13045,35.366182],[129.1312,35.365723],[129.133391,35.365511],[129.135079,35.365667],[129.137031,35.365955],[129.138878,35.36619],[129.139358,35.365788],[129.140081,35.365465],[129.141948,35.364905],[129.143021,35.364748],[129.143517,35.364572],[129.144651,35.364415],[129.14566,35.364311],[129.146625,35.364013],[129.147594,35.36431],[129.149458,35.363996],[129.149608,35.363593],[129.150298,35.36326],[129.150338,35.362946],[129.152205,35.362596],[129.152766,35.361737],[129.15386,35.361352],[129.155104,35.361002],[129.156546,35.360011],[129.158301,35.359255],[129.16181,35.358278],[129.162159,35.357668],[129.162216,35.356563],[129.163881,35.35584],[129.16534,35.35584],[129.167292,35.35416],[129.169975,35.353862],[129.170533,35.354072],[129.170683,35.353197],[129.171198,35.35276],[129.171949,35.352935],[129.172142,35.352322],[129.173086,35.352095],[129.173601,35.351902],[129.174266,35.35171],[129.17476,35.351605],[129.175403,35.351412],[129.176348,35.35178],[129.17712,35.351342],[129.1783,35.351552],[129.17888,35.352042],[129.179201,35.352987],[129.181283,35.35346],[129.182527,35.35381],[129.1833,35.354475],[129.183683,35.355456],[129.183922,35.356207],[129.184477,35.356348],[129.185338,35.356977],[129.187524,35.358746],[129.188318,35.359743],[129.193084,35.360442],[129.193728,35.361545],[129.194029,35.364047],[129.194072,35.364607],[129.195209,35.364957],[129.195445,35.365674],[129.196024,35.366374],[129.197355,35.366409],[129.19802,35.366777],[129.197805,35.368334],[129.197459,35.370161],[129.197903,35.37144],[129.198385,35.373671],[129.198749,35.374441],[129.198747,35.375622],[129.197505,35.377887],[129.194587,35.381316],[129.194868,35.383696],[129.197719,35.38604],[129.197891,35.386705],[129.20064,35.388786],[129.202616,35.388143],[129.202945,35.387878],[129.203325,35.387198],[129.203238,35.386564],[129.203084,35.384955],[129.204843,35.383871],[129.206989,35.383311],[129.207161,35.382401],[129.208376,35.381069],[129.209488,35.380706],[129.210891,35.380426],[129.212311,35.380372],[129.215272,35.379462],[129.217212,35.379306],[129.218491,35.378813],[129.219611,35.379156],[129.220903,35.379772],[129.222092,35.379688],[129.22334,35.379952],[129.22437,35.379672],[129.226816,35.381211],[129.228898,35.380766],[129.229691,35.381141],[129.230979,35.382191],[129.234241,35.379401],[129.236056,35.379286],[129.236786,35.381364],[129.237232,35.38297],[129.239094,35.383534],[129.240721,35.384712],[129.242313,35.385496],[129.242944,35.386287],[129.245441,35.38534],[129.251106,35.3859],[129.250548,35.387719],[129.251149,35.389224],[129.253381,35.387824],[129.254539,35.3866],[129.254921,35.38569],[129.255565,35.38506],[129.256853,35.38471],[129.258402,35.38443],[129.262174,35.38513],[129.262822,35.38562],[129.26359,35.38576],[129.264667,35.386984],[129.265654,35.387439],[129.265697,35.386949],[129.26574,35.38646],[129.266165,35.38583],[129.266165,35.384011],[129.267238,35.382576],[129.267668,35.381002],[129.268291,35.379953],[129.268162,35.37948],[129.271101,35.379253],[129.271123,35.377958],[129.272457,35.376838],[129.273848,35.374896],[129.27486,35.373653],[129.276598,35.372551],[129.277542,35.371606],[129.278314,35.369314],[129.278336,35.367652],[129.27943,35.366217],[129.282885,35.366024],[129.283697,35.365868],[129.28447,35.36445],[129.283268,35.362823],[129.281744,35.362823],[129.281444,35.360303],[129.281101,35.358781],[129.281229,35.357538],[129.281251,35.357153],[129.280911,35.356207],[129.283314,35.353827],[129.283893,35.353092],[129.284022,35.352375],[129.284022,35.35199],[129.284215,35.351692],[129.283722,35.351465],[129.282928,35.348454],[129.283593,35.347824],[129.283872,35.346827],[129.283228,35.344831],[129.283185,35.343379],[129.281318,35.343046],[129.280911,35.342031],[129.28095,35.341507],[129.280761,35.341086],[129.28252,35.339931],[129.285478,35.339389],[129.285907,35.339371],[129.288249,35.339983],[129.288654,35.340211],[129.289405,35.338636],[129.291361,35.338303],[129.291361,35.33783],[129.292387,35.336903],[129.292881,35.336658],[129.292798,35.337603],[129.295159,35.338303],[129.295717,35.337742],[129.296682,35.338145],[129.298163,35.33755],[129.298717,35.337026],[129.299812,35.336903],[129.300262,35.336938],[129.300866,35.336605],[129.301081,35.33643],[129.30155,35.337376],[129.303742,35.336867],[129.303224,35.336238],[129.303116,35.335748],[129.303202,35.335398],[129.303438,35.33489],[129.304554,35.333735],[129.304831,35.333546],[129.305621,35.333005],[129.306152,35.332642],[129.306424,35.332456],[129.30647,35.332285],[129.306567,35.33192],[129.306592,35.331827],[129.306678,35.331091],[129.306593,35.330846],[129.306326,35.330793],[129.306128,35.330741],[129.30544,35.330534],[129.305045,35.330364],[129.304934,35.330044],[129.304842,35.329779],[129.304921,35.329474],[129.305075,35.328511],[129.305354,35.326712],[129.305694,35.324466],[129.305568,35.323851],[129.304207,35.322073],[129.303939,35.322044],[129.303666,35.322221],[129.303677,35.322433],[129.304071,35.322867],[129.304276,35.322851],[129.305137,35.32399],[129.305252,35.324341],[129.304427,35.330142],[129.303473,35.329715],[129.303518,35.328857],[129.30333,35.328837],[129.303369,35.32838],[129.303551,35.328373],[129.303601,35.327534],[129.303414,35.327528],[129.303439,35.327137],[129.30366,35.327144],[129.303685,35.325006],[129.303371,35.324528],[129.303222,35.324465],[129.303104,35.324507],[129.302932,35.32428],[129.30274,35.324378],[129.302281,35.323774],[129.302473,35.323677],[129.302358,35.323526],[129.302454,35.323372],[129.302492,35.323233],[129.302312,35.322962],[129.30203,35.322699],[129.300843,35.322204],[129.300853,35.322125],[129.301311,35.32195],[129.301518,35.321837],[129.301613,35.321724],[129.30162,35.321655],[129.301702,35.321651],[129.301783,35.321593],[129.301785,35.32149],[129.301711,35.321431],[129.301604,35.321428],[129.301525,35.321484],[129.301511,35.321564],[129.301373,35.321555],[129.300755,35.321849],[129.300211,35.321847],[129.300207,35.321543],[129.300072,35.321543],[129.300072,35.320895],[129.300207,35.320895],[129.300207,35.3208],[129.300072,35.3208],[129.300072,35.320576],[129.300207,35.320576],[129.300207,35.320195],[129.301558,35.320469],[129.302109,35.32133],[129.302034,35.321382],[129.30202,35.321473],[129.30207,35.321536],[129.302158,35.321562],[129.302251,35.321537],[129.302303,35.321474],[129.302298,35.321397],[129.302502,35.321324],[129.302523,35.321091],[129.301838,35.320221],[129.300427,35.319877],[129.299239,35.318276],[129.297443,35.318233],[129.297044,35.318337],[129.296715,35.318113],[129.296406,35.318067],[129.296068,35.318153],[129.296157,35.318301],[129.296493,35.318326],[129.296691,35.318519],[129.296676,35.31896],[129.29638,35.318963],[129.296301,35.318723],[129.296067,35.318517],[129.294324,35.318636],[129.294001,35.318228],[129.293478,35.318282],[129.293432,35.318471],[129.293677,35.318491],[129.293978,35.31865],[129.293855,35.319142],[129.293604,35.31914],[129.293505,35.318779],[129.293116,35.318672],[129.292891,35.31878],[129.292145,35.318835],[129.292023,35.318619],[129.291845,35.318496],[129.291147,35.318491],[129.291049,35.318707],[129.291221,35.318716],[129.291245,35.318682],[129.291595,35.318653],[129.291676,35.318671],[129.291756,35.318717],[129.291799,35.318787],[129.291802,35.318876],[129.291546,35.318893],[129.291555,35.31899],[129.291471,35.318995],[129.291462,35.318898],[129.291095,35.318922],[129.290939,35.318892],[129.290858,35.318812],[129.290604,35.31872],[129.290392,35.3187],[129.290305,35.318402],[129.290077,35.318349],[129.290017,35.318444],[129.290166,35.318525],[129.290165,35.318649],[129.289983,35.318613],[129.289751,35.318643],[129.289711,35.318763],[129.289216,35.318707],[129.289149,35.318639],[129.288857,35.31867],[129.288581,35.318898],[129.288279,35.31957],[129.287815,35.319587],[129.287355,35.319653],[129.286736,35.320012],[129.286507,35.320228],[129.286459,35.32043],[129.286577,35.320557],[129.286696,35.320561],[129.287362,35.320028],[129.287847,35.3199],[129.288248,35.320007],[129.288027,35.320515],[129.288139,35.320603],[129.288147,35.320775],[129.28807,35.320844],[129.288074,35.321083],[129.287538,35.321189],[129.287138,35.320892],[129.287184,35.320854],[129.287107,35.320823],[129.287029,35.320831],[129.286967,35.320881],[129.286948,35.320939],[129.28696,35.320996],[129.287323,35.321298],[129.287373,35.321384],[129.287701,35.321323],[129.287755,35.322392],[129.288178,35.322384],[129.288226,35.323224],[129.288236,35.323409],[129.28744,35.323684],[129.287493,35.324338],[129.28734,35.324356],[129.287278,35.324024],[129.287141,35.323803],[129.287118,35.323623],[129.286501,35.323671],[129.286434,35.323619],[129.285935,35.323634],[129.285878,35.32362],[129.285442,35.323643],[129.284977,35.323708],[129.284872,35.323759],[129.284804,35.323855],[129.284795,35.32406],[129.28485,35.324099],[129.284902,35.324679],[129.284231,35.324798],[129.283814,35.324715],[129.283783,35.324774],[129.284199,35.3249],[129.284257,35.325172],[129.284314,35.325192],[129.284367,35.325157],[129.284339,35.324994],[129.284792,35.324947],[129.28495,35.325736],[129.28489,35.325744],[129.28498,35.326195],[129.284797,35.326234],[129.284808,35.326266],[129.284726,35.326288],[129.284405,35.325462],[129.284312,35.325493],[129.2845,35.325991],[129.283518,35.326086],[129.283455,35.326051],[129.283185,35.326071],[129.283135,35.326114],[129.281832,35.326249],[129.281835,35.326337],[129.281699,35.32635],[129.281691,35.326616],[129.28164,35.326641],[129.281647,35.326866],[129.281569,35.326919],[129.281521,35.326982],[129.281514,35.327071],[129.2816,35.327431],[129.281588,35.327966],[129.281452,35.328851],[129.280965,35.328626],[129.280804,35.32772],[129.280766,35.326945],[129.280573,35.326537],[129.278903,35.32613],[129.27856,35.325935],[129.278759,35.325398],[129.278715,35.325296],[129.278639,35.325252],[129.278553,35.325255],[129.278486,35.325289],[129.278489,35.325339],[129.27851,35.325414],[129.278416,35.325905],[129.277602,35.325708],[129.277321,35.32562],[129.277215,35.325565],[129.276938,35.325397],[129.277121,35.324979],[129.277045,35.324941],[129.277101,35.324849],[129.277171,35.324871],[129.277225,35.324782],[129.277485,35.324569],[129.278312,35.324574],[129.278796,35.324739],[129.278815,35.324768],[129.278865,35.324807],[129.278935,35.324824],[129.27899,35.32481],[129.279029,35.32478],[129.279053,35.324732],[129.279046,35.32467],[129.27902,35.324636],[129.278941,35.324611],[129.278428,35.324444],[129.278334,35.324431],[129.278207,35.324423],[129.277512,35.324421],[129.277433,35.324432],[129.277388,35.324453],[129.277145,35.324663],[129.277101,35.324678],[129.277021,35.324658],[129.276674,35.324555],[129.276621,35.324529],[129.276582,35.32451],[129.276549,35.324509],[129.27651,35.324537],[129.276487,35.324617],[129.276456,35.32479],[129.276425,35.324829],[129.276386,35.324846],[129.27625,35.324849],[129.27613,35.324846],[129.275981,35.32483],[129.275796,35.324799],[129.275668,35.324782],[129.275579,35.324719],[129.275282,35.324543],[129.275219,35.324492],[129.275164,35.32438],[129.275047,35.32424],[129.274907,35.32411],[129.274782,35.323983],[129.274669,35.323885],[129.274609,35.323852],[129.274412,35.323744],[129.274295,35.323694],[129.274244,35.323641],[129.27414,35.323577],[129.273967,35.323494],[129.273792,35.323439],[129.273672,35.323415],[129.273504,35.323416],[129.273092,35.323355],[129.272831,35.323315],[129.272305,35.323218],[129.271813,35.323133],[129.271202,35.322963],[129.27091,35.322856],[129.270898,35.322803],[129.270907,35.322754],[129.270907,35.322725],[129.270824,35.322672],[129.270659,35.3226],[129.270552,35.322482],[129.270519,35.322398],[129.27049,35.322264],[129.270496,35.32215],[129.270447,35.322085],[129.270376,35.322052],[129.270269,35.322031],[129.27019,35.322048],[129.270151,35.322113],[129.270107,35.322146],[129.270073,35.322134],[129.270084,35.32209],[129.270103,35.322044],[129.270079,35.321991],[129.270036,35.321956],[129.26991,35.321953],[129.269839,35.321974],[129.269757,35.321955],[129.26965,35.321955],[129.26957,35.321976],[129.269451,35.322016],[129.269262,35.322035],[129.26905,35.322015],[129.268904,35.321978],[129.268692,35.321888],[129.26845,35.321801],[129.26839,35.321779],[129.268221,35.321714],[129.267996,35.321581],[129.267883,35.321456],[129.26768,35.321235],[129.267576,35.321077],[129.26746,35.320903],[129.267421,35.320833],[129.267474,35.320777],[129.267826,35.320579],[129.267712,35.320469],[129.267472,35.320615],[129.267226,35.320848],[129.267107,35.320893],[129.266574,35.320548],[129.266589,35.320534],[129.266643,35.320531],[129.267034,35.320125],[129.267715,35.319963],[129.267966,35.320409],[129.26802,35.320418],[129.268102,35.32037],[129.268164,35.320374],[129.268241,35.320397],[129.2683,35.320401],[129.26832,35.320365],[129.268251,35.320302],[129.268131,35.320124],[129.267905,35.319925],[129.267752,35.319844],[129.267667,35.319836],[129.267518,35.319868],[129.267273,35.319953],[129.266966,35.320029],[129.266849,35.320083],[129.266789,35.320173],[129.2667,35.32028],[129.266646,35.320336],[129.266533,35.320358],[129.266368,35.320312],[129.266132,35.320206],[129.265701,35.319904],[129.26513,35.319363],[129.264421,35.318678],[129.264051,35.318238],[129.263395,35.317155],[129.262828,35.31602],[129.262684,35.315652],[129.262655,35.315404],[129.263399,35.314991],[129.263322,35.314834],[129.262458,35.315335],[129.262281,35.315612],[129.262136,35.315623],[129.262116,35.315948],[129.261621,35.31611],[129.261029,35.315803],[129.260772,35.315449],[129.261032,35.315229],[129.261227,35.315066],[129.261504,35.315363],[129.26183,35.315436],[129.261933,35.315203],[129.26222,35.314655],[129.263059,35.314192],[129.263059,35.314136],[129.262998,35.31407],[129.262475,35.314364],[129.262384,35.313956],[129.262158,35.313829],[129.262054,35.313637],[129.261955,35.313499],[129.261898,35.313105],[129.261655,35.312977],[129.261323,35.311854],[129.261159,35.311071],[129.260966,35.310353],[129.260853,35.309954],[129.261029,35.309918],[129.260989,35.309616],[129.26108,35.309599],[129.261097,35.309463],[129.260924,35.309055],[129.260772,35.308978],[129.260557,35.308862],[129.260093,35.308281],[129.259941,35.308085],[129.259798,35.307831],[129.259682,35.307582],[129.259611,35.307225],[129.259507,35.307106],[129.259375,35.306995],[129.259306,35.306756],[129.259218,35.306645],[129.259996,35.306193],[129.260222,35.305886],[129.259953,35.305451],[129.259819,35.305524],[129.260023,35.305819],[129.259831,35.306065],[129.259273,35.306422],[129.258866,35.306651],[129.25882,35.306608],[129.258837,35.306569],[129.258095,35.305943],[129.257932,35.305779],[129.257877,35.305684],[129.257861,35.30554],[129.257883,35.305241],[129.257919,35.305228],[129.258183,35.305503],[129.258247,35.305456],[129.257991,35.305162],[129.257959,35.305083],[129.258166,35.304626],[129.258337,35.304367],[129.258507,35.303804],[129.258774,35.303319],[129.258933,35.303155],[129.259139,35.303021],[129.259292,35.30315],[129.25944,35.303065],[129.259751,35.303387],[129.25996,35.303231],[129.259627,35.302914],[129.259917,35.302712],[129.260405,35.30317],[129.260797,35.303702],[129.261189,35.304299],[129.261296,35.304271],[129.261347,35.304831],[129.261304,35.305158],[129.261483,35.305177],[129.261459,35.304343],[129.261508,35.304273],[129.261508,35.304207],[129.260585,35.303091],[129.260358,35.302616],[129.260289,35.3023],[129.260171,35.302096],[129.259939,35.301635],[129.259652,35.301165],[129.259601,35.300854],[129.259635,35.300325],[129.259851,35.299842],[129.259901,35.299648],[129.259857,35.299643],[129.259838,35.299395],[129.259875,35.29936],[129.26047,35.299062],[129.260522,35.298299],[129.260634,35.29789],[129.260955,35.29794],[129.261005,35.297776],[129.261559,35.297898],[129.262383,35.298907],[129.262448,35.298879],[129.262766,35.299278],[129.262634,35.299573],[129.262563,35.299557],[129.262523,35.299658],[129.262729,35.299722],[129.262946,35.299211],[129.262443,35.298585],[129.262023,35.298118],[129.261946,35.298139],[129.26172,35.297872],[129.261593,35.297793],[129.26163,35.297722],[129.261675,35.297676],[129.261717,35.297685],[129.261801,35.297494],[129.261684,35.297455],[129.261579,35.297618],[129.260931,35.297478],[129.260814,35.297374],[129.26111,35.296943],[129.261844,35.29726],[129.261932,35.296982],[129.261789,35.296824],[129.261605,35.296707],[129.261298,35.296683],[129.261177,35.296584],[129.261033,35.296272],[129.260939,35.296023],[129.260966,35.295992],[129.260824,35.295681],[129.260799,35.295381],[129.260907,35.29516],[129.260824,35.295079],[129.260821,35.294985],[129.260829,35.294826],[129.260964,35.294588],[129.261059,35.294424],[129.261022,35.294284],[129.260826,35.294116],[129.260832,35.294015],[129.260982,35.293866],[129.26113,35.293912],[129.261103,35.293842],[129.260978,35.293774],[129.260698,35.293562],[129.260572,35.293398],[129.260877,35.293534],[129.261137,35.293652],[129.261087,35.293553],[129.260955,35.29347],[129.260888,35.29339],[129.260617,35.29333],[129.260556,35.293275],[129.260539,35.293174],[129.260446,35.293097],[129.260518,35.29303],[129.260501,35.292934],[129.260426,35.292807],[129.260293,35.29274],[129.260256,35.292478],[129.260372,35.292304],[129.260519,35.292357],[129.260514,35.292278],[129.260411,35.292227],[129.260493,35.291969],[129.260693,35.291789],[129.260432,35.291618],[129.260191,35.291406],[129.260073,35.291198],[129.260082,35.291007],[129.260054,35.290867],[129.259955,35.290744],[129.259853,35.290707],[129.25987,35.290611],[129.259772,35.290481],[129.259206,35.290118],[129.258658,35.28968],[129.258648,35.289564],[129.259099,35.289122],[129.259198,35.289102],[129.259252,35.288972],[129.259204,35.288883],[129.259104,35.28886],[129.259027,35.28887],[129.258958,35.288947],[129.259015,35.289007],[129.258791,35.28924],[129.258683,35.28917],[129.258223,35.2896],[129.258193,35.289589],[129.258091,35.289623],[129.257936,35.289498],[129.257822,35.289457],[129.257588,35.289343],[129.257427,35.289173],[129.257326,35.289011],[129.257224,35.288794],[129.257176,35.288575],[129.257215,35.288284],[129.257317,35.288297],[129.257583,35.28772],[129.257663,35.287766],[129.25796,35.287359],[129.258828,35.287374],[129.25882,35.287265],[129.25893,35.287263],[129.258937,35.287417],[129.258897,35.287492],[129.258813,35.288231],[129.25871,35.288267],[129.258682,35.28835],[129.258732,35.288433],[129.25882,35.288457],[129.258917,35.28845],[129.259017,35.288362],[129.259009,35.288253],[129.259214,35.287495],[129.259155,35.287406],[129.259225,35.287235],[129.259131,35.286923],[129.259048,35.286677],[129.258619,35.286226],[129.258496,35.286145],[129.258453,35.286083],[129.258469,35.286002],[129.258549,35.285864],[129.258762,35.285581],[129.258847,35.284777],[129.258954,35.284599],[129.259062,35.284417],[129.259507,35.283929],[129.259924,35.283555],[129.260032,35.283535],[129.260149,35.283565],[129.260236,35.283263],[129.260317,35.283219],[129.260202,35.283118],[129.26004,35.282935],[129.259849,35.28276],[129.259495,35.282625],[129.259405,35.282506],[129.259323,35.282464],[129.259242,35.282313],[129.259142,35.282373],[129.258659,35.282279],[129.258651,35.281732],[129.258693,35.281718],[129.25869,35.281679],[129.258666,35.281637],[129.258599,35.281631],[129.25856,35.281674],[129.258572,35.281738],[129.258569,35.28228],[129.258366,35.282288],[129.258379,35.282538],[129.25759,35.282366],[129.257115,35.282254],[129.256698,35.281984],[129.256186,35.281318],[129.255923,35.280932],[129.255711,35.28038],[129.255595,35.279899],[129.255464,35.279711],[129.255554,35.279464],[129.255689,35.279284],[129.255549,35.278332],[129.255383,35.278143],[129.255509,35.277931],[129.255527,35.277669],[129.255482,35.277335],[129.255626,35.277126],[129.25545,35.27683],[129.25529,35.2767],[129.25514,35.27658],[129.25514,35.27632],[129.255333,35.275696],[129.255661,35.275416],[129.255661,35.274976],[129.255453,35.274458],[129.254535,35.273547],[129.254418,35.273161],[129.253995,35.272576],[129.253769,35.272341],[129.253586,35.27179],[129.253048,35.27127],[129.252833,35.271155],[129.252407,35.271156],[129.252077,35.270853],[129.251636,35.270868],[129.251441,35.270965],[129.25136,35.27118],[129.2512,35.27132],[129.250562,35.271764],[129.250215,35.271818],[129.24997,35.2717],[129.249829,35.271463],[129.249609,35.27172],[129.249141,35.271702],[129.249017,35.271548],[129.248917,35.271663],[129.24865,35.271682],[129.24863,35.271994],[129.248337,35.271994],[129.248374,35.271881],[129.247751,35.271624],[129.247028,35.271845],[129.246772,35.270899],[129.246792,35.269681],[129.246599,35.269674],[129.24657,35.270848],[129.246412,35.270866],[129.246838,35.272292],[129.24634,35.272384],[129.246136,35.272317],[129.245692,35.272232],[129.244557,35.271342],[129.2441,35.270609],[129.243823,35.270659],[129.243633,35.270187],[129.243487,35.269528],[129.24353,35.269207],[129.24368,35.268912],[129.243902,35.268645],[129.244405,35.267957],[129.244425,35.267928],[129.244437,35.267894],[129.244438,35.267856],[129.244434,35.267832],[129.244399,35.267807],[129.244355,35.267786],[129.244314,35.267751],[129.244299,35.267704],[129.244253,35.26755],[129.244173,35.267263],[129.24417,35.267031],[129.244139,35.266636],[129.244231,35.266295],[129.24384,35.266043],[129.243613,35.26604],[129.243359,35.265788],[129.243325,35.265383],[129.243442,35.264821],[129.243292,35.264598],[129.243115,35.264521],[129.243084,35.26358],[129.242846,35.263563],[129.242844,35.264002],[129.242958,35.264084],[129.242986,35.264624],[129.242288,35.264911],[129.241793,35.265088],[129.241493,35.265125],[129.241235,35.265113],[129.240993,35.265056],[129.240841,35.264995],[129.240701,35.264866],[129.240568,35.264719],[129.240342,35.264428],[129.240255,35.26441],[129.240181,35.264154],[129.240247,35.264138],[129.240063,35.263491],[129.240035,35.263459],[129.239426,35.263144],[129.2389,35.26314],[129.238902,35.263267],[129.239376,35.263267],[129.239888,35.263542],[129.240109,35.264349],[129.239935,35.264379],[129.240005,35.264643],[129.239935,35.264743],[129.239378,35.264793],[129.239056,35.264757],[129.238577,35.264708],[129.238382,35.264616],[129.237824,35.264302],[129.237696,35.264184],[129.23742,35.263652],[129.237255,35.263678],[129.237458,35.264085],[129.237191,35.264364],[129.237384,35.264466],[129.237242,35.264786],[129.23715,35.264838],[129.236611,35.264869],[129.236019,35.264893],[129.235905,35.264875],[129.235579,35.26471],[129.235296,35.264572],[129.235835,35.263757],[129.235761,35.263681],[129.23543,35.264178],[129.235018,35.263914],[129.234678,35.263587],[129.234274,35.263065],[129.234129,35.262669],[129.233973,35.262192],[129.233901,35.261854],[129.233883,35.261615],[129.233889,35.261382],[129.233912,35.261158],[129.233933,35.260953],[129.233985,35.260661],[129.23404,35.260385],[129.234085,35.260118],[129.234588,35.259135],[129.235067,35.25849],[129.235568,35.258086],[129.236398,35.257724],[129.23698,35.25816],[129.237445,35.258175],[129.237643,35.25814],[129.237901,35.257859],[129.238238,35.257654],[129.238862,35.257403],[129.239172,35.257339],[129.239596,35.257376],[129.240096,35.257756],[129.240769,35.258196],[129.240685,35.258209],[129.240731,35.258436],[129.241011,35.258542],[129.241389,35.258988],[129.241873,35.259264],[129.241951,35.259144],[129.242672,35.259082],[129.243378,35.259357],[129.243497,35.259672],[129.24338,35.259803],[129.243829,35.260038],[129.244729,35.259764],[129.24544,35.26024],[129.24561,35.260116],[129.244873,35.259577],[129.245175,35.25813],[129.245876,35.25798],[129.246531,35.258241],[129.247169,35.259158],[129.247774,35.259617],[129.246802,35.261044],[129.245999,35.26106],[129.24598,35.261201],[129.246994,35.261254],[129.248191,35.259463],[129.248615,35.259497],[129.248701,35.259671],[129.248811,35.259672],[129.248774,35.25951],[129.249198,35.259523],[129.249464,35.259611],[129.249815,35.259609],[129.24972,35.259483],[129.249878,35.259252],[129.250238,35.25922],[129.250337,35.258877],[129.250576,35.258825],[129.250943,35.259048],[129.251033,35.25925],[129.250882,35.259344],[129.250926,35.259891],[129.251399,35.260228],[129.251611,35.260207],[129.251805,35.26026],[129.252129,35.260252],[129.252166,35.260048],[129.251946,35.259947],[129.25198,35.259772],[129.252438,35.259865],[129.252525,35.259602],[129.252658,35.25925],[129.252492,35.258943],[129.252151,35.258877],[129.251984,35.258661],[129.252083,35.258327],[129.251966,35.258136],[129.251948,35.257949],[129.252211,35.257804],[129.252132,35.257656],[129.251947,35.257693],[129.251979,35.257394],[129.252194,35.257207],[129.252435,35.257281],[129.252873,35.257077],[129.252998,35.256898],[129.253241,35.256925],[129.253472,35.256758],[129.253376,35.256469],[129.253152,35.256433],[129.252919,35.256303],[129.252543,35.256294],[129.252232,35.256217],[129.252023,35.256016],[129.251889,35.255541],[129.251934,35.254954],[129.25225,35.25448],[129.252578,35.254373],[129.252502,35.25403],[129.252448,35.253714],[129.25256,35.2532],[129.25256,35.25294],[129.252705,35.252632],[129.252901,35.252522],[129.252648,35.252269],[129.252644,35.251955],[129.252864,35.251499],[129.252973,35.251218],[129.253282,35.250322],[129.253346,35.250304],[129.253386,35.250286],[129.253393,35.250279],[129.253399,35.25027],[129.253403,35.250258],[129.253403,35.250238],[129.253401,35.250222],[129.253395,35.250206],[129.253385,35.250191],[129.253368,35.250173],[129.253357,35.250166],[129.253337,35.250156],[129.253308,35.250145],[129.253221,35.250126],[129.253204,35.25],[129.25326,35.249886],[129.253273,35.249098],[129.253194,35.248809],[129.25301,35.24857],[129.252953,35.247802],[129.253035,35.246994],[129.253129,35.246734],[129.253476,35.246681],[129.253479,35.246439],[129.253234,35.246274],[129.25317,35.24599],[129.252788,35.246086],[129.252755,35.245812],[129.25269,35.24561],[129.252298,35.245663],[129.252186,35.245442],[129.25235,35.245374],[129.252451,35.245315],[129.25243,35.245249],[129.252194,35.24513],[129.252091,35.244974],[129.252001,35.244981],[129.251995,35.245144],[129.251813,35.245115],[129.251896,35.244777],[129.251713,35.24486],[129.251566,35.244791],[129.251588,35.24461],[129.251433,35.244532],[129.250924,35.244349],[129.250586,35.244296],[129.249695,35.244416],[129.24955,35.244736],[129.249369,35.244484],[129.249058,35.244564],[129.248718,35.244738],[129.248626,35.244967],[129.248664,35.245219],[129.248029,35.245193],[129.247889,35.245296],[129.247826,35.245363],[129.247827,35.245525],[129.248003,35.24555],[129.247853,35.245728],[129.247768,35.245746],[129.247604,35.245735],[129.247382,35.245947],[129.246656,35.2457],[129.246523,35.245565],[129.24673,35.245094],[129.246554,35.245118],[129.246621,35.244982],[129.246804,35.244856],[129.246839,35.244391],[129.246713,35.244276],[129.24624,35.244103],[129.245982,35.243951],[129.24571,35.243913],[129.24541,35.244016],[129.24533,35.243867],[129.245204,35.243924],[129.244818,35.243745],[129.24473,35.243676],[129.245102,35.243511],[129.245446,35.243438],[129.245476,35.243414],[129.245272,35.243411],[129.24505,35.243469],[129.244765,35.243456],[129.244748,35.243236],[129.244916,35.242679],[129.244972,35.242585],[129.2451,35.242441],[129.245301,35.242253],[129.245469,35.242116],[129.245671,35.242015],[129.245828,35.241974],[129.246105,35.241937],[129.246259,35.241936],[129.246155,35.242446],[129.246698,35.242546],[129.246688,35.242603],[129.247324,35.242874],[129.24746,35.243144],[129.247566,35.243111],[129.24792,35.243788],[129.247953,35.243849],[129.247888,35.243898],[129.247941,35.243957],[129.24803,35.24396],[129.248113,35.243946],[129.248164,35.243899],[129.248192,35.24384],[129.248123,35.243714],[129.247752,35.243081],[129.247606,35.242802],[129.247638,35.242701],[129.247513,35.242528],[129.247454,35.242457],[129.24735,35.242412],[129.247334,35.242341],[129.247339,35.242251],[129.247503,35.241718],[129.247545,35.241633],[129.247569,35.24161],[129.247608,35.241565],[129.247747,35.241496],[129.2482,35.241256],[129.248313,35.241162],[129.248614,35.241261],[129.248697,35.241283],[129.248776,35.241273],[129.248796,35.241243],[129.248824,35.24119],[129.248841,35.241116],[129.248847,35.241096],[129.24884,35.241067],[129.248819,35.241049],[129.248818,35.241019],[129.248746,35.240976],[129.248444,35.240805],[129.248431,35.240679],[129.248411,35.240568],[129.248396,35.240515],[129.248473,35.240482],[129.248531,35.240472],[129.248546,35.240469],[129.248555,35.240465],[129.248559,35.240462],[129.248567,35.240454],[129.248571,35.240448],[129.248573,35.240445],[129.248574,35.240443],[129.248574,35.240435],[129.248573,35.240428],[129.24857,35.240417],[129.248556,35.240388],[129.248553,35.240385],[129.24855,35.240383],[129.248547,35.240381],[129.248541,35.240378],[129.248535,35.240377],[129.248502,35.240376],[129.248566,35.24035],[129.248607,35.240343],[129.248611,35.240315],[129.248585,35.240287],[129.248579,35.240183],[129.248507,35.240179],[129.248354,35.239919],[129.248322,35.239849],[129.248299,35.239863],[129.248283,35.239881],[129.248275,35.239891],[129.248268,35.239902],[129.248265,35.239908],[129.248262,35.239916],[129.248259,35.239927],[129.248268,35.240003],[129.247803,35.239635],[129.247877,35.239464],[129.247584,35.239367],[129.247522,35.239236],[129.247412,35.239201],[129.24736,35.239424],[129.247211,35.239394],[129.247286,35.239197],[129.247038,35.239194],[129.246688,35.239141],[129.246631,35.239118],[129.246597,35.239102],[129.246552,35.239076],[129.246499,35.239036],[129.246478,35.239015],[129.246432,35.238963],[129.246403,35.238922],[129.246386,35.23889],[129.24638,35.238856],[129.246387,35.238702],[129.246402,35.238593],[129.246489,35.238469],[129.246487,35.238441],[129.246472,35.238407],[129.246451,35.238387],[129.246316,35.238318],[129.246316,35.238295],[129.24635,35.238274],[129.246397,35.238271],[129.246408,35.238267],[129.246413,35.238265],[129.246417,35.238262],[129.24642,35.238258],[129.246421,35.238248],[129.246421,35.238221],[129.246361,35.238194],[129.246394,35.238166],[129.246427,35.237989],[129.246452,35.237931],[129.24646,35.237851],[129.24632,35.237658],[129.246201,35.237592],[129.245929,35.237503],[129.245789,35.237474],[129.245511,35.237505],[129.24496,35.23723],[129.244853,35.23737],[129.245303,35.237599],[129.245168,35.237785],[129.245126,35.237765],[129.244852,35.238132],[129.24407,35.237997],[129.243878,35.237833],[129.243925,35.23756],[129.243822,35.237552],[129.243814,35.237892],[129.243586,35.238393],[129.243092,35.238352],[129.243045,35.238268],[129.243089,35.238171],[129.243134,35.238174],[129.243174,35.238068],[129.243197,35.237987],[129.243212,35.237892],[129.243213,35.237805],[129.243195,35.237676],[129.24317,35.237604],[129.24311,35.23751],[129.242989,35.237288],[129.242936,35.237201],[129.242923,35.237131],[129.242921,35.23705],[129.242942,35.236969],[129.242977,35.236859],[129.243047,35.236713],[129.24314,35.236701],[129.243414,35.236762],[129.243505,35.236656],[129.243446,35.236504],[129.243569,35.236275],[129.24345,35.23604],[129.243765,35.235985],[129.243826,35.235885],[129.243834,35.235767],[129.243752,35.235772],[129.243564,35.235837],[129.24369,35.235741],[129.24364,35.235562],[129.243821,35.235071],[129.244312,35.234855],[129.244698,35.234609],[129.245116,35.234217],[129.245275,35.233857],[129.245294,35.233352],[129.24513,35.23278],[129.244719,35.232808],[129.244432,35.232594],[129.244351,35.232369],[129.24436,35.231774],[129.244509,35.231451],[129.244702,35.231467],[129.244778,35.231208],[129.245547,35.231178],[129.245632,35.230916],[129.245518,35.230637],[129.245298,35.230502],[129.244533,35.230377],[129.244441,35.230543],[129.24381,35.230507],[129.243652,35.230409],[129.24348,35.230331],[129.243516,35.230177],[129.243427,35.230039],[129.243628,35.229782],[129.243399,35.229686],[129.243305,35.22983],[129.242867,35.229501],[129.242827,35.229137],[129.242224,35.229237],[129.242069,35.229375],[129.240937,35.229322],[129.240629,35.229181],[129.240588,35.228854],[129.240455,35.228631],[129.240558,35.228365],[129.240737,35.22816],[129.240721,35.227918],[129.240336,35.227783],[129.240197,35.227287],[129.23992,35.22707],[129.239774,35.226786],[129.23985,35.226335],[129.240049,35.226258],[129.239966,35.226002],[129.240507,35.225215],[129.240578,35.224675],[129.240536,35.224323],[129.240281,35.224135],[129.23991,35.223811],[129.240151,35.223648],[129.240142,35.223414],[129.239949,35.223269],[129.240192,35.2231],[129.240178,35.222873],[129.240085,35.2228],[129.240117,35.22259],[129.239945,35.222353],[129.239701,35.22234],[129.239424,35.22245],[129.239526,35.222191],[129.239341,35.222033],[129.239305,35.221727],[129.239381,35.221522],[129.239255,35.221195],[129.239044,35.221022],[129.238925,35.221009],[129.238704,35.220782],[129.238446,35.220752],[129.238133,35.220544],[129.237922,35.220495],[129.237561,35.220472],[129.237353,35.220516],[129.236977,35.22061],[129.23663,35.220565],[129.236019,35.22038],[129.234765,35.216284],[129.233446,35.21521],[129.233136,35.215454],[129.233356,35.215644],[129.233419,35.215631],[129.234438,35.216421],[129.234494,35.216535],[129.234334,35.216569],[129.23454,35.217184],[129.234538,35.217531],[129.234654,35.217909],[129.234897,35.217859],[129.235483,35.219673],[129.234257,35.21986],[129.234279,35.219947],[129.230827,35.220479],[129.230174,35.22144],[129.229618,35.221192],[129.229353,35.221591],[129.230609,35.222163],[129.230431,35.224065],[129.229328,35.22438],[129.22732,35.224341],[129.227283,35.224299],[129.227274,35.223491],[129.227519,35.222212],[129.227654,35.221405],[129.227702,35.221323],[129.228439,35.219844],[129.227646,35.219238],[129.228612,35.218306],[129.228604,35.218258],[129.228511,35.218236],[129.228545,35.217959],[129.228019,35.217647],[129.227705,35.217705],[129.227493,35.217732],[129.227275,35.217695],[129.227072,35.217662],[129.22669,35.21735],[129.226449,35.216986],[129.226448,35.216782],[129.226294,35.216809],[129.225956,35.216675],[129.225673,35.216515],[129.225387,35.216214],[129.22512,35.215869],[129.225061,35.215706],[129.225142,35.215578],[129.225223,35.215466],[129.225032,35.214789],[129.224922,35.214717],[129.224846,35.214448],[129.224828,35.214225],[129.224637,35.214273],[129.224654,35.214505],[129.224741,35.214516],[129.224743,35.214707],[129.224367,35.214723],[129.224354,35.214936],[129.223442,35.214602],[129.223572,35.214362],[129.22317,35.214168],[129.22307,35.213905],[129.223122,35.213796],[129.223472,35.213702],[129.223518,35.213714],[129.223596,35.213847],[129.223688,35.213805],[129.223589,35.213646],[129.22344,35.213599],[129.223099,35.213657],[129.22266,35.213664],[129.222414,35.213498],[129.222176,35.213166],[129.222035,35.212809],[129.22203,35.212406],[129.222247,35.212106],[129.222657,35.212064],[129.223223,35.211801],[129.223016,35.210751],[129.222795,35.210349],[129.223276,35.210241],[129.223171,35.209887],[129.223567,35.209331],[129.223749,35.209018],[129.223951,35.208822],[129.224152,35.20872],[129.224546,35.208333],[129.224833,35.207979],[129.225065,35.207591],[129.225311,35.20741],[129.225724,35.207282],[129.226009,35.207243],[129.226183,35.20721],[129.226269,35.207164],[129.226352,35.207072],[129.226551,35.206719],[129.226615,35.20666],[129.226717,35.206623],[129.226819,35.206601],[129.22707,35.20661],[129.227236,35.206357],[129.227067,35.206226],[129.227317,35.205987],[129.227635,35.205884],[129.228031,35.206174],[129.228192,35.206097],[129.228238,35.20582],[129.229026,35.206138],[129.229121,35.205974],[129.228758,35.205432],[129.229006,35.205098],[129.228689,35.204885],[129.228871,35.204602],[129.229223,35.204631],[129.229471,35.204261],[129.23033,35.2039],[129.23035,35.203655],[129.230219,35.203428],[129.230311,35.203114],[129.22987,35.20261],[129.229514,35.202384],[129.229439,35.201946],[129.229842,35.201354],[129.230293,35.200979],[129.230589,35.200941],[129.231227,35.201289],[129.231514,35.201613],[129.231807,35.201464],[129.231787,35.201104],[129.231243,35.200583],[129.230777,35.200665],[129.230382,35.200598],[129.230124,35.199835],[129.229992,35.199075],[129.230091,35.198393],[129.23019,35.197899],[129.230034,35.197428],[129.229778,35.197022],[129.22928,35.196776],[129.229058,35.196682],[129.228803,35.196536],[129.22855,35.196321],[129.228309,35.196267],[129.228164,35.196246],[129.228,35.196293],[129.227578,35.196208],[129.227486,35.195956],[129.226968,35.195024],[129.22672,35.195119],[129.22679,35.195249],[129.226857,35.195225],[129.227366,35.196091],[129.227197,35.196179],[129.227036,35.196008],[129.226933,35.196075],[129.226974,35.196112],[129.227029,35.196076],[129.227194,35.196245],[129.227121,35.196304],[129.226816,35.196442],[129.226501,35.196527],[129.226135,35.196193],[129.225957,35.196372],[129.226004,35.196402],[129.22605,35.196352],[129.226232,35.196493],[129.226397,35.196607],[129.225964,35.196863],[129.225794,35.196887],[129.225465,35.196716],[129.225841,35.196297],[129.225709,35.196222],[129.225622,35.196319],[129.225535,35.19633],[129.225384,35.196369],[129.225218,35.196235],[129.225016,35.195955],[129.224949,35.195852],[129.224995,35.195131],[129.224956,35.194999],[129.224951,35.194913],[129.224771,35.194853],[129.22485,35.194402],[129.224778,35.19409],[129.224923,35.193818],[129.225369,35.193852],[129.225563,35.193501],[129.225471,35.1931],[129.22603,35.192907],[129.225788,35.192604],[129.225754,35.192163],[129.225421,35.191645],[129.22497,35.19144],[129.224833,35.191602],[129.22474,35.191845],[129.224423,35.191868],[129.224082,35.191623],[129.223808,35.191222],[129.223799,35.191017],[129.224062,35.191086],[129.224227,35.190944],[129.224284,35.190731],[129.224226,35.190489],[129.223861,35.190327],[129.22372,35.190099],[129.223359,35.189786],[129.223424,35.189632],[129.223753,35.189498],[129.223761,35.189319],[129.223642,35.189092],[129.223434,35.188845],[129.223274,35.188769],[129.223362,35.188659],[129.223864,35.188885],[129.223913,35.18885],[129.22387,35.188806],[129.223569,35.188654],[129.223552,35.188583],[129.223801,35.188673],[129.223863,35.188677],[129.223853,35.188629],[129.223632,35.188471],[129.223744,35.188435],[129.223929,35.188436],[129.22417,35.188497],[129.224289,35.188338],[129.224175,35.188064],[129.224019,35.187781],[129.223868,35.187481],[129.223664,35.187323],[129.223485,35.186981],[129.223433,35.18673],[129.223481,35.186571],[129.22402,35.18656],[129.224205,35.186808],[129.224351,35.186516],[129.224351,35.186217],[129.224625,35.186286],[129.224766,35.185976],[129.224274,35.185446],[129.223956,35.185609],[129.223559,35.185286],[129.223499,35.184912],[129.22339,35.18477],[129.222716,35.184701],[129.222491,35.185011],[129.221706,35.184488],[129.22176,35.184149],[129.221403,35.184062],[129.220986,35.184194],[129.220649,35.184056],[129.220576,35.183631],[129.220119,35.18345],[129.219633,35.183788],[129.21932,35.18374],[129.21916,35.18387],[129.218711,35.184463],[129.218391,35.184531],[129.218202,35.185138],[129.218174,35.185396],[129.218098,35.185974],[129.217828,35.186317],[129.217515,35.186416],[129.217378,35.186167],[129.217267,35.186452],[129.217373,35.186657],[129.217162,35.186701],[129.217079,35.187259],[129.216713,35.18735],[129.216296,35.18735],[129.215929,35.187157],[129.215794,35.186776],[129.215944,35.186258],[129.21588,35.18606],[129.215775,35.186],[129.215596,35.18606],[129.215593,35.186501],[129.215137,35.186624],[129.214673,35.186619],[129.214382,35.18638],[129.214323,35.186053],[129.214152,35.185957],[129.214064,35.185781],[129.213797,35.185764],[129.21354,35.185547],[129.21333,35.185548],[129.213241,35.185321],[129.213271,35.185102],[129.213598,35.184884],[129.213705,35.184539],[129.213629,35.184331],[129.213646,35.184177],[129.213349,35.183954],[129.213979,35.183399],[129.213899,35.183208],[129.213751,35.18316],[129.213693,35.18318],[129.213645,35.183206],[129.213593,35.183293],[129.213658,35.18333],[129.213664,35.183467],[129.212637,35.184215],[129.21242,35.184022],[129.212186,35.184258],[129.212274,35.184328],[129.212139,35.184521],[129.212005,35.184628],[129.211671,35.184508],[129.211536,35.184401],[129.21144,35.184285],[129.211366,35.184095],[129.211564,35.184061],[129.212078,35.183839],[129.212302,35.183976],[129.212365,35.183946],[129.212102,35.183779],[129.212015,35.183596],[129.21253,35.1832],[129.213187,35.182831],[129.213254,35.182692],[129.213638,35.182727],[129.213986,35.182785],[129.214019,35.182874],[129.21412,35.18289],[129.214184,35.182795],[129.213992,35.182624],[129.213551,35.182575],[129.213231,35.182575],[129.212989,35.182389],[129.212723,35.182114],[129.212507,35.182087],[129.212381,35.182308],[129.212245,35.182339],[129.212074,35.182248],[129.212029,35.181902],[129.212173,35.181768],[129.212367,35.181739],[129.212524,35.181493],[129.212066,35.181153],[129.211795,35.1813],[129.211577,35.181015],[129.211413,35.181109],[129.211533,35.181451],[129.211262,35.181586],[129.210986,35.181302],[129.210753,35.18146],[129.211029,35.181753],[129.211094,35.182143],[129.21105,35.182357],[129.210906,35.182502],[129.210604,35.18258],[129.21004,35.18256],[129.20954,35.18238],[129.208908,35.182077],[129.207886,35.181733],[129.20689,35.181653],[129.206753,35.18161],[129.2065,35.181531],[129.206829,35.18114],[129.207034,35.180944],[129.207144,35.180981],[129.20727,35.180908],[129.207195,35.180809],[129.20704,35.180843],[129.206805,35.180953],[129.20648,35.181353],[129.206278,35.181244],[129.205901,35.180664],[129.205931,35.180486],[129.206579,35.179943],[129.207106,35.180159],[129.207277,35.180315],[129.20746,35.180592],[129.207696,35.180535],[129.207404,35.179997],[129.206411,35.179662],[129.206348,35.17928],[129.206367,35.179145],[129.206501,35.179061],[129.206581,35.178854],[129.206444,35.178761],[129.206308,35.17876],[129.2062,35.178863],[129.206075,35.17859],[129.205948,35.178533],[129.205895,35.178629],[129.205927,35.178734],[129.206036,35.178819],[129.205979,35.178842],[129.205848,35.178769],[129.205751,35.178853],[129.205825,35.178992],[129.205718,35.179083],[129.205575,35.179118],[129.205478,35.179075],[129.205355,35.179087],[129.205185,35.179198],[129.205053,35.179129],[129.204975,35.179242],[129.204929,35.179443],[129.205104,35.17951],[129.205016,35.179725],[129.204998,35.180016],[129.20468,35.180208],[129.204201,35.180347],[129.203705,35.180344],[129.203105,35.180311],[129.202522,35.180152],[129.201527,35.179812],[129.200498,35.179187],[129.199909,35.178706],[129.199149,35.177847],[129.19856,35.17704],[129.197591,35.175166],[129.197803,35.174657],[129.198096,35.174647],[129.198096,35.174091],[129.198267,35.174088],[129.198277,35.174019],[129.197944,35.174015],[129.198049,35.173379],[129.198106,35.173159],[129.198146,35.172931],[129.198258,35.172824],[129.198057,35.172504],[129.197926,35.172458],[129.197921,35.172399],[129.19803,35.172295],[129.198036,35.171778],[129.19806,35.17134],[129.198023,35.171184],[129.197819,35.170954],[129.197658,35.170537],[129.197506,35.169955],[129.197446,35.169761],[129.197688,35.169703],[129.197742,35.169749],[129.197995,35.169681],[129.198205,35.169646],[129.198306,35.169566],[129.198336,35.169444],[129.198139,35.169432],[129.198133,35.169471],[129.198,35.169472],[129.197932,35.169603],[129.19782,35.169591],[129.197432,35.169636],[129.197397,35.169504],[129.197367,35.16917],[129.197776,35.169281],[129.198173,35.169236],[129.198295,35.169223],[129.198295,35.169035],[129.197819,35.169156],[129.197576,35.168822],[129.197486,35.168768],[129.197387,35.168774],[129.19729,35.168498],[129.19749,35.16845],[129.197465,35.168369],[129.197322,35.168198],[129.197239,35.168198],[129.197159,35.168007],[129.196985,35.167611],[129.196821,35.167198],[129.196829,35.166893],[129.196765,35.166608],[129.196926,35.166417],[129.197038,35.166316],[129.196923,35.16608],[129.196875,35.165643],[129.196794,35.164883],[129.196471,35.164287],[129.196446,35.164087],[129.1963,35.163788],[129.1961,35.163584],[129.195728,35.16326],[129.1956,35.163148],[129.195626,35.162937],[129.195299,35.162822],[129.194953,35.162546],[129.194552,35.162361],[129.194436,35.162299],[129.19441,35.162089],[129.194359,35.161962],[129.194289,35.161786],[129.194216,35.161238],[129.19409,35.161133],[129.193956,35.160975],[129.193822,35.160856],[129.193675,35.160701],[129.193457,35.160611],[129.193253,35.160521],[129.193001,35.160446],[129.192843,35.16035],[129.192665,35.160222],[129.192441,35.160035],[129.192265,35.160139],[129.191881,35.160417],[129.190147,35.159935],[129.189856,35.159872],[129.188892,35.159813],[129.188015,35.159784],[129.187608,35.159701],[129.186669,35.159295],[129.186151,35.159058],[129.185979,35.158832],[129.1854,35.158203],[129.184984,35.157547],[129.184853,35.157289],[129.184745,35.157109],[129.184526,35.156624],[129.184275,35.156405],[129.183862,35.156077],[129.183549,35.15583],[129.18326,35.155659],[129.182881,35.15554],[129.182451,35.155279],[129.18202,35.155051],[129.181664,35.154925],[129.18142,35.154841],[129.181366,35.154865],[129.181184,35.154863],[129.18087,35.154775],[129.180537,35.154819],[129.18039,35.154859],[129.180298,35.154861],[129.180019,35.154808],[129.179711,35.15495],[129.179217,35.155017],[129.178533,35.154995],[129.177887,35.154955],[129.177638,35.155069],[129.17752,35.155096],[129.177477,35.155091],[129.177316,35.15505],[129.176801,35.155382],[129.176626,35.155607],[129.176541,35.155648],[129.175942,35.155901],[129.175535,35.156056],[129.173923,35.156598],[129.173404,35.156907],[129.172794,35.157391],[129.172147,35.157551],[129.171845,35.157537],[129.171615,35.157639],[129.171034,35.157507],[129.170991,35.157616],[129.170947,35.157726],[129.171354,35.157799],[129.171633,35.157865],[129.171978,35.15787],[129.17197,35.157947],[129.171712,35.158226],[129.171657,35.158189],[129.171558,35.158293],[129.171317,35.158125],[129.171111,35.158073],[129.170737,35.158394],[129.170629,35.158304],[129.170556,35.158364],[129.170485,35.158421],[129.170615,35.158515],[129.17017,35.158897],[129.169986,35.158966],[129.169861,35.158911],[129.169012,35.158298],[129.16892,35.158375],[129.169222,35.158628],[129.16904,35.158792],[129.168531,35.158904],[129.167785,35.158897],[129.16639,35.158878],[129.165338,35.158731],[129.163137,35.158519],[129.161084,35.158102],[129.159004,35.157602],[129.157119,35.156971],[129.155799,35.156424],[129.154904,35.155879],[129.154773,35.155678],[129.154702,35.155501],[129.154718,35.155161],[129.154645,35.154936],[129.154524,35.154787],[129.154347,35.154637],[129.154156,35.154555],[129.154112,35.154519],[129.154037,35.154472],[129.153965,35.154418],[129.153904,35.154376],[129.153748,35.154245],[129.153612,35.154098],[129.153521,35.154024],[129.153511,35.153961],[129.153521,35.153901],[129.153546,35.15385],[129.153606,35.153759],[129.153549,35.153663],[129.153445,35.153561],[129.153399,35.153429],[129.153339,35.153291],[129.153285,35.153171],[129.153222,35.153122],[129.153176,35.153024],[129.153203,35.152971],[129.153257,35.152911],[129.15332,35.152831],[129.153298,35.152748],[129.153252,35.152601],[129.153195,35.152555],[129.153088,35.15251],[129.152955,35.152443],[129.152961,35.152383],[129.152996,35.152361],[129.153034,35.152272],[129.152993,35.152198],[129.152955,35.152111],[129.152884,35.151991],[129.152805,35.151878],[129.152737,35.151846],[129.152588,35.151826],[129.152495,35.151815],[129.152394,35.151813],[129.152299,35.151822],[129.152182,35.151889],[129.152152,35.151951],[129.152116,35.152027],[129.152046,35.152062],[129.151879,35.15198],[129.151741,35.151866],[129.151627,35.151803],[129.151275,35.151952],[129.150852,35.15194],[129.150548,35.151844],[129.150231,35.152024],[129.150032,35.152338],[129.150034,35.152712],[129.149922,35.152868],[129.15009,35.152984],[129.150404,35.153573],[129.150396,35.153973],[129.150236,35.154337],[129.149977,35.15435],[129.149883,35.154399],[129.14988,35.154657],[129.150447,35.154698],[129.150466,35.154934],[129.150624,35.154916],[129.15097,35.156084],[129.151059,35.156067],[129.151166,35.156485],[129.151186,35.156562],[129.151491,35.156734],[129.151511,35.156709],[129.151629,35.15676],[129.152645,35.157341],[129.152805,35.157432],[129.153457,35.157802],[129.153373,35.157895],[129.153252,35.158029],[129.15264,35.157684],[129.151319,35.157323],[129.151334,35.157274],[129.150516,35.157061],[129.150564,35.156936],[129.15048,35.156919],[129.150427,35.156982],[129.150274,35.156948],[129.150237,35.157],[129.149178,35.156752],[129.148733,35.156593],[129.148777,35.156504],[129.148537,35.156393],[129.14846,35.156479],[129.14804,35.156224],[129.147689,35.155819],[129.147436,35.154575],[129.147549,35.154334],[129.147908,35.154469],[129.147948,35.154462],[129.147974,35.15444],[129.148006,35.154398],[129.148009,35.154362],[129.14799,35.154334],[129.147408,35.154104],[129.147323,35.153801],[129.147233,35.153656],[129.147104,35.153534],[129.146962,35.153456],[129.146774,35.153395],[129.146548,35.153365],[129.14633,35.153371],[129.142414,35.154497],[129.142245,35.15457],[129.142079,35.154657],[129.141897,35.15478],[129.141735,35.154922],[129.141565,35.155096],[129.14141,35.155298],[129.141301,35.155506],[129.141196,35.155732],[129.141059,35.156113],[129.140844,35.156562],[129.140562,35.157028],[129.140086,35.157445],[129.139355,35.157418],[129.139277,35.157454],[129.139284,35.157524],[129.139325,35.157569],[129.140175,35.157612],[129.140687,35.157174],[129.142014,35.158196],[129.142045,35.158574],[129.141787,35.1588],[129.141447,35.159097],[129.141114,35.159388],[129.140758,35.159699],[129.140378,35.159711],[129.140342,35.159738],[129.140262,35.15974],[129.140175,35.159805],[129.140183,35.159878],[129.140151,35.159905],[129.140164,35.160199],[129.140165,35.160218],[129.139875,35.160471],[129.139575,35.160731],[129.139271,35.160996],[129.138877,35.161339],[129.138414,35.161349],[129.137067,35.160316],[129.138292,35.159249],[129.138306,35.159032],[129.13824,35.158962],[129.138145,35.158965],[129.13807,35.15903],[129.138036,35.159269],[129.135855,35.161127],[129.13532,35.161583],[129.134923,35.161512],[129.134874,35.161552],[129.134884,35.161604],[129.135249,35.16167],[129.13518,35.161713],[129.135171,35.161757],[129.135223,35.161765],[129.135747,35.161444],[129.136557,35.162045],[129.135805,35.162704],[129.134385,35.162292],[129.134853,35.161996],[129.134843,35.161951],[129.134794,35.161943],[129.134676,35.162006],[129.134647,35.161911],[129.134609,35.161891],[129.134587,35.161915],[129.134618,35.162054],[129.132982,35.163153],[129.132815,35.163267],[129.132755,35.163223],[129.13264,35.163235],[129.127683,35.166128],[129.127621,35.166189],[129.127218,35.166645],[129.127204,35.166658],[129.126673,35.167616],[129.126332,35.168232],[129.126168,35.168393],[129.126117,35.168471],[129.125772,35.169022],[129.125581,35.169405],[129.124996,35.170319],[129.12447,35.171139],[129.123893,35.172106],[129.122845,35.173919],[129.121454,35.175104],[129.121124,35.175208],[129.120871,35.175462],[129.120719,35.175658],[129.120563,35.175887],[129.120389,35.176283],[129.120155,35.176922],[129.120072,35.177231],[129.119857,35.178136],[129.119734,35.178754],[129.119554,35.179519],[129.119421,35.180134],[129.119435,35.180205],[129.119443,35.180225],[129.119457,35.180238],[129.119554,35.180285],[129.119563,35.180292],[129.119566,35.180302],[129.119542,35.180402],[129.119533,35.180412],[129.119516,35.180415],[129.119487,35.180405],[129.119462,35.180391],[129.119431,35.180373],[129.119373,35.180352],[129.119358,35.180352],[129.119342,35.180358],[129.119321,35.180373],[129.119273,35.180436],[129.119242,35.180514],[129.119203,35.180614],[129.11893,35.181681],[129.118809,35.182038],[129.117942,35.184057],[129.117636,35.185011],[129.117088,35.186279],[129.116845,35.186783],[129.11646,35.18775],[129.115795,35.189576],[129.115708,35.189837],[129.115236,35.191268],[129.114852,35.192459],[129.11464,35.193114],[129.114612,35.193313],[129.11458,35.19373],[129.114569,35.193885],[129.113739,35.194076],[129.113938,35.192746],[129.114055,35.192313],[129.114232,35.191672],[129.11489,35.189297],[129.114715,35.189301],[129.114934,35.18848],[129.115124,35.188378],[129.115206,35.188133],[129.11558,35.186678],[129.116254,35.185007],[129.116543,35.18429],[129.116578,35.18421],[129.116693,35.183953],[129.116968,35.183338],[129.117571,35.181986],[129.117623,35.181792],[129.11777,35.18125],[129.117915,35.179552],[129.118111,35.177266],[129.118126,35.177098],[129.11819,35.176783],[129.118532,35.175993],[129.11874,35.175512],[129.118968,35.175178],[129.119746,35.174432],[129.120043,35.174099],[129.120055,35.174085],[129.120704,35.173324],[129.120899,35.173094],[129.121089,35.172871],[129.12201,35.171398],[129.122073,35.171295],[129.1224,35.170751],[129.122488,35.170604],[129.123013,35.169719],[129.123078,35.169622],[129.123442,35.169021],[129.125179,35.166069],[129.125219,35.166019],[129.125268,35.165981],[129.125376,35.165954],[129.125453,35.165962],[129.125573,35.165985],[129.125635,35.165995],[129.125672,35.165992],[129.125735,35.165953],[129.125761,35.16593],[129.125855,35.165765],[129.125979,35.165552],[129.125995,35.165532],[129.126016,35.165515],[129.126057,35.165492],[129.126743,35.165162],[129.128552,35.164166],[129.130097,35.162454],[129.130903,35.16127],[129.13106,35.161077],[129.131128,35.160992],[129.134665,35.157094],[129.134863,35.156897],[129.134941,35.156805],[129.135113,35.15668],[129.135149,35.156591],[129.135244,35.156356],[129.135272,35.156244],[129.135287,35.156089],[129.135333,35.155836],[129.135356,35.155667],[129.135106,35.155156],[129.134673,35.154789],[129.134217,35.154613],[129.132484,35.154247],[129.132409,35.154449],[129.132367,35.154438],[129.132436,35.154237],[129.131282,35.153996],[129.131329,35.153863],[129.131239,35.153833],[129.131293,35.153706],[129.129953,35.15316],[129.129936,35.153157],[129.129919,35.153159],[129.129904,35.153166],[129.129892,35.153177],[129.129885,35.15319],[129.129883,35.153204],[129.129887,35.153218],[129.129897,35.15323],[129.129882,35.153248],[129.129864,35.153273],[129.131134,35.153796],[129.131077,35.153948],[129.131049,35.154023],[129.130883,35.153983],[129.130876,35.154002],[129.130839,35.153994],[129.130783,35.154155],[129.130798,35.154158],[129.130791,35.154177],[129.130776,35.154174],[129.130726,35.154318],[129.128442,35.153765],[129.127228,35.153456],[129.127345,35.153128],[129.129289,35.152724],[129.129294,35.152742],[129.129303,35.152795],[129.129372,35.152783],[129.129373,35.15271],[129.129353,35.152622],[129.130171,35.152445],[129.13084,35.15263],[129.130839,35.152637],[129.130844,35.152659],[129.130857,35.152679],[129.130878,35.152693],[129.130904,35.152701],[129.130932,35.152702],[129.130958,35.152695],[129.130979,35.152681],[129.130993,35.152661],[129.130999,35.152639],[129.130996,35.152619],[129.130985,35.1526],[129.130968,35.152585],[129.130945,35.152575],[129.13003,35.15231],[129.127168,35.152848],[129.127034,35.152985],[129.12695,35.15326],[129.124415,35.152706],[129.124263,35.152746],[129.124344,35.152971],[129.124225,35.153315],[129.124176,35.153343],[129.124135,35.15338],[129.124112,35.153416],[129.123802,35.154255],[129.123692,35.154505],[129.123191,35.154446],[129.122617,35.154457],[129.12207,35.154393],[129.121577,35.154278],[129.121214,35.154113],[129.120493,35.15379],[129.119656,35.153272],[129.11849,35.152418],[129.11761,35.151578],[129.11688,35.150714],[129.116,35.149576],[129.115666,35.149042],[129.115317,35.148163],[129.115247,35.147813],[129.115211,35.147477],[129.115199,35.146963],[129.115239,35.146436],[129.11532,35.146438],[129.115734,35.146345],[129.116012,35.146293],[129.116577,35.146245],[129.117342,35.146179],[129.117415,35.146191],[129.117587,35.146218],[129.117828,35.146246],[129.117918,35.146134],[129.117938,35.145242],[129.117852,35.145078],[129.117763,35.140429],[129.117816,35.140373],[129.117745,35.139812],[129.117309,35.139677],[129.117145,35.139716],[129.115705,35.139379],[129.115524,35.13932],[129.114154,35.137459],[129.114093,35.13743],[129.114029,35.137434],[129.113784,35.137541],[129.113817,35.137587],[129.114047,35.137492],[129.114077,35.137484],[129.114107,35.137496],[129.114686,35.138352],[129.114631,35.13839],[129.11431,35.138643],[129.113739,35.138105],[129.113485,35.137865],[129.113446,35.137896],[129.111855,35.13639],[129.111855,35.136314],[129.111884,35.136262],[129.111952,35.136217],[129.11204,35.136206],[129.113129,35.136354],[129.114342,35.136531],[129.114364,35.136525],[129.114377,35.136515],[129.114506,35.135967],[129.1145,35.135954],[129.114486,35.135945],[129.112467,35.135595],[129.112085,35.135541],[129.111851,35.135505],[129.111612,35.135457],[129.11138,35.135335],[129.111273,35.135277],[129.111184,35.135233],[129.111076,35.135168],[129.11075,35.134991],[129.110679,35.134951],[129.110618,35.134879],[129.10938,35.133428],[129.109409,35.133409],[129.108926,35.132843],[129.108976,35.132814],[129.109051,35.132769],[129.109163,35.132702],[129.110185,35.133898],[129.11043,35.134185],[129.110734,35.134439],[129.111038,35.13464],[129.111335,35.134784],[129.111617,35.134881],[129.111923,35.134973],[129.112135,35.135039],[129.112272,35.135087],[129.112315,35.135098],[129.11258,35.135071],[129.112855,35.134962],[129.117806,35.132122],[129.117244,35.131449],[129.117663,35.131211],[129.117107,35.13063],[129.117066,35.130542],[129.116913,35.130181],[129.1168,35.130007],[129.116662,35.129845],[129.11651,35.129671],[129.116251,35.129413],[129.115844,35.128971],[129.115541,35.128668],[129.1149,35.127995],[129.11452,35.127609],[129.113961,35.127001],[129.113619,35.126651],[129.113314,35.12633],[129.113242,35.12624],[129.113161,35.126084],[129.112884,35.125338],[129.112764,35.125023],[129.112769,35.124994],[129.112793,35.124985],[129.112807,35.124981],[129.113225,35.125839],[129.113405,35.126191],[129.115348,35.128186],[129.115433,35.128253],[129.1155,35.128281],[129.116493,35.127644],[129.117201,35.128439],[129.117149,35.12925],[129.116727,35.129284],[129.116675,35.129225],[129.11662,35.129266],[129.116694,35.129344],[129.117108,35.129335],[129.117161,35.12941],[129.117239,35.13023],[129.118323,35.131486],[129.118796,35.131227],[129.118889,35.131378],[129.118851,35.131477],[129.119213,35.131495],[129.119674,35.131985],[129.11918,35.132271],[129.118652,35.131715],[129.118323,35.131695],[129.118325,35.131733],[129.118601,35.131773],[129.120524,35.13388],[129.121396,35.134865],[129.121311,35.13535],[129.121512,35.135374],[129.121594,35.134933],[129.121495,35.134776],[129.12093,35.134144],[129.120942,35.134088],[129.120608,35.133681],[129.120756,35.133479],[129.120836,35.133498],[129.121052,35.133183],[129.120966,35.132967],[129.121101,35.132942],[129.121193,35.132899],[129.121144,35.13282],[129.121187,35.132784],[129.121083,35.132484],[129.121048,35.132356],[129.121141,35.132272],[129.121325,35.132391],[129.121622,35.132182],[129.121659,35.13196],[129.121488,35.131837],[129.121609,35.131778],[129.121808,35.131752],[129.121655,35.131503],[129.121686,35.131422],[129.121834,35.131476],[129.121888,35.13127],[129.121745,35.13117],[129.121597,35.131258],[129.121247,35.130771],[129.121341,35.130633],[129.121282,35.130559],[129.121321,35.130435],[129.121706,35.130427],[129.12176,35.130291],[129.121687,35.130146],[129.122096,35.129872],[129.121963,35.129756],[129.122114,35.129676],[129.122165,35.129792],[129.12243,35.129669],[129.122415,35.129548],[129.122305,35.129545],[129.122284,35.129349],[129.122361,35.129297],[129.122263,35.12901],[129.122391,35.128882],[129.122392,35.128723],[129.122232,35.128621],[129.122132,35.128583],[129.122257,35.128348],[129.122434,35.128295],[129.122532,35.128219],[129.123184,35.128187],[129.123189,35.128039],[129.12341,35.127862],[129.122834,35.127677],[129.122584,35.127131],[129.12262,35.126813],[129.122758,35.126469],[129.123087,35.125865],[129.123484,35.125467],[129.123846,35.125299],[129.124002,35.125169],[129.123921,35.125001],[129.124052,35.124651],[129.124211,35.124524],[129.124406,35.12449],[129.124424,35.124288],[129.124223,35.124007],[129.12422,35.12362],[129.124191,35.123151],[129.124421,35.122764],[129.124661,35.122535],[129.125286,35.12252],[129.125472,35.122369],[129.125696,35.122435],[129.125739,35.122291],[129.125582,35.122003],[129.125577,35.121577],[129.126242,35.121209],[129.126772,35.120749],[129.12692,35.120206],[129.127135,35.119754],[129.12751,35.11924],[129.127904,35.119263],[129.128009,35.119126],[129.127869,35.119034],[129.128143,35.119043],[129.128329,35.118796],[129.12867,35.11871],[129.128853,35.118437],[129.129044,35.118183],[129.128886,35.118032],[129.128761,35.118043],[129.128928,35.117762],[129.128409,35.117276],[129.128161,35.117107],[129.128367,35.117031],[129.128396,35.116913],[129.128355,35.116786],[129.127967,35.116573],[129.12767,35.116352],[129.127852,35.116177],[129.127595,35.116047],[129.127634,35.115762],[129.127878,35.115682],[129.128524,35.115238],[129.128525,35.114769],[129.12826,35.114553],[129.127984,35.114411],[129.127745,35.11442],[129.127916,35.114338],[129.127625,35.114153],[129.127691,35.114061],[129.12745,35.113742],[129.127253,35.113455],[129.127343,35.11327],[129.127542,35.113297],[129.127566,35.113133],[129.127462,35.113077],[129.127372,35.112851],[129.12769,35.112614],[129.12796,35.1123],[129.128029,35.111934],[129.128065,35.111295],[129.128068,35.110772],[129.12767,35.110419],[129.12749,35.11025],[129.127607,35.110151],[129.127521,35.109893],[129.12734,35.109782],[129.127512,35.10963],[129.127265,35.109344],[129.127188,35.108958],[129.127358,35.108943],[129.127354,35.108698],[129.126815,35.108414],[129.126759,35.107471],[129.12675,35.107035],[129.126314,35.106529],[129.12577,35.106066],[129.12529,35.10588],[129.125343,35.105641],[129.125073,35.105371],[129.125149,35.104939],[129.124941,35.104845],[129.124742,35.104712],[129.125135,35.104757],[129.125147,35.10467],[129.124554,35.104149],[129.124173,35.104033],[129.123942,35.10385],[129.124581,35.103838],[129.124958,35.103913],[129.124808,35.103615],[129.124907,35.103375],[129.124301,35.103296],[129.12429,35.103088],[129.123962,35.102704],[129.123967,35.102276],[129.123956,35.102258],[129.123669,35.101732],[129.123897,35.101436],[129.124261,35.101292],[129.124535,35.101061],[129.124904,35.100768],[129.124845,35.100654],[129.124735,35.100439],[129.124251,35.100303],[129.124113,35.100193],[129.124135,35.100085],[129.124291,35.100021],[129.124186,35.099935],[129.123975,35.099761],[129.123832,35.09967],[129.123943,35.09955],[129.124194,35.099558],[129.124062,35.099451],[129.124244,35.099488],[129.124119,35.099305],[129.123847,35.099229],[129.123659,35.099309],[129.123583,35.099207],[129.123643,35.099145],[129.12357,35.099068],[129.123612,35.098981],[129.123461,35.098896],[129.123403,35.098937],[129.12345,35.098979],[129.123442,35.099013],[129.12336,35.098997],[129.123335,35.099048],[129.123296,35.099057],[129.123284,35.099121],[129.123346,35.099129],[129.12332,35.099181],[129.123316,35.09932],[129.123452,35.099346],[129.123525,35.099388],[129.123416,35.099514],[129.123278,35.099467],[129.123303,35.09943],[129.122979,35.099276],[129.122915,35.099256],[129.122947,35.099187],[129.122369,35.098921],[129.122272,35.099101],[129.122855,35.099361],[129.122885,35.099306],[129.122941,35.099333],[129.122787,35.099592],[129.122314,35.099874],[129.122017,35.099871],[129.122237,35.099714],[129.121721,35.099425],[129.121044,35.099452],[129.120726,35.099651],[129.120525,35.099595],[129.119899,35.099538],[129.119221,35.099275],[129.118853,35.09935],[129.118497,35.099541],[129.118233,35.099879],[129.118023,35.099883],[129.117505,35.100032],[129.117442,35.100226],[129.117172,35.100385],[129.116921,35.100223],[129.11647,35.100233],[129.11634,35.100147],[129.115903,35.100126],[129.115702,35.099947],[129.115553,35.10007],[129.115483,35.100326],[129.115619,35.100457],[129.115626,35.100625],[129.115225,35.100602],[129.115059,35.100631],[129.115211,35.100887],[129.114936,35.101099],[129.114604,35.101169],[129.114154,35.101382],[129.114167,35.101567],[129.114034,35.101732],[129.114092,35.101883],[129.113921,35.101995],[129.113814,35.102201],[129.113754,35.102171],[129.113592,35.102234],[129.113529,35.102361],[129.11364,35.102528],[129.11372,35.102534],[129.113663,35.102624],[129.113485,35.102622],[129.113495,35.102785],[129.113368,35.102771],[129.113326,35.102789],[129.113386,35.102903],[129.113467,35.10304],[129.113282,35.103029],[129.113228,35.102986],[129.113085,35.103026],[129.11299,35.103172],[129.112284,35.102608],[129.111456,35.10195],[129.110419,35.101125],[129.111942,35.099859],[129.111868,35.099804],[129.113423,35.098512],[129.113569,35.098633],[129.114342,35.097993],[129.111791,35.094466],[129.111771,35.094474],[129.110569,35.092813],[129.109498,35.091329],[129.109297,35.091424],[129.109414,35.091589],[129.109457,35.091567],[129.114007,35.09788],[129.110593,35.100721],[129.110197,35.100406],[129.10987,35.100677],[129.102278,35.094522],[129.105811,35.091582],[129.105849,35.09161],[129.106009,35.091472],[129.105858,35.091351],[129.104958,35.092069],[129.10387,35.09185],[129.103819,35.091837],[129.103499,35.091776],[129.099702,35.091216],[129.09962,35.091224],[129.099545,35.091247],[129.099471,35.091283],[129.099114,35.091494],[129.098085,35.092104],[129.096544,35.093006],[129.095943,35.09335],[129.09564,35.093522],[129.095578,35.093577],[129.095551,35.09362],[129.095546,35.093665],[129.09555,35.093857],[129.095546,35.093893],[129.095537,35.093901],[129.095191,35.093884],[129.095174,35.093889],[129.095165,35.093901],[129.095117,35.094398],[129.09501,35.09541],[129.094916,35.096327],[129.094782,35.097565],[129.094639,35.099217],[129.093742,35.107344],[129.093744,35.107358],[129.093759,35.107368],[129.093866,35.107383],[129.093883,35.107394],[129.093896,35.107411],[129.093812,35.108474],[129.0938,35.1085],[129.093779,35.108518],[129.092933,35.109253],[129.09291,35.109265],[129.092891,35.10927],[129.092532,35.109243],[129.092496,35.109233],[129.092467,35.109211],[129.092448,35.109177],[129.092432,35.109139],[129.092225,35.10872],[129.092039,35.108345],[129.092037,35.108314],[129.092065,35.108288],[129.092918,35.108006],[129.092931,35.107995],[129.092932,35.107977],[129.092741,35.107593],[129.092722,35.107578],[129.092704,35.107575],[129.091319,35.10803],[129.0913,35.10805],[129.091308,35.108078],[129.091683,35.108864],[129.091674,35.108876],[129.091657,35.108879],[129.091122,35.108838],[129.091077,35.108826],[129.091006,35.108775],[129.090989,35.108759],[129.090955,35.108748],[129.090339,35.108716],[129.090325,35.108708],[129.090315,35.108697],[129.090315,35.103622],[129.090306,35.103611],[129.090289,35.103608],[129.088984,35.103603],[129.08824,35.103602],[129.087421,35.103607],[129.086681,35.103612],[129.085865,35.103619],[129.085015,35.103611],[129.084228,35.103603],[129.083442,35.1036],[129.082492,35.103585],[129.08127,35.103584],[129.080341,35.103588],[129.078892,35.103605],[129.076327,35.103602],[129.07502,35.103603],[129.074968,35.103602],[129.074923,35.103609],[129.072584,35.105008],[129.069896,35.106581],[129.067588,35.107935],[129.067577,35.107937],[129.067569,35.107932],[129.067463,35.107803],[129.067388,35.107701],[129.067362,35.107634],[129.067351,35.107583],[129.067353,35.107544],[129.067362,35.107518],[129.06737,35.1075],[129.067368,35.107484],[129.067352,35.107467],[129.067008,35.107158],[129.066997,35.107156],[129.06698,35.107167],[129.066926,35.107203],[129.066906,35.107207],[129.066841,35.107192],[129.066829,35.107193],[129.066396,35.107514],[129.066398,35.107533],[129.06642,35.107566],[129.066919,35.108004],[129.067163,35.108163],[129.066861,35.108307],[129.065978,35.108767],[129.065482,35.109023],[129.065398,35.109063],[129.065322,35.10911],[129.065296,35.109138],[129.065278,35.109167],[129.065262,35.109206],[129.065245,35.109286],[129.065218,35.109366],[129.065189,35.109485],[129.06517,35.109579],[129.065167,35.109628],[129.065185,35.109679],[129.065228,35.109739],[129.065332,35.109863],[129.065566,35.110188],[129.065781,35.110483],[129.065928,35.110668],[129.066104,35.110894],[129.066315,35.111181],[129.066388,35.11128],[129.066458,35.111337],[129.06653,35.11137],[129.066608,35.111389],[129.066659,35.111397],[129.066835,35.111428],[129.066854,35.111326],[129.066718,35.111311],[129.066587,35.111278],[129.06651,35.111243],[129.066469,35.111198],[129.066443,35.111176],[129.065921,35.110467],[129.065299,35.109651],[129.065287,35.109627],[129.065281,35.10961],[129.065283,35.109584],[129.065362,35.109284],[129.065387,35.109221],[129.065392,35.109201],[129.065403,35.109185],[129.065525,35.109112],[129.065595,35.109076],[129.067173,35.108259],[129.067238,35.108226],[129.067567,35.108508],[129.06808,35.10915],[129.068556,35.109771],[129.069451,35.110945],[129.069463,35.110956],[129.06948,35.110956],[129.069543,35.110924],[129.069554,35.110923],[129.069564,35.110926],[129.069772,35.111158],[129.069848,35.11126],[129.069848,35.111269],[129.069843,35.111277],[129.06844,35.111993],[129.068407,35.112017],[129.068391,35.112045],[129.068373,35.112399],[129.068375,35.112425],[129.068386,35.112444],[129.06948,35.113989],[129.0695,35.114002],[129.069529,35.113997],[129.069839,35.113844],[129.069859,35.113845],[129.06988,35.113852],[129.069941,35.113901],[129.069953,35.113907],[129.06997,35.113913],[129.070238,35.114126],[129.070241,35.114134],[129.070241,35.11414],[129.070224,35.114156],[129.07022,35.114165],[129.070221,35.114177],[129.0703,35.114285],[129.070343,35.114346],[129.070377,35.114393],[129.070387,35.114402],[129.070401,35.1144],[129.070449,35.114379],[129.07046,35.114382],[129.070471,35.114388],[129.070973,35.115058],[129.071735,35.116105],[129.071756,35.116119],[129.071781,35.116117],[129.072221,35.115917],[129.072263,35.115912],[129.072315,35.115927],[129.072627,35.116041],[129.073153,35.116372],[129.073173,35.116384],[129.073743,35.116743],[129.073757,35.116755],[129.073756,35.116775],[129.073222,35.118175],[129.072209,35.118776],[129.070971,35.117404],[129.069581,35.118316],[129.071349,35.120341],[129.073087,35.122174],[129.071342,35.122674],[129.070097,35.123121],[129.070034,35.123135],[129.069991,35.123096],[129.069697,35.122781],[129.068733,35.121714],[129.068714,35.121698],[129.068685,35.121704],[129.066935,35.122318],[129.065407,35.122886],[129.065375,35.122903],[129.06538,35.122924],[129.066659,35.125344],[129.066683,35.125384],[129.066676,35.12542],[129.066556,35.125583],[129.06647,35.125731],[129.066395,35.125868],[129.066304,35.126096],[129.066232,35.126304],[129.066178,35.126509],[129.06613,35.127014],[129.066129,35.127029],[129.066052,35.127652],[129.065983,35.128244],[129.066005,35.128248],[129.066302,35.128542],[129.06636,35.128599],[129.066401,35.128801],[129.066461,35.128884],[129.066386,35.128967],[129.06621,35.129138],[129.065858,35.129455],[129.065783,35.129464],[129.065713,35.129465],[129.065647,35.129459],[129.06552,35.129404],[129.065369,35.129305],[129.065344,35.129293],[129.065316,35.129295],[129.065224,35.129328],[129.065026,35.129388],[129.064898,35.129406],[129.06469,35.12942],[129.064296,35.12939],[129.064271,35.129381],[129.064265,35.129364],[129.064305,35.128928],[129.064316,35.128906],[129.064338,35.1289],[129.064526,35.1289],[129.06455,35.128895],[129.06456,35.128887],[129.064595,35.128621],[129.064768,35.12723],[129.064762,35.12719],[129.064744,35.127154],[129.063655,35.126017],[129.060909,35.123147],[129.059846,35.122019],[129.058387,35.120499],[129.05781,35.119872],[129.057633,35.119683],[129.057334,35.119362],[129.056807,35.118824],[129.056691,35.118701],[129.056052,35.118041],[129.056025,35.118033],[129.056,35.118038],[129.052855,35.120107],[129.052346,35.120479],[129.052323,35.120502],[129.052326,35.120517],[129.052358,35.120545],[129.055238,35.122899],[129.055256,35.122928],[129.055265,35.12297],[129.05533,35.125268],[129.055321,35.125302],[129.055312,35.125323],[129.055267,35.125358],[129.054547,35.125823],[129.054503,35.125836],[129.054464,35.125834],[129.052692,35.12571],[129.052645,35.125693],[129.052619,35.125663],[129.052442,35.125327],[129.052441,35.125297],[129.052447,35.125274],[129.052667,35.124997],[129.052664,35.124987],[129.052659,35.124979],[129.050013,35.123551],[129.048652,35.120725],[129.05022,35.11975],[129.0505,35.119576],[129.050193,35.119254],[129.055319,35.11599],[129.054371,35.114995],[129.052882,35.115879],[129.051357,35.11685],[129.050131,35.117631],[129.049286,35.116724],[129.048848,35.116262],[129.048255,35.115617],[129.052501,35.112959],[129.050142,35.110354],[129.049852,35.110534],[129.049964,35.110672],[129.050031,35.110931],[129.050039,35.111198],[129.050002,35.111551],[129.049929,35.111793],[129.049381,35.111657],[129.049461,35.111111],[129.049433,35.11093],[129.049226,35.110484],[129.049037,35.110221],[129.048929,35.110075],[129.048738,35.109882],[129.048844,35.109783],[129.048678,35.109662],[129.048564,35.109771],[129.04836,35.109662],[129.048182,35.109586],[129.047893,35.109497],[129.047699,35.109418],[129.047532,35.109329],[129.047415,35.109244],[129.047221,35.109073],[129.047119,35.108953],[129.047,35.108759],[129.046885,35.108409],[129.046771,35.108216],[129.046648,35.108075],[129.046493,35.107952],[129.046587,35.107832],[129.046407,35.107735],[129.046316,35.107849],[129.04613,35.107783],[129.045954,35.107764],[129.045775,35.107785],[129.045623,35.10783],[129.045466,35.107911],[129.04535,35.108014],[129.045275,35.108126],[129.045233,35.108222],[129.0452,35.108338],[129.045094,35.108367],[129.044369,35.108344],[129.044038,35.107683],[129.044025,35.10712],[129.04406,35.106777],[129.044117,35.106604],[129.044214,35.106417],[129.044334,35.106265],[129.044449,35.106157],[129.044586,35.106054],[129.044768,35.105958],[129.044884,35.10591],[129.045106,35.105849],[129.045372,35.105817],[129.04564,35.105651],[129.04672,35.106821],[129.046709,35.106831],[129.0467,35.106853],[129.046699,35.106876],[129.046708,35.106898],[129.046725,35.106916],[129.046748,35.106929],[129.046775,35.106935],[129.046803,35.106933],[129.046829,35.106924],[129.046849,35.106909],[129.046863,35.106889],[129.046868,35.106867],[129.046864,35.106844],[129.046852,35.106824],[129.046831,35.106808],[129.046826,35.106806],[129.044623,35.104384],[129.044575,35.104413],[129.044585,35.104425],[129.044158,35.104698],[129.044228,35.104768],[129.044258,35.10475],[129.044435,35.104945],[129.04414,35.105129],[129.04412,35.105107],[129.043948,35.105209],[129.043729,35.104988],[129.042629,35.105673],[129.042408,35.105918],[129.042295,35.106197],[129.042403,35.106296],[129.042203,35.106426],[129.041798,35.106227],[129.041883,35.105958],[129.042055,35.105675],[129.041253,35.105355],[129.040948,35.105262],[129.040813,35.105228],[129.04359,35.103464],[129.043613,35.103404],[129.042279,35.101978],[129.041982,35.101681],[129.040822,35.102404],[129.040511,35.1026],[129.039983,35.102935],[129.039529,35.103201],[129.040405,35.104116],[129.040324,35.104164],[129.039567,35.10336],[129.039296,35.103171],[129.039071,35.10306],[129.038802,35.102967],[129.038615,35.102929],[129.038406,35.102899],[129.038275,35.102857],[129.038351,35.101848],[129.038443,35.101855],[129.038464,35.101847],[129.038493,35.10181],[129.038447,35.101681],[129.039948,35.101319],[129.039648,35.100438],[129.039904,35.10038],[129.039788,35.100027],[129.038422,35.100339],[129.03847,35.099489],[129.039417,35.09928],[129.039349,35.099106],[129.038482,35.099302],[129.038522,35.098549],[129.039047,35.098427],[129.038988,35.098253],[129.038461,35.098375],[129.038369,35.098115],[129.03836,35.097969],[129.03833,35.097809],[129.038286,35.097669],[129.038227,35.097531],[129.038071,35.097279],[129.03798,35.097167],[129.037855,35.097039],[129.03776,35.096953],[129.037665,35.096877],[129.037587,35.09682],[129.037518,35.096765],[129.037438,35.096706],[129.037342,35.096649],[129.037254,35.096598],[129.037128,35.096531],[129.036945,35.096467],[129.036666,35.096391],[129.036358,35.096321],[129.03621,35.096283],[129.036031,35.09624],[129.035772,35.096197],[129.03567,35.096199],[129.035672,35.096179],[129.035657,35.096162],[129.035547,35.096134],[129.035426,35.096112],[129.035301,35.096102],[129.035177,35.096104],[129.035061,35.096115],[129.034945,35.096138],[129.034808,35.096177],[129.034644,35.096253],[129.03464,35.096281],[129.034622,35.096277],[129.034618,35.096306],[129.03507,35.096351],[129.035115,35.09639],[129.034676,35.09662],[129.034339,35.096732],[129.03157,35.096467],[129.030867,35.096405],[129.030045,35.096196],[129.029001,35.095983],[129.026526,35.095394],[129.026469,35.095383],[129.025598,35.095166],[129.025233,35.093509],[129.025241,35.093415],[129.025349,35.092994],[129.025446,35.092069],[129.025495,35.092072],[129.025577,35.09142],[129.025682,35.090225],[129.027107,35.090323],[129.027182,35.089607],[129.025766,35.089501],[129.025917,35.087994],[129.027354,35.088091],[129.027424,35.087373],[129.025993,35.087275],[129.026023,35.08686],[129.02613,35.085834],[129.02633,35.085689],[129.030604,35.086007],[129.030625,35.085944],[129.030679,35.085951],[129.030799,35.086016],[129.030755,35.086056],[129.030918,35.086253],[129.031075,35.086302],[129.031158,35.086277],[129.031292,35.086123],[129.031266,35.086003],[129.031146,35.085929],[129.031065,35.085754],[129.031072,35.08541],[129.030995,35.085351],[129.027304,35.085083],[129.027162,35.08504],[129.027069,35.084891],[129.026207,35.081224],[129.026133,35.080931],[129.025872,35.080939],[129.025554,35.080734],[129.025233,35.079213],[129.025337,35.0792],[129.025433,35.079101],[129.025572,35.079089],[129.025555,35.078505],[129.025232,35.078453],[129.025116,35.078304],[129.024547,35.076095],[129.024103,35.076102],[129.024,35.075969],[129.023761,35.075816],[129.02354,35.075773],[129.023259,35.075759],[129.022957,35.075825],[129.022856,35.075918],[129.022842,35.076015],[129.022749,35.076054],[129.022711,35.07607],[129.022701,35.076074],[129.022596,35.076068],[129.022457,35.076169],[129.022298,35.076317],[129.022245,35.076283],[129.022113,35.076347],[129.02195,35.076405],[129.021704,35.076569],[129.021528,35.076743],[129.021636,35.076815],[129.021839,35.076587],[129.022008,35.076505],[129.022092,35.076474],[129.022156,35.076474],[129.022234,35.076484],[129.022301,35.076509],[129.022167,35.076691],[129.022064,35.076807],[129.021995,35.076848],[129.021931,35.076831],[129.021901,35.076786],[129.021769,35.076853],[129.021548,35.076999],[129.021418,35.077029],[129.021298,35.077065],[129.021203,35.076941],[129.021156,35.076959],[129.021183,35.076996],[129.02112,35.077027],[129.020911,35.077064],[129.020559,35.077064],[129.020276,35.077024],[129.019827,35.076891],[129.019297,35.076626],[129.018896,35.076382],[129.018409,35.07603],[129.017971,35.07573],[129.017538,35.075351],[129.017342,35.075124],[129.016989,35.074534],[129.016938,35.074319],[129.016932,35.074166],[129.016946,35.074007],[129.017065,35.073824],[129.017645,35.074019],[129.017652,35.073892],[129.017508,35.073772],[129.017662,35.073449],[129.017834,35.07321],[129.018037,35.07311],[129.018121,35.072926],[129.018176,35.072647],[129.018101,35.072302],[129.018182,35.071941],[129.018344,35.071629],[129.018745,35.071332],[129.018895,35.071392],[129.018981,35.071292],[129.018878,35.071055],[129.019173,35.070586],[129.019307,35.07065],[129.019369,35.070569],[129.019637,35.070688],[129.019687,35.071021],[129.01944,35.071349],[129.019272,35.071346],[129.019248,35.071445],[129.019534,35.071524],[129.019626,35.071439],[129.019899,35.071043],[129.01981,35.070553],[129.019331,35.070279],[129.019541,35.070069],[129.019701,35.070041],[129.019904,35.069826],[129.019931,35.069733],[129.020221,35.069567],[129.020372,35.069536],[129.020619,35.069335],[129.020857,35.06901],[129.020868,35.068818],[129.02075,35.068666],[129.020608,35.068494],[129.020859,35.068172],[129.02081,35.067774],[129.020727,35.067482],[129.02048,35.067233],[129.020277,35.066983],[129.020229,35.066584],[129.02015,35.066451],[129.020252,35.066259],[129.02045,35.066242],[129.020503,35.066114],[129.02088,35.065846],[129.020905,35.065657],[129.020837,35.065502],[129.02075,35.065436],[129.020673,35.065181],[129.020737,35.065011],[129.020715,35.064824],[129.02053,35.064485],[129.021806,35.062846],[129.022051,35.062565],[129.02224,35.06251],[129.022288,35.062149],[129.022425,35.062114],[129.022431,35.061863],[129.022342,35.061747],[129.022172,35.061564],[129.022081,35.061144],[129.021724,35.060804],[129.021514,35.060731],[129.021485,35.060907],[129.021354,35.060886],[129.021179,35.060518],[129.020855,35.060258],[129.020724,35.060306],[129.020628,35.060272],[129.020229,35.060078],[129.019873,35.060033],[129.019748,35.05992],[129.019685,35.059737],[129.01948,35.059616],[129.019237,35.059587],[129.019223,35.05945],[129.018822,35.059299],[129.018725,35.05892],[129.018892,35.058818],[129.018972,35.058614],[129.018729,35.058437],[129.018555,35.058326],[129.018604,35.057967],[129.018471,35.05777],[129.018288,35.05779],[129.018273,35.057567],[129.018213,35.057365],[129.017903,35.057305],[129.017633,35.057169],[129.017191,35.057118],[129.017063,35.057216],[129.016916,35.057133],[129.016723,35.057181],[129.016756,35.057421],[129.016688,35.057386],[129.016518,35.057109],[129.016285,35.057101],[129.01609,35.057112],[129.01579,35.056356],[129.015587,35.056003],[129.015677,35.055949],[129.01561,35.055405],[129.015369,35.055233],[129.015534,35.055099],[129.015429,35.054839],[129.015581,35.054801],[129.016188,35.054601],[129.0163,35.05429],[129.016174,35.053814],[129.0158,35.05333],[129.015341,35.052945],[129.01504,35.052746],[129.014572,35.052645],[129.014212,35.052646],[129.014002,35.052728],[129.013342,35.052667],[129.013203,35.052743],[129.00869,35.050942],[129.008498,35.051239],[129.011673,35.052432],[129.010753,35.05507],[129.010639,35.055155],[129.009369,35.054834],[129.009144,35.0554],[129.010445,35.055722],[129.010479,35.055785],[129.010241,35.056408],[129.009957,35.057254],[129.008611,35.056959],[129.008373,35.057639],[129.0097,35.057979],[129.008838,35.060483],[129.008482,35.060694],[129.008247,35.062497],[129.008289,35.062597],[129.008272,35.062803],[129.011095,35.063029],[129.012018,35.065177],[129.009301,35.065977],[129.005476,35.071101],[129.004225,35.079852],[129.004009,35.081364],[129.005198,35.084459],[129.004814,35.084779],[129.004702,35.084917],[129.004555,35.085073],[129.00434,35.085231],[129.004189,35.085497],[129.004047,35.085509],[129.003842,35.086033],[129.003726,35.086124],[129.00359,35.086175],[129.003198,35.086182],[129.003051,35.086238],[129.002691,35.086157],[129.002593,35.08617],[129.002496,35.086232],[129.002113,35.086158],[129.002212,35.0859],[129.002186,35.085883],[129.002232,35.085721],[129.002292,35.085564],[129.002322,35.085568],[129.002616,35.084706],[129.002605,35.084695],[129.00256,35.084685],[129.002539,35.084641],[129.00252,35.08462],[129.002475,35.084616],[129.001501,35.084847],[129.001196,35.084864],[129.000856,35.084759],[129.000851,35.084712],[129.0009,35.084649],[129.000905,35.084568],[129.00086,35.084508],[129.001095,35.083882],[128.999054,35.083317],[128.999663,35.081673],[129.001682,35.081233],[129.001657,35.08111],[129.001684,35.080916],[129.001618,35.08074],[129.001542,35.080594],[129.001447,35.080462],[129.001217,35.079831],[128.998272,35.08047],[128.997314,35.083036],[128.996575,35.083185],[128.993059,35.08389],[128.992634,35.080091],[128.99295,35.079488],[128.992887,35.079414],[128.993058,35.079072],[128.99319,35.079052],[128.994932,35.075771],[128.994983,35.074578],[128.994625,35.07436],[128.994621,35.074546],[128.993701,35.073814],[128.993697,35.073759],[128.993695,35.073547],[128.993697,35.073442],[128.993517,35.073424],[128.993527,35.073211],[128.993703,35.073223],[128.993714,35.072643],[128.994068,35.072661],[128.994078,35.072544],[128.993555,35.072508],[128.993573,35.072251],[128.994055,35.072287],[128.994256,35.072151],[128.994338,35.07138],[128.995303,35.071395],[128.995322,35.063358],[128.997656,35.057402],[128.998228,35.057533],[128.99842,35.057063],[128.9983,35.057025],[128.998376,35.056823],[128.998458,35.056847],[128.998509,35.056725],[128.998354,35.056683],[128.998386,35.056613],[128.998535,35.056655],[128.998575,35.056572],[128.998367,35.056513],[128.998592,35.056008],[128.998677,35.056025],[128.998888,35.055403],[128.998707,35.055346],[128.998833,35.055022],[128.999028,35.055077],[128.99913,35.05503],[128.999202,35.054971],[128.999242,35.054882],[128.99921,35.054876],[128.999407,35.054384],[128.999335,35.054333],[129.000277,35.051827],[129.000487,35.051329],[129.000517,35.051254],[129.000677,35.050912],[129.000505,35.050888],[129.000708,35.050458],[129.000974,35.050532],[129.001212,35.049837],[129.001118,35.049803],[129.00136,35.049097],[129.000959,35.048982],[129.001235,35.048218],[129.006872,35.049202],[129.00694,35.048984],[129.001415,35.048019],[129.00126,35.047885],[129.000169,35.047712],[129.000518,35.04711],[129.000441,35.046834],[129.000161,35.046661],[128.999761,35.046698],[128.99941,35.046842],[128.999275,35.046898],[128.998824,35.046674],[128.99842,35.046471],[128.998412,35.046146],[128.99848,35.04581],[128.99848,35.0453],[128.99879,35.04504],[128.998899,35.044751],[128.998652,35.044429],[128.998155,35.044418],[128.997957,35.044679],[128.997504,35.044551],[128.997001,35.044714],[128.996882,35.04451],[128.996647,35.04427],[128.996047,35.044504],[128.99598,35.04478],[128.995888,35.04505],[128.995529,35.045248],[128.995012,35.045683],[128.994573,35.045127],[128.994138,35.045321],[128.993892,35.045397],[128.993636,35.045243],[128.993118,35.045174],[128.992471,35.045387],[128.992433,35.04569],[128.992392,35.046156],[128.992265,35.046402],[128.991962,35.046895],[128.992065,35.047053],[128.992197,35.047195],[128.99261,35.047338],[128.992517,35.048059],[128.992535,35.048217],[128.992366,35.048323],[128.992299,35.048439],[128.992116,35.04849],[128.992024,35.048624],[128.992412,35.048698],[128.992415,35.048847],[128.992299,35.049247],[128.992342,35.049331],[128.98861,35.057556],[128.98853,35.057672],[128.988413,35.057925],[128.988184,35.057864],[128.987574,35.057937],[128.987045,35.058048],[128.986677,35.058216],[128.985849,35.058726],[128.984807,35.059495],[128.984528,35.059691],[128.980361,35.05806],[128.980318,35.057892],[128.979858,35.057706],[128.979849,35.057618],[128.979798,35.057538],[128.980593,35.056153],[128.980579,35.056074],[128.9805,35.056024],[128.980071,35.055861],[128.980004,35.055869],[128.979946,35.0559],[128.979902,35.055977],[128.979912,35.056038],[128.97996,35.056074],[128.980024,35.056089],[128.980084,35.056067],[128.980356,35.056165],[128.979483,35.05762],[128.978998,35.057431],[128.978979,35.057458],[128.978095,35.0571],[128.977949,35.057116],[128.97767,35.057075],[128.977374,35.056717],[128.977372,35.056645],[128.977354,35.056078],[128.977268,35.055946],[128.977163,35.055965],[128.977287,35.055553],[128.977239,35.055484],[128.977023,35.055386],[128.976795,35.055384],[128.976385,35.055468],[128.97635,35.055381],[128.976331,35.055395],[128.976331,35.055532],[128.975962,35.055747],[128.975844,35.055786],[128.975891,35.055988],[128.975564,35.056032],[128.975585,35.056621],[128.974659,35.056942],[128.974664,35.056693],[128.97461,35.056693],[128.974595,35.056937],[128.973847,35.056883],[128.973485,35.056793],[128.973567,35.056704],[128.973508,35.056675],[128.973391,35.056802],[128.972778,35.0568],[128.972642,35.056011],[128.972809,35.055972],[128.972819,35.05589],[128.97313,35.05585],[128.97304,35.055334],[128.972512,35.0554],[128.972371,35.054441],[128.973242,35.053545],[128.973627,35.053291],[128.97399,35.053225],[128.974292,35.053251],[128.974651,35.053134],[128.974701,35.053072],[128.974767,35.053202],[128.974876,35.053316],[128.975032,35.053362],[128.975301,35.053292],[128.97529,35.053157],[128.975863,35.052985],[128.975921,35.052837],[128.976253,35.052841],[128.976573,35.052741],[128.978014,35.052826],[128.978064,35.05263],[128.97822,35.052685],[128.978237,35.052941],[128.978581,35.052921],[128.978547,35.053206],[128.978639,35.053229],[128.97878,35.053314],[128.97885,35.053302],[128.978871,35.053229],[128.979014,35.053168],[128.979106,35.05316],[128.979146,35.053262],[128.979203,35.053253],[128.979164,35.052952],[128.979532,35.052923],[128.979701,35.053973],[128.980397,35.053912],[128.980251,35.052855],[128.980471,35.052821],[128.982628,35.05166],[128.983755,35.053112],[128.983752,35.053268],[128.983612,35.053675],[128.983449,35.05371],[128.983363,35.053794],[128.983352,35.053884],[128.983418,35.053975],[128.983565,35.054036],[128.983698,35.053969],[128.983788,35.053873],[128.984014,35.053344],[128.984034,35.053186],[128.984,35.053019],[128.982733,35.05144],[128.982786,35.051341],[128.982317,35.050749],[128.982308,35.050576],[128.982188,35.050059],[128.981824,35.049545],[128.981892,35.048927],[128.981985,35.048468],[128.98216,35.047322],[128.98223,35.0471],[128.98218,35.046786],[128.982247,35.04665],[128.982255,35.046546],[128.982129,35.046442],[128.981769,35.046557],[128.981108,35.046613],[128.980403,35.046942],[128.979933,35.047398],[128.979834,35.048311],[128.978259,35.048024],[128.978183,35.048024],[128.978145,35.048057],[128.97814,35.048085],[128.978154,35.048117],[128.978202,35.048147],[128.978066,35.048514],[128.97665,35.048316],[128.976365,35.047841],[128.976201,35.047714],[128.976,35.047704],[128.975818,35.047807],[128.97556,35.047713],[128.975341,35.047721],[128.975084,35.047481],[128.975025,35.04752],[128.974884,35.047419],[128.974847,35.047433],[128.974823,35.047474],[128.974973,35.047564],[128.974948,35.047608],[128.974931,35.047649],[128.974491,35.048659],[128.974069,35.048749],[128.973441,35.049126],[128.973291,35.049121],[128.973188,35.049155],[128.973094,35.049241],[128.972465,35.049075],[128.972414,35.048993],[128.972362,35.048823],[128.973994,35.047331],[128.974051,35.047304],[128.974123,35.047304],[128.974226,35.047362],[128.97426,35.04735],[128.974273,35.04731],[128.97417,35.047235],[128.974158,35.047195],[128.974165,35.047154],[128.975382,35.046042],[128.975498,35.046058],[128.975616,35.046042],[128.975741,35.045962],[128.975787,35.04591],[128.975981,35.046067],[128.976233,35.046233],[128.976344,35.046239],[128.976364,35.046177],[128.975797,35.045733],[128.975822,35.045575],[128.975741,35.045555],[128.975665,35.045602],[128.97509,35.04623],[128.97478,35.04649],[128.972558,35.048563],[128.972482,35.048547],[128.97222,35.048492],[128.971966,35.048418],[128.971637,35.04827],[128.971319,35.048118],[128.97103,35.04794],[128.97069,35.047709],[128.970607,35.047711],[128.970572,35.047683],[128.97053,35.047651],[128.970543,35.047585],[128.970158,35.046945],[128.970046,35.046642],[128.969839,35.04619],[128.969746,35.045944],[128.969683,35.045694],[128.9696,35.045511],[128.969529,35.045464],[128.969652,35.0452],[128.969952,35.044899],[128.97023,35.044782],[128.970416,35.044684],[128.970604,35.044629],[128.970689,35.044614],[128.970823,35.044574],[128.97091,35.044544],[128.971,35.044478],[128.971074,35.044403],[128.97219,35.043697],[128.972348,35.043681],[128.972374,35.04367],[128.972395,35.043672],[128.972523,35.043643],[128.972568,35.043633],[128.972593,35.0436],[128.972691,35.043529],[128.972715,35.043521],[128.9729,35.043494],[128.972918,35.043514],[128.97294,35.043509],[128.972951,35.043491],[128.973005,35.043495],[128.97314,35.043494],[128.973282,35.043487],[128.973389,35.043478],[128.973443,35.043478],[128.973469,35.043512],[128.973529,35.043516],[128.973547,35.043507],[128.973597,35.043483],[128.97369,35.043458],[128.973796,35.043409],[128.973865,35.043392],[128.973946,35.043361],[128.973983,35.043332],[128.974027,35.043276],[128.974045,35.043253],[128.974088,35.043204],[128.97412,35.04314],[128.974168,35.042991],[128.974305,35.042866],[128.974366,35.042783],[128.97442,35.042764],[128.974451,35.042722],[128.974439,35.042685],[128.974466,35.042652],[128.974554,35.042604],[128.974711,35.042477],[128.974779,35.042451],[128.974835,35.042431],[128.974861,35.042406],[128.974837,35.0424],[128.974861,35.042372],[128.974988,35.042294],[128.975141,35.04224],[128.97518,35.042228],[128.975202,35.042212],[128.975276,35.042195],[128.975434,35.042196],[128.975671,35.042217],[128.97588,35.042179],[128.976044,35.042149],[128.976091,35.042135],[128.976114,35.042143],[128.9762,35.042129],[128.976225,35.042113],[128.976262,35.042099],[128.976286,35.042079],[128.976337,35.04209],[128.97634,35.042114],[128.97636,35.042137],[128.976397,35.042117],[128.976427,35.042115],[128.976463,35.042091],[128.976484,35.042061],[128.976508,35.04204],[128.976572,35.041989],[128.976615,35.041963],[128.976774,35.041872],[128.976783,35.041844],[128.976798,35.041843],[128.976818,35.041848],[128.976833,35.041858],[128.97685,35.041855],[128.976856,35.041841],[128.976841,35.041822],[128.976832,35.041785],[128.976838,35.041774],[128.976856,35.041761],[128.976906,35.041765],[128.976941,35.041745],[128.976975,35.041728],[128.976984,35.041707],[128.977031,35.041688],[128.977198,35.041568],[128.977274,35.041519],[128.977308,35.041446],[128.977339,35.041429],[128.977393,35.041375],[128.97744,35.041351],[128.977445,35.041306],[128.977428,35.041281],[128.977362,35.041255],[128.977366,35.041229],[128.977331,35.041207],[128.977362,35.041189],[128.97742,35.041198],[128.977459,35.041166],[128.977445,35.041138],[128.977473,35.041112],[128.977505,35.041066],[128.977692,35.040991],[128.97791,35.040895],[128.97797,35.040758],[128.97797,35.040725],[128.977988,35.04069],[128.97797,35.040657],[128.97796,35.040613],[128.977942,35.040513],[128.977936,35.040427],[128.977936,35.040376],[128.977969,35.040329],[128.977954,35.040294],[128.977957,35.040277],[128.977983,35.040281],[128.978,35.040279],[128.978026,35.040273],[128.978039,35.040264],[128.978049,35.040247],[128.978034,35.040225],[128.978021,35.040176],[128.977991,35.040147],[128.97798,35.040142],[128.97796,35.04005],[128.977962,35.039975],[128.977962,35.03993],[128.977947,35.039907],[128.977957,35.039871],[128.977929,35.039847],[128.977928,35.039828],[128.977893,35.039794],[128.97783,35.039752],[128.97779,35.039754],[128.977751,35.039775],[128.977694,35.039792],[128.977676,35.039765],[128.977602,35.039746],[128.977528,35.039773],[128.977518,35.039797],[128.977475,35.039795],[128.977437,35.039824],[128.977406,35.039827],[128.977386,35.039837],[128.977357,35.039859],[128.977316,35.039878],[128.977299,35.039906],[128.977259,35.039941],[128.977222,35.039952],[128.977126,35.039986],[128.977039,35.040025],[128.97701,35.040044],[128.976933,35.040109],[128.976843,35.04018],[128.976844,35.040276],[128.976821,35.040275],[128.976768,35.040196],[128.976733,35.040168],[128.976694,35.040171],[128.976633,35.040159],[128.976576,35.040164],[128.97654,35.040172],[128.976502,35.04018],[128.976411,35.040192],[128.976379,35.04021],[128.976339,35.04021],[128.976305,35.04022],[128.976262,35.040214],[128.976219,35.040217],[128.976201,35.040229],[128.976178,35.040242],[128.976156,35.040257],[128.976113,35.040272],[128.976067,35.04025],[128.976045,35.040273],[128.97604,35.040299],[128.976029,35.0403],[128.975995,35.040311],[128.975977,35.040336],[128.975942,35.040341],[128.9759,35.04036],[128.975864,35.040404],[128.975861,35.040462],[128.975839,35.040501],[128.975873,35.040507],[128.97588,35.040546],[128.975871,35.040577],[128.975861,35.04062],[128.975839,35.040664],[128.975742,35.040676],[128.975636,35.040707],[128.975579,35.040768],[128.975581,35.040821],[128.975545,35.040865],[128.975481,35.040843],[128.975422,35.040846],[128.975372,35.04087],[128.975341,35.040881],[128.975275,35.040919],[128.975202,35.040919],[128.975164,35.040931],[128.975117,35.040941],[128.975109,35.040951],[128.975079,35.040977],[128.975069,35.041011],[128.975084,35.041025],[128.975046,35.04105],[128.975036,35.041073],[128.975043,35.041094],[128.975013,35.041192],[128.974989,35.041238],[128.974957,35.041283],[128.974912,35.041324],[128.974856,35.041345],[128.974814,35.041401],[128.974726,35.041477],[128.97463,35.041513],[128.97449,35.04152],[128.974348,35.041514],[128.974094,35.041423],[128.973972,35.041385],[128.973974,35.041361],[128.973977,35.041328],[128.973951,35.041317],[128.973846,35.041321],[128.973784,35.041337],[128.973332,35.041149],[128.972885,35.040895],[128.972717,35.040729],[128.972619,35.040646],[128.97251,35.040495],[128.972508,35.040403],[128.972584,35.040368],[128.972601,35.040325],[128.972565,35.040313],[128.972558,35.040277],[128.972587,35.040153],[128.972549,35.040109],[128.972536,35.040053],[128.972336,35.039962],[128.972197,35.039904],[128.972053,35.039828],[128.971841,35.03969],[128.97149,35.039442],[128.971297,35.039209],[128.971204,35.039093],[128.971148,35.038927],[128.971253,35.038782],[128.971247,35.038652],[128.971241,35.038607],[128.97121,35.03859],[128.971179,35.038612],[128.97119,35.03864],[128.971163,35.038636],[128.97113,35.038597],[128.97107,35.038473],[128.971043,35.038399],[128.971036,35.038266],[128.971031,35.038201],[128.97107,35.038062],[128.971114,35.038034],[128.97113,35.038042],[128.971182,35.038048],[128.971202,35.038018],[128.971227,35.038014],[128.971258,35.037993],[128.971285,35.037948],[128.971294,35.03798],[128.971338,35.037977],[128.97137,35.037943],[128.971412,35.037871],[128.971495,35.037803],[128.971501,35.037764],[128.971552,35.037695],[128.971569,35.037707],[128.971627,35.037667],[128.971709,35.037605],[128.97174,35.03756],[128.971764,35.037523],[128.971741,35.037523],[128.971733,35.037509],[128.971812,35.037381],[128.971851,35.037333],[128.971834,35.037298],[128.97178,35.037256],[128.971724,35.037271],[128.971715,35.037263],[128.971747,35.037247],[128.97174,35.037198],[128.971693,35.037168],[128.97171,35.037145],[128.971713,35.037089],[128.971686,35.037044],[128.971635,35.037022],[128.971566,35.037094],[128.971563,35.037132],[128.971504,35.037117],[128.971465,35.037126],[128.971416,35.037117],[128.971455,35.037088],[128.971484,35.037048],[128.971438,35.037029],[128.971429,35.036976],[128.97129,35.036946],[128.971216,35.037025],[128.971261,35.037065],[128.971287,35.037155],[128.971211,35.037213],[128.971125,35.037276],[128.971042,35.037366],[128.970969,35.037466],[128.970905,35.037559],[128.970934,35.03759],[128.970928,35.037619],[128.970897,35.037695],[128.970873,35.037749],[128.97065,35.037729],[128.970554,35.037709],[128.97051,35.037647],[128.970405,35.037555],[128.970251,35.037486],[128.97022,35.037469],[128.9702,35.037385],[128.970155,35.037277],[128.970117,35.037194],[128.970055,35.037059],[128.969943,35.037018],[128.969828,35.036962],[128.969685,35.036955],[128.969576,35.036911],[128.969496,35.036918],[128.969435,35.036952],[128.96938,35.037022],[128.969323,35.03705],[128.96929,35.037082],[128.969211,35.037091],[128.969142,35.037096],[128.96908,35.037103],[128.969014,35.037124],[128.968909,35.037106],[128.968832,35.037111],[128.968786,35.037104],[128.968727,35.03709],[128.968629,35.037176],[128.968531,35.037156],[128.968349,35.037111],[128.967985,35.036995],[128.967702,35.036864],[128.96768,35.036762],[128.967669,35.036688],[128.967588,35.036605],[128.967576,35.036548],[128.967457,35.03647],[128.967378,35.036361],[128.967343,35.036262],[128.967291,35.036276],[128.967113,35.036095],[128.96705,35.036],[128.96712,35.035885],[128.967101,35.035835],[128.967185,35.035782],[128.967172,35.035677],[128.967048,35.035642],[128.967006,35.035686],[128.966973,35.035692],[128.966933,35.035581],[128.966943,35.035338],[128.96694,35.035279],[128.966996,35.035206],[128.966982,35.035172],[128.966996,35.035116],[128.967066,35.035122],[128.967047,35.034982],[128.967008,35.03491],[128.966999,35.034893],[128.96708,35.034893],[128.966965,35.034725],[128.966942,35.034626],[128.966903,35.034522],[128.966828,35.03452],[128.966821,35.034478],[128.966863,35.034396],[128.966978,35.034369],[128.967038,35.034224],[128.96705,35.034099],[128.967038,35.034009],[128.967008,35.033983],[128.96715,35.033893],[128.967244,35.033826],[128.967178,35.033744],[128.967008,35.033729],[128.966942,35.033683],[128.966887,35.033639],[128.966789,35.033608],[128.966854,35.033516],[128.966982,35.033424],[128.966971,35.03331],[128.967108,35.033201],[128.967092,35.033143],[128.967036,35.033055],[128.967062,35.032977],[128.967001,35.032851],[128.966936,35.032845],[128.966789,35.032893],[128.966746,35.032948],[128.966793,35.033082],[128.966873,35.033128],[128.96676,35.033216],[128.966735,35.033218],[128.966749,35.033178],[128.966725,35.033063],[128.966632,35.033065],[128.966555,35.033042],[128.966562,35.033021],[128.966597,35.032962],[128.966604,35.032887],[128.966676,35.032814],[128.966532,35.032661],[128.966382,35.032564],[128.966303,35.032608],[128.966336,35.032673],[128.966261,35.032703],[128.966244,35.032629],[128.966097,35.032531],[128.965929,35.032443],[128.965836,35.032457],[128.965759,35.032411],[128.965658,35.032424],[128.965525,35.032417],[128.965539,35.032461],[128.965574,35.032514],[128.965616,35.032547],[128.96567,35.032642],[128.965705,35.032686],[128.965756,35.032734],[128.965794,35.032751],[128.96581,35.032797],[128.965775,35.032814],[128.965658,35.032826],[128.965658,35.032782],[128.9656,35.032726],[128.965523,35.032675],[128.965493,35.032696],[128.965486,35.032753],[128.965523,35.032862],[128.965532,35.032895],[128.965509,35.032967],[128.965479,35.033006],[128.965434,35.032952],[128.965371,35.032964],[128.96539,35.033021],[128.965406,35.033067],[128.965411,35.033132],[128.96549,35.033292],[128.965528,35.033336],[128.965542,35.033378],[128.965514,35.033396],[128.965465,35.033359],[128.965411,35.033285],[128.965383,35.033288],[128.965098,35.033189],[128.964797,35.033336],[128.964792,35.033386],[128.964724,35.033464],[128.964769,35.033549],[128.96478,35.033598],[128.96468,35.033774],[128.964659,35.03392],[128.964556,35.033904],[128.964526,35.033973],[128.9645,35.034032],[128.964563,35.034082],[128.964496,35.034124],[128.964465,35.034206],[128.964496,35.034332],[128.964576,35.034386],[128.96465,35.034489],[128.964712,35.03454],[128.964799,35.034675],[128.9647,35.034753],[128.96459,35.034727],[128.964537,35.034695],[128.964441,35.034721],[128.964452,35.034782],[128.964512,35.034854],[128.964498,35.034898],[128.964402,35.034944],[128.964303,35.034979],[128.964264,35.035199],[128.964353,35.035231],[128.964413,35.035243],[128.964434,35.035309],[128.964516,35.035286],[128.964646,35.035234],[128.964643,35.035269],[128.9646,35.035321],[128.964385,35.035428],[128.96442,35.035492],[128.964409,35.035564],[128.964445,35.03566],[128.964484,35.035721],[128.964565,35.035761],[128.964558,35.03581],[128.964629,35.03586],[128.9647,35.035854],[128.964788,35.035886],[128.965015,35.035955],[128.965128,35.036007],[128.965216,35.036167],[128.965269,35.036399],[128.965294,35.036509],[128.965446,35.036662],[128.965577,35.036778],[128.965673,35.036859],[128.966037,35.037598],[128.96603,35.037656],[128.966066,35.037804],[128.966052,35.037935],[128.966154,35.038036],[128.966388,35.038256],[128.966597,35.038497],[128.966706,35.038639],[128.966844,35.038807],[128.966926,35.038957],[128.967021,35.03916],[128.967124,35.039363],[128.967163,35.039502],[128.967128,35.039572],[128.967046,35.039752],[128.966965,35.039815],[128.966904,35.039879],[128.966904,35.039975],[128.966876,35.040062],[128.966823,35.040038],[128.966851,35.040128],[128.966813,35.040233],[128.966731,35.04025],[128.96665,35.040296],[128.966696,35.040412],[128.966724,35.040444],[128.966699,35.040502],[128.966745,35.040574],[128.966823,35.04065],[128.966841,35.040754],[128.966756,35.040792],[128.966657,35.040821],[128.966646,35.040908],[128.966699,35.040986],[128.966841,35.041073],[128.96682,35.04116],[128.96674,35.041236],[128.96665,35.041233],[128.966583,35.041225],[128.966498,35.041296],[128.966508,35.041395],[128.966593,35.041435],[128.96688,35.041502],[128.967005,35.041488],[128.967353,35.04181],[128.967343,35.042005],[128.967265,35.0422],[128.967209,35.042209],[128.967198,35.042267],[128.967223,35.042423],[128.967265,35.042429],[128.967361,35.042519],[128.967336,35.042585],[128.967365,35.04269],[128.967453,35.042773],[128.967587,35.042886],[128.967713,35.043092],[128.967799,35.043147],[128.967806,35.043152],[128.967729,35.043203],[128.967601,35.043181],[128.966924,35.04374],[128.965362,35.044559],[128.963394,35.045364],[128.961705,35.046417],[128.960644,35.047629],[128.95968,35.048008],[128.959261,35.048086],[128.958898,35.04832],[128.958809,35.048509],[128.958861,35.048821],[128.958751,35.049364],[128.958588,35.04982],[128.958399,35.050209],[128.958368,35.050495],[128.958583,35.050678],[128.958557,35.051022],[128.958274,35.05151],[128.958551,35.051626],[128.958498,35.051673],[128.958323,35.051626],[128.957917,35.052155],[128.957933,35.052262],[128.957628,35.052871],[128.957632,35.053021],[128.957225,35.054409],[128.95729,35.054538],[128.955627,35.060814],[128.9555,35.061273],[128.957582,35.061619],[128.957535,35.061741],[128.957918,35.061814],[128.957869,35.061996],[128.955376,35.061595],[128.954998,35.062811],[128.954175,35.066334],[128.953912,35.067351],[128.95342,35.069188],[128.95335,35.069306],[128.953291,35.069476],[128.953161,35.069597],[128.953074,35.069667],[128.952876,35.070375],[128.953044,35.07055],[128.952957,35.070903],[128.952866,35.071295],[128.952696,35.071968],[128.952778,35.072015],[128.955677,35.072518],[128.956913,35.07277],[128.957772,35.072887],[128.957883,35.072847],[128.95795,35.072798],[128.957972,35.072809],[128.957967,35.072859],[128.958014,35.072915],[128.958333,35.073088],[128.958162,35.073272],[128.958281,35.073372],[128.95827,35.073413],[128.958181,35.07347],[128.958096,35.07347],[128.957878,35.073401],[128.957878,35.073339],[128.957824,35.073286],[128.957829,35.073247],[128.95781,35.073203],[128.957782,35.073155],[128.957687,35.073089],[128.956417,35.072858],[128.952624,35.072211],[128.9525,35.072752],[128.952157,35.07403],[128.951978,35.074738],[128.951794,35.075444],[128.951168,35.077908],[128.950967,35.078561],[128.950683,35.079129],[128.950681,35.079218],[128.950716,35.079267],[128.95081,35.079314],[128.951989,35.079587],[128.954423,35.08025],[128.957078,35.080954],[128.957455,35.081012],[128.957733,35.081021],[128.957762,35.08112],[128.957829,35.081109],[128.957913,35.081127],[128.957944,35.081171],[128.957858,35.081418],[128.957918,35.081437],[128.957885,35.081535],[128.957824,35.081715],[128.95767,35.081712],[128.957572,35.081777],[128.957535,35.081769],[128.957528,35.081661],[128.957242,35.081581],[128.957151,35.081666],[128.957084,35.081527],[128.954817,35.080952],[128.951344,35.080114],[128.951215,35.080063],[128.951059,35.080006],[128.950662,35.079914],[128.950601,35.079925],[128.950558,35.079965],[128.950522,35.080047],[128.950481,35.080271],[128.950483,35.080468],[128.950494,35.080494],[128.950525,35.080504],[128.950541,35.080578],[128.950539,35.080688],[128.950487,35.08101],[128.950446,35.081324],[128.950397,35.081539],[128.950371,35.08178],[128.950368,35.082174],[128.950388,35.082668],[128.950399,35.082776],[128.9504,35.082832],[128.950471,35.083519],[128.950621,35.084076],[128.950771,35.084351],[128.950894,35.084566],[128.951029,35.08491],[128.951141,35.085173],[128.951196,35.085294],[128.951333,35.085558],[128.951483,35.085835],[128.951714,35.086205],[128.951861,35.086439],[128.952109,35.086864],[128.95221,35.087059],[128.952517,35.087488],[128.95257,35.087615],[128.952793,35.088036],[128.952987,35.088416],[128.953212,35.088857],[128.953425,35.089327],[128.953496,35.089488],[128.95359,35.089683],[128.954175,35.091187],[128.954321,35.091637],[128.95465,35.092756],[128.954749,35.093112],[128.954845,35.093526],[128.955012,35.094297],[128.95517,35.095306],[128.955234,35.095795],[128.955282,35.096263],[128.955298,35.096412],[128.955459,35.097836],[128.955512,35.098266],[128.955504,35.098896],[128.955568,35.099443],[128.955611,35.099768],[128.955738,35.100929],[128.955771,35.101425],[128.955827,35.101921],[128.955902,35.102371],[128.955959,35.103023],[128.955976,35.103043],[128.955991,35.103059],[128.95602,35.103083],[128.956025,35.103102],[128.956023,35.103117],[128.955993,35.103153],[128.955988,35.103171],[128.955985,35.103194],[128.956007,35.103296],[128.956086,35.103345],[128.956079,35.103368],[128.956093,35.103416],[128.956144,35.103458],[128.95665,35.103424],[128.95716,35.103344],[128.957333,35.103317],[128.957429,35.103316],[128.957561,35.103327],[128.957656,35.103362],[128.957816,35.103424],[128.957912,35.103462],[128.958011,35.103572],[128.957945,35.103879],[128.957496,35.103699],[128.957232,35.103641],[128.957115,35.103645],[128.957071,35.103643],[128.956884,35.103644],[128.956696,35.103638],[128.956224,35.103668],[128.956134,35.103723],[128.956195,35.104211],[128.956211,35.104247],[128.956349,35.104321],[128.956404,35.104828],[128.956344,35.104823],[128.9563,35.104846],[128.956286,35.104878],[128.956271,35.104897],[128.956256,35.104899],[128.95624,35.104895],[128.956221,35.104905],[128.956201,35.104923],[128.956185,35.104944],[128.956187,35.104958],[128.956214,35.104961],[128.956229,35.10493],[128.956242,35.104924],[128.956267,35.104922],[128.956288,35.104974],[128.956301,35.105042],[128.956312,35.105102],[128.956326,35.105235],[128.956359,35.10549],[128.956385,35.105738],[128.956388,35.105801],[128.956382,35.105845],[128.956367,35.105877],[128.956355,35.105921],[128.956334,35.105953],[128.956292,35.106012],[128.95626,35.106042],[128.956233,35.106064],[128.956209,35.106072],[128.956151,35.106099],[128.956093,35.106112],[128.956032,35.106116],[128.955978,35.106151],[128.956013,35.106172],[128.956023,35.106252],[128.956016,35.106328],[128.956011,35.106375],[128.956016,35.10639],[128.956023,35.106404],[128.956063,35.106577],[128.956093,35.106747],[128.956052,35.106859],[128.953177,35.107326],[128.950609,35.107746],[128.950569,35.107601],[128.950502,35.107391],[128.950437,35.107221],[128.950376,35.107035],[128.950357,35.106975],[128.950337,35.106959],[128.950315,35.106956],[128.950278,35.106959],[128.950212,35.106962],[128.950126,35.106948],[128.950036,35.106912],[128.949965,35.10686],[128.949909,35.106783],[128.949862,35.106685],[128.949795,35.106463],[128.949722,35.106247],[128.949484,35.105527],[128.949358,35.105161],[128.949182,35.104593],[128.949006,35.104058],[128.948871,35.103629],[128.948716,35.103071],[128.948558,35.102515],[128.948518,35.102448],[128.948479,35.102419],[128.948429,35.102407],[128.948378,35.10241],[128.948331,35.102429],[128.9483,35.102458],[128.948286,35.102495],[128.948287,35.102531],[128.948295,35.102567],[128.94833,35.102655],[128.948536,35.103287],[128.948734,35.103888],[128.948939,35.104529],[128.949038,35.10486],[128.949213,35.105436],[128.94934,35.10585],[128.949526,35.106388],[128.949718,35.107008],[128.949318,35.107061],[128.949309,35.107208],[128.949316,35.107246],[128.94933,35.107244],[128.949339,35.107299],[128.949321,35.107298],[128.949344,35.107388],[128.949253,35.107397],[128.949232,35.107317],[128.949221,35.107317],[128.94921,35.107263],[128.94922,35.107262],[128.949217,35.107249],[128.949212,35.107249],[128.949205,35.107236],[128.949218,35.107225],[128.94916,35.10709],[128.948713,35.10715],[128.948518,35.106411],[128.948263,35.105662],[128.947898,35.104567],[128.947394,35.103025],[128.947217,35.102393],[128.947147,35.102092],[128.947113,35.101859],[128.947091,35.101653],[128.947078,35.101478],[128.94707,35.101335],[128.947059,35.101162],[128.947064,35.100732],[128.947131,35.100203],[128.947244,35.099713],[128.947351,35.099323],[128.947426,35.099094],[128.947426,35.098985],[128.9474,35.098895],[128.947147,35.098104],[128.947011,35.097701],[128.946865,35.097182],[128.946797,35.096949],[128.946694,35.096612],[128.946509,35.096092],[128.946093,35.094789],[128.945774,35.093781],[128.945294,35.092344],[128.944819,35.090957],[128.944556,35.090176],[128.944422,35.089818],[128.944294,35.08944],[128.944251,35.089254],[128.944221,35.089111],[128.944106,35.088778],[128.94405,35.088624],[128.944036,35.088585],[128.943859,35.088178],[128.943728,35.087919],[128.943607,35.087676],[128.943451,35.087375],[128.943148,35.086662],[128.942947,35.086284],[128.94277,35.086014],[128.942676,35.085881],[128.942625,35.085815],[128.94255,35.085791],[128.942472,35.085786],[128.942368,35.085795],[128.942244,35.085795],[128.942121,35.085769],[128.941992,35.085716],[128.94189,35.08563],[128.941791,35.085494],[128.941716,35.085334],[128.941638,35.085191],[128.94155,35.085073],[128.941416,35.084906],[128.941297,35.084748],[128.941078,35.0845],[128.940876,35.084263],[128.940737,35.084094],[128.940664,35.083956],[128.940579,35.083723],[128.940458,35.083477],[128.940268,35.083233],[128.940013,35.082915],[128.939916,35.082768],[128.939785,35.082564],[128.939715,35.082465],[128.939651,35.082434],[128.939602,35.082428],[128.939554,35.082432],[128.939506,35.082465],[128.939474,35.082531],[128.939468,35.082623],[128.939543,35.082737],[128.939677,35.082832],[128.939884,35.083038],[128.939989,35.083194],[128.94009,35.083466],[128.940149,35.083701],[128.940214,35.083916],[128.940259,35.084039],[128.940302,35.084164],[128.940445,35.084436],[128.940648,35.084875],[128.940799,35.085224],[128.940882,35.085448],[128.940965,35.085674],[128.941016,35.0859],[128.941107,35.086232],[128.941228,35.086543],[128.941301,35.086834],[128.941324,35.087052],[128.94134,35.08739],[128.941338,35.087678],[128.941306,35.087788],[128.941264,35.087845],[128.94119,35.087915],[128.941048,35.087993],[128.940867,35.088052],[128.940666,35.088137],[128.94048,35.088257],[128.940408,35.088332],[128.940359,35.088401],[128.940324,35.088471],[128.940308,35.088532],[128.940305,35.08859],[128.940304,35.088648],[128.940296,35.088714],[128.940268,35.088786],[128.940263,35.088856],[128.940286,35.088915],[128.940349,35.088996],[128.940408,35.089097],[128.940462,35.089244],[128.940512,35.089455],[128.940561,35.089697],[128.940614,35.089914],[128.94063,35.089978],[128.940619,35.090003],[128.940592,35.090031],[128.940541,35.090046],[128.940439,35.090042],[128.940353,35.090011],[128.940249,35.08995],[128.940101,35.089842],[128.9399,35.089719],[128.939696,35.089653],[128.939527,35.089633],[128.939396,35.089623],[128.939321,35.089594],[128.939256,35.089533],[128.939208,35.08939],[128.939141,35.089135],[128.939053,35.088802],[128.938959,35.088556],[128.938817,35.08835],[128.93869,35.088227],[128.938548,35.088093],[128.938409,35.087955],[128.938293,35.087814],[128.938202,35.087682],[128.938157,35.087542],[128.938151,35.087428],[128.938098,35.087228],[128.93802,35.087077],[128.937883,35.086919],[128.937717,35.086807],[128.937518,35.086703],[128.937298,35.086638],[128.937116,35.086611],[128.937001,35.086576],[128.93692,35.086539],[128.936685,35.086325],[128.9366,35.086266],[128.936521,35.086216],[128.936425,35.086177],[128.936338,35.086129],[128.936242,35.08607],[128.936095,35.085966],[128.935973,35.085888],[128.935795,35.085795],[128.935599,35.085686],[128.935385,35.08557],[128.935133,35.085447],[128.934958,35.085331],[128.934832,35.085235],[128.934721,35.085131],[128.934644,35.08508],[128.93458,35.085068],[128.93451,35.085075],[128.934442,35.085122],[128.934367,35.085211],[128.934294,35.085367],[128.934192,35.08565],[128.934141,35.085834],[128.934117,35.085995],[128.934117,35.086115],[128.934124,35.086241],[128.934129,35.086335],[128.93412,35.086435],[128.9341,35.086517],[128.934066,35.086632],[128.934018,35.086852],[128.933868,35.08745],[128.933723,35.088082],[128.933594,35.088653],[128.933433,35.08932],[128.93317,35.090061],[128.932948,35.090582],[128.932757,35.091021],[128.932688,35.091288],[128.932637,35.091493],[128.932621,35.091681],[128.932637,35.091973],[128.932693,35.092103],[128.932803,35.092234],[128.932932,35.092416],[128.933079,35.092686],[128.933187,35.092921],[128.933219,35.093081],[128.933232,35.093233],[128.933197,35.093536],[128.933079,35.093889],[128.932999,35.09442],[128.933052,35.094846],[128.933213,35.095329],[128.933365,35.095824],[128.933541,35.096386],[128.933754,35.097048],[128.933917,35.097621],[128.934101,35.098174],[128.934171,35.098346],[128.934203,35.09839],[128.93434,35.098525],[128.934355,35.098577],[128.934357,35.098628],[128.934348,35.098763],[128.934333,35.098943],[128.934349,35.099108],[128.934383,35.099244],[128.934619,35.099878],[128.93479,35.100318],[128.934872,35.100579],[128.934934,35.100938],[128.934746,35.100959],[128.934686,35.100963],[128.934607,35.100969],[128.934554,35.100987],[128.934507,35.101045],[128.934491,35.101157],[128.934512,35.101318],[128.934581,35.101557],[128.934774,35.102022],[128.93493,35.102404],[128.935043,35.102711],[128.935139,35.102979],[128.935209,35.103255],[128.935265,35.103553],[128.935289,35.103821],[128.935316,35.104058],[128.935354,35.104142],[128.935397,35.104199],[128.935483,35.104258],[128.935571,35.104335],[128.935627,35.104444],[128.93566,35.104624],[128.935684,35.10485],[128.935727,35.105142],[128.935796,35.105368],[128.935869,35.105491],[128.935968,35.105625],[128.936051,35.105807],[128.936118,35.106116],[128.936217,35.106402],[128.936354,35.106628],[128.93648,35.10674],[128.936657,35.106812],[128.936842,35.106838],[128.937119,35.10688],[128.93736,35.106928],[128.93765,35.107025],[128.937888,35.107146],[128.938267,35.107358],[128.938519,35.107545],[128.938698,35.107784],[128.938843,35.108111],[128.938945,35.108403],[128.93903,35.108672],[128.939028,35.108689],[128.93902,35.108702],[128.938999,35.108716],[128.938907,35.108738],[128.938862,35.108749],[128.938849,35.108759],[128.938844,35.108774],[128.938843,35.108795],[128.938847,35.108856],[128.938849,35.1089],[128.938841,35.108928],[128.93883,35.108943],[128.938813,35.108955],[128.938777,35.108963],[128.938757,35.108965],[128.938743,35.10896],[128.938727,35.108947],[128.938678,35.108865],[128.938654,35.108831],[128.938641,35.108816],[128.938625,35.108808],[128.938605,35.10881],[128.938574,35.108817],[128.938246,35.108889],[128.936226,35.109462],[128.936141,35.109486],[128.934815,35.109852],[128.934738,35.109886],[128.934376,35.109923],[128.933983,35.110086],[128.933505,35.110195],[128.933069,35.110302],[128.932796,35.110154],[128.932737,35.110062],[128.932776,35.110007],[128.932782,35.10995],[128.932756,35.109872],[128.932689,35.109812],[128.932567,35.109302],[128.932565,35.109177],[128.932551,35.109034],[128.932441,35.108858],[128.932329,35.108544],[128.932171,35.108158],[128.932808,35.108021],[128.932749,35.107904],[128.932121,35.108028],[128.932026,35.107757],[128.931848,35.107258],[128.931631,35.106742],[128.932176,35.106559],[128.932472,35.106806],[128.932578,35.106725],[128.932209,35.106398],[128.93181,35.106516],[128.931626,35.106309],[128.931368,35.105818],[128.931339,35.105826],[128.931062,35.105246],[128.930934,35.105293],[128.931094,35.105635],[128.930845,35.105715],[128.931116,35.106265],[128.930687,35.106691],[128.93064,35.106803],[128.930524,35.106778],[128.930464,35.106765],[128.930501,35.106623],[128.929868,35.106455],[128.929791,35.106222],[128.929389,35.106293],[128.929553,35.106811],[128.92911,35.106902],[128.929009,35.106881],[128.928622,35.106639],[128.928542,35.106315],[128.928587,35.105994],[128.928933,35.105604],[128.929511,35.105477],[128.929747,35.105437],[128.929684,35.105213],[128.929707,35.105112],[128.929968,35.10505],[128.929995,35.105],[128.93082,35.104841],[128.930792,35.104534],[128.930664,35.104156],[128.93065,35.104115],[128.930475,35.1037],[128.930503,35.103596],[128.930474,35.103553],[128.930413,35.103363],[128.930375,35.103279],[128.930361,35.103262],[128.930352,35.103244],[128.930339,35.103187],[128.930329,35.103138],[128.930317,35.103118],[128.9303,35.103099],[128.930285,35.103073],[128.93026,35.10301],[128.930248,35.102994],[128.930227,35.102974],[128.930219,35.102959],[128.930217,35.102933],[128.930213,35.102903],[128.930045,35.102395],[128.929955,35.102195],[128.929845,35.102114],[128.929747,35.102084],[128.929655,35.102078],[128.929596,35.102077],[128.929474,35.102105],[128.929355,35.102131],[128.929175,35.102124],[128.929032,35.102145],[128.928921,35.102186],[128.928782,35.10226],[128.928733,35.10227],[128.928689,35.102257],[128.928665,35.102228],[128.928652,35.102207],[128.928657,35.102161],[128.928679,35.102116],[128.928702,35.102071],[128.928772,35.10201],[128.928862,35.101996],[128.929036,35.102013],[128.929382,35.102075],[128.929461,35.102055],[128.929527,35.102005],[128.929562,35.101928],[128.929568,35.101835],[128.929565,35.101749],[128.929556,35.101678],[128.929504,35.101418],[128.929415,35.100899],[128.929187,35.100704],[128.929153,35.10048],[128.929054,35.100471],[128.928963,35.100079],[128.928957,35.100054],[128.929,35.100031],[128.929186,35.099994],[128.929221,35.099966],[128.929224,35.099937],[128.929181,35.099632],[128.929141,35.099604],[128.92905,35.099607],[128.928808,35.0997],[128.928675,35.099396],[128.928682,35.099274],[128.929258,35.099111],[128.929235,35.099034],[128.928647,35.09918],[128.928528,35.098908],[128.928545,35.098877],[128.928424,35.098518],[128.928393,35.098484],[128.928341,35.098452],[128.928268,35.098438],[128.928243,35.098411],[128.928144,35.098136],[128.927944,35.098025],[128.927852,35.097742],[128.927817,35.097727],[128.92779,35.097718],[128.927714,35.097736],[128.927602,35.097409],[128.927355,35.097479],[128.927169,35.096917],[128.927788,35.096787],[128.928191,35.0969],[128.928211,35.096826],[128.927782,35.096711],[128.927176,35.096844],[128.926747,35.095572],[128.927308,35.09545],[128.927628,35.095698],[128.927729,35.095619],[128.927363,35.095296],[128.926705,35.095429],[128.926576,35.095107],[128.926532,35.095121],[128.926368,35.094652],[128.926039,35.093902],[128.925693,35.093424],[128.925472,35.09316],[128.9252,35.092788],[128.924847,35.092511],[128.924328,35.092187],[128.924362,35.09206],[128.924115,35.091945],[128.923963,35.091986],[128.923061,35.091334],[128.922036,35.090999],[128.921615,35.090688],[128.920417,35.090427],[128.920077,35.090514],[128.919804,35.090473],[128.919546,35.090469],[128.91921,35.090424],[128.918194,35.090086],[128.917011,35.089757],[128.916165,35.089403],[128.915622,35.089074],[128.913153,35.087573],[128.913155,35.08746],[128.912287,35.086419],[128.912266,35.079764],[128.911071,35.078994],[128.895323,35.078966],[128.895269,35.086457],[128.897713,35.092851],[128.897804,35.093381],[128.897808,35.093404],[128.897832,35.093413],[128.897868,35.093411],[128.897887,35.093402],[128.897898,35.093392],[128.897819,35.092836],[128.898984,35.092429],[128.899165,35.092483],[128.899361,35.092552],[128.899367,35.092615],[128.899371,35.092804],[128.899332,35.092862],[128.898548,35.093075],[128.898563,35.093118],[128.899225,35.092945],[128.899287,35.093181],[128.898875,35.093275],[128.898839,35.09331],[128.898447,35.093418],[128.898466,35.093466],[128.898785,35.093383],[128.898887,35.093393],[128.898914,35.094391],[128.89806,35.09448],[128.897956,35.09377],[128.897946,35.09375],[128.897925,35.093738],[128.897883,35.093736],[128.89786,35.093745],[128.897846,35.093761],[128.897841,35.093806],[128.898009,35.094663],[128.898917,35.094572],[128.898921,35.094949],[128.898397,35.09506],[128.898402,35.095108],[128.89816,35.095121],[128.898186,35.095162],[128.898301,35.095167],[128.898451,35.095271],[128.89869,35.096423],[128.898989,35.097417],[128.89935,35.09871],[128.89967,35.10025],[128.89998,35.10154],[128.900262,35.10294],[128.90029,35.10308],[128.9006,35.10462],[128.900668,35.105183],[128.90091,35.10693],[128.901029,35.107639],[128.901018,35.10778],[128.900814,35.108393],[128.900558,35.109282],[128.900503,35.109656],[128.900485,35.110267],[128.90054,35.110964],[128.900674,35.111454],[128.901171,35.112293],[128.90153,35.11285],[128.901817,35.113286],[128.902263,35.113733],[128.903597,35.114579],[128.903984,35.114909],[128.90465,35.115642],[128.904779,35.115892],[128.905326,35.117289],[128.905633,35.118055],[128.904264,35.118465],[128.903009,35.11881],[128.902748,35.118207],[128.902712,35.118175],[128.902658,35.118183],[128.90177,35.118443],[128.901738,35.11847],[128.901723,35.118503],[128.901827,35.118755],[128.901956,35.118718],[128.90186,35.118498],[128.902667,35.118265],[128.902851,35.118694],[128.902305,35.118828],[128.902368,35.118976],[128.899516,35.119786],[128.898891,35.119207],[128.898688,35.119104],[128.898581,35.119087],[128.89854,35.119113],[128.898527,35.119176],[128.89858,35.119965],[128.89849,35.12008],[128.89889,35.120432],[128.898174,35.120623],[128.897644,35.120763],[128.897585,35.120309],[128.897461,35.120283],[128.896779,35.11952],[128.896124,35.119711],[128.895887,35.119601],[128.895373,35.119523],[128.89525,35.11978],[128.895185,35.119981],[128.895197,35.120432],[128.895325,35.120992],[128.895503,35.121063],[128.895675,35.12122],[128.895947,35.121605],[128.894896,35.122124],[128.894516,35.121818],[128.894403,35.121673],[128.894399,35.121508],[128.89412,35.12102],[128.894007,35.120636],[128.893967,35.120094],[128.893956,35.119815],[128.893912,35.119742],[128.893897,35.119518],[128.894075,35.118926],[128.894275,35.118406],[128.894518,35.11814],[128.894485,35.118037],[128.895276,35.116978],[128.895279,35.116873],[128.895205,35.116872],[128.895207,35.11694],[128.894518,35.117834],[128.893907,35.117456],[128.893894,35.117287],[128.894073,35.117268],[128.894061,35.116404],[128.893845,35.116413],[128.893839,35.115753],[128.89396,35.115713],[128.895177,35.116086],[128.89518,35.116161],[128.895147,35.1162],[128.895171,35.116226],[128.895225,35.116231],[128.895274,35.116214],[128.895266,35.116029],[128.894092,35.115652],[128.893839,35.115511],[128.89378,35.115221],[128.893325,35.114222],[128.892376,35.11236],[128.891558,35.111144],[128.891046,35.110663],[128.889668,35.10939],[128.889533,35.10926],[128.88957,35.109157],[128.889498,35.108966],[128.889486,35.108934],[128.889456,35.108748],[128.889457,35.10841],[128.889195,35.105088],[128.888886,35.101689],[128.888591,35.098524],[128.888318,35.095605],[128.888296,35.095425],[128.888272,35.095307],[128.88828,35.095244],[128.888271,35.095195],[128.888253,35.095149],[128.888248,35.094941],[128.888196,35.094834],[128.888217,35.09469],[128.888141,35.093779],[128.88809,35.093691],[128.888122,35.093552],[128.888048,35.092772],[128.888021,35.092516],[128.887884,35.090964],[128.887845,35.09052],[128.887815,35.090091],[128.887772,35.089897],[128.887748,35.089667],[128.887687,35.089253],[128.887503,35.088825],[128.88745,35.088744],[128.887391,35.088667],[128.887234,35.088495],[128.887053,35.088344],[128.885903,35.087576],[128.885855,35.087522],[128.885841,35.087468],[128.886041,35.087088],[128.885937,35.086855],[128.885779,35.086572],[128.885616,35.086215],[128.885072,35.085166],[128.884265,35.084294],[128.884048,35.083869],[128.883402,35.082527],[128.883309,35.082291],[128.883555,35.081751],[128.883447,35.080644],[128.88369,35.080421],[128.883756,35.080231],[128.884333,35.07973],[128.884299,35.079481],[128.88428,35.079433],[128.884261,35.079401],[128.88416,35.079315],[128.884038,35.079293],[128.883906,35.079314],[128.883765,35.079346],[128.883703,35.07933],[128.883331,35.079446],[128.882999,35.079551],[128.882856,35.079655],[128.882598,35.079604],[128.881017,35.079614],[128.879868,35.079628],[128.877744,35.079895],[128.877673,35.079949],[128.877589,35.07997],[128.877522,35.079945],[128.876495,35.080112],[128.876451,35.079924],[128.876427,35.079445],[128.876313,35.079451],[128.876298,35.079887],[128.87623,35.080106],[128.876201,35.080146],[128.874974,35.080391],[128.874716,35.080354],[128.874379,35.080203],[128.871868,35.080646],[128.870318,35.080797],[128.869339,35.081328],[128.869063,35.08153],[128.868894,35.081763],[128.869964,35.083346],[128.870036,35.083613],[128.870539,35.083902],[128.870761,35.084037],[128.871117,35.084075],[128.871537,35.084049],[128.871536,35.083325],[128.872121,35.082849],[128.872403,35.082839],[128.872398,35.084715],[128.872334,35.08477],[128.872395,35.084845],[128.871963,35.085144],[128.871925,35.085096],[128.871548,35.085386],[128.8716,35.085457],[128.871823,35.086624],[128.87097,35.088567],[128.870874,35.08863],[128.870771,35.088639],[128.870682,35.08858],[128.870768,35.088395],[128.870764,35.087139],[128.870807,35.085116],[128.868275,35.083218],[128.865947,35.083218],[128.86588,35.083325],[128.865629,35.08334],[128.865559,35.083219],[128.862289,35.083211],[128.862267,35.083298],[128.862227,35.083343],[128.862005,35.083341],[128.86191,35.083205],[128.861531,35.083158],[128.859408,35.083157],[128.859368,35.083255],[128.859289,35.083328],[128.859072,35.083329],[128.858966,35.083242],[128.858957,35.083157],[128.85739,35.083157],[128.857346,35.083248],[128.857252,35.083319],[128.857028,35.083325],[128.85695,35.083246],[128.856917,35.083155],[128.854535,35.083144],[128.854364,35.083209],[128.852884,35.0832],[128.852883,35.083287],[128.852805,35.083321],[128.852618,35.083306],[128.852556,35.083278],[128.852563,35.08319],[128.849451,35.083183],[128.849434,35.083277],[128.849367,35.083306],[128.849057,35.0833],[128.849112,35.082588],[128.849027,35.082571],[128.848991,35.082629],[128.848956,35.082638],[128.848861,35.083184],[128.846308,35.083178],[128.846277,35.083284],[128.846169,35.083344],[128.845954,35.083345],[128.845878,35.083262],[128.845871,35.083181],[128.842923,35.083183],[128.842897,35.083304],[128.842622,35.083299],[128.8426,35.083178],[128.840043,35.083168],[128.840018,35.081969],[128.840158,35.081637],[128.840154,35.081576],[128.839166,35.081572],[128.839165,35.081501],[128.838714,35.081501],[128.838713,35.081698],[128.838831,35.081701],[128.838953,35.082022],[128.838921,35.083365],[128.837614,35.083345],[128.837382,35.083272],[128.837302,35.083457],[128.837342,35.083475],[128.837178,35.083853],[128.837308,35.083938],[128.83643,35.08552],[128.836413,35.08692],[128.835196,35.088455],[128.834671,35.088399],[128.833165,35.088394],[128.832946,35.088294],[128.832064,35.088392],[128.824474,35.094522],[128.824439,35.095571],[128.82186,35.0977],[128.822096,35.09803]]],[[[128.818243,35.084546],[128.818242,35.08607],[128.828523,35.086069],[128.829014,35.086089],[128.82949,35.086191],[128.830072,35.086389],[128.830657,35.086751],[128.831656,35.087574],[128.831944,35.087403],[128.83267,35.087185],[128.832943,35.087071],[128.833221,35.087258],[128.833434,35.087433],[128.833652,35.087485],[128.833881,35.087193],[128.834233,35.087042],[128.834426,35.087181],[128.834773,35.08707],[128.83485,35.086615],[128.835076,35.08655],[128.835287,35.086357],[128.835025,35.084966],[128.835259,35.083628],[128.835567,35.083578],[128.835687,35.083216],[128.835889,35.08319],[128.836071,35.082605],[128.836088,35.082019],[128.835335,35.081951],[128.835315,35.07763],[128.834927,35.077621],[128.834947,35.074968],[128.835228,35.074965],[128.835226,35.069286],[128.835239,35.068131],[128.835243,35.067604],[128.834955,35.067132],[128.833796,35.066713],[128.833482,35.066313],[128.833868,35.065964],[128.833992,35.065816],[128.834685,35.065877],[128.834718,35.065852],[128.834061,35.06575],[128.83405,35.065443],[128.834139,35.065332],[128.834303,35.065294],[128.834418,35.065274],[128.834583,35.065285],[128.834669,35.065374],[128.83483,35.065612],[128.835001,35.065894],[128.835125,35.065796],[128.835127,35.065594],[128.835017,35.065521],[128.835084,35.065407],[128.835183,35.065356],[128.835114,35.065149],[128.835111,35.065025],[128.835146,35.064999],[128.83511,35.064958],[128.835106,35.064812],[128.835172,35.064765],[128.835144,35.064578],[128.834915,35.06459],[128.834988,35.064464],[128.83521,35.064512],[128.835249,35.064371],[128.835241,35.063674],[128.835021,35.063615],[128.834931,35.063495],[128.835012,35.063468],[128.835043,35.06339],[128.835141,35.063374],[128.835169,35.063281],[128.835253,35.063234],[128.835281,35.063017],[128.835184,35.062994],[128.835141,35.062643],[128.835054,35.062627],[128.83504,35.062576],[128.834884,35.062526],[128.834654,35.062568],[128.83392,35.06214],[128.833366,35.06164],[128.832869,35.060791],[128.832776,35.059524],[128.833013,35.059003],[128.832662,35.058548],[128.83283,35.05803],[128.832842,35.057658],[128.833412,35.057525],[128.833536,35.056605],[128.834063,35.056551],[128.834375,35.056299],[128.833832,35.055924],[128.834587,35.055469],[128.835244,35.055099],[128.836077,35.054659],[128.836517,35.054412],[128.836855,35.054536],[128.837201,35.054605],[128.83758,35.05477],[128.83781,35.054763],[128.837812,35.054733],[128.837817,35.054657],[128.83782,35.054607],[128.83769,35.05444],[128.837136,35.054038],[128.837489,35.053766],[128.837861,35.053789],[128.837914,35.053604],[128.837957,35.053593],[128.838267,35.053617],[128.83846,35.053699],[128.838744,35.054068],[128.838925,35.054008],[128.839048,35.053927],[128.839068,35.05404],[128.83925,35.05406],[128.839611,35.054068],[128.840467,35.054164],[128.840978,35.054091],[128.841293,35.054055],[128.842022,35.054088],[128.842381,35.054284],[128.84259,35.054685],[128.842768,35.054772],[128.842888,35.05496],[128.843317,35.055231],[128.843783,35.055341],[128.844554,35.055684],[128.845157,35.055955],[128.8456,35.05622],[128.845935,35.056472],[128.845828,35.056596],[128.845892,35.05668],[128.845898,35.056782],[128.845852,35.056832],[128.845847,35.057587],[128.845964,35.057642],[128.845706,35.057928],[128.84565,35.0583],[128.84565,35.05856],[128.84549,35.05932],[128.84533,35.0601],[128.845461,35.060413],[128.845766,35.060769],[128.845697,35.060808],[128.845613,35.060794],[128.845701,35.060873],[128.845664,35.060923],[128.84549,35.060965],[128.845822,35.061183],[128.84642,35.06152],[128.84681,35.061844],[128.846743,35.061936],[128.846774,35.061968],[128.846863,35.061905],[128.847105,35.062089],[128.84713,35.062075],[128.847323,35.062181],[128.847367,35.062126],[128.847782,35.062477],[128.847648,35.062592],[128.847624,35.062589],[128.847552,35.062649],[128.847575,35.062672],[128.847504,35.062711],[128.847462,35.062806],[128.847215,35.062935],[128.847187,35.062906],[128.847115,35.0629],[128.84705,35.062938],[128.846968,35.063021],[128.846977,35.06307],[128.846747,35.063267],[128.846521,35.063499],[128.846384,35.06362],[128.8463,35.063684],[128.846202,35.063732],[128.846016,35.063782],[128.845898,35.063798],[128.845815,35.063794],[128.845626,35.063822],[128.845573,35.063768],[128.845396,35.063829],[128.845436,35.063932],[128.845168,35.064061],[128.845106,35.063985],[128.844703,35.064102],[128.844701,35.064072],[128.844448,35.064155],[128.844422,35.064116],[128.844142,35.064196],[128.844107,35.064177],[128.843517,35.064298],[128.843503,35.064246],[128.843362,35.064268],[128.84331,35.064217],[128.843185,35.064258],[128.843247,35.064445],[128.843125,35.064442],[128.843127,35.06427],[128.842869,35.064283],[128.842767,35.064297],[128.842738,35.064166],[128.842604,35.064168],[128.842574,35.064093],[128.842368,35.064135],[128.84234,35.064092],[128.842021,35.064175],[128.842008,35.064267],[128.841922,35.064308],[128.841925,35.064351],[128.84188,35.064375],[128.841835,35.064348],[128.84176,35.064454],[128.841437,35.064508],[128.841346,35.06449],[128.841282,35.064498],[128.841258,35.064455],[128.841043,35.064523],[128.841042,35.064632],[128.841014,35.064677],[128.840951,35.064804],[128.840953,35.064963],[128.840962,35.065081],[128.840823,35.065235],[128.840603,35.065345],[128.840471,35.065395],[128.840392,35.065524],[128.840484,35.065758],[128.840399,35.065873],[128.840425,35.06607],[128.840302,35.06607],[128.840296,35.066187],[128.840238,35.066199],[128.840341,35.066517],[128.840093,35.066658],[128.840168,35.066711],[128.839831,35.066842],[128.839723,35.066919],[128.839534,35.066968],[128.839475,35.066936],[128.839353,35.066972],[128.839279,35.066883],[128.839017,35.066924],[128.839097,35.06706],[128.838485,35.067147],[128.838444,35.066969],[128.838279,35.066935],[128.838114,35.0669],[128.838105,35.066816],[128.837766,35.066868],[128.837684,35.066972],[128.837399,35.067099],[128.83717,35.067231],[128.837103,35.06704],[128.836621,35.067032],[128.836577,35.067124],[128.836745,35.067245],[128.836817,35.067324],[128.83675,35.067423],[128.83666,35.067617],[128.836611,35.067721],[128.836663,35.067745],[128.836648,35.067798],[128.836552,35.067793],[128.836546,35.067971],[128.836639,35.067972],[128.836636,35.06803],[128.836525,35.068031],[128.836462,35.068012],[128.836453,35.068149],[128.836497,35.06815],[128.836567,35.068299],[128.836653,35.068703],[128.836764,35.069037],[128.836798,35.069126],[128.836823,35.069119],[128.836843,35.069159],[128.83679,35.069248],[128.836908,35.069783],[128.836902,35.069843],[128.836982,35.069909],[128.836921,35.06997],[128.836988,35.070319],[128.837159,35.070831],[128.83723,35.071253],[128.837148,35.071967],[128.837132,35.072241],[128.8371,35.072231],[128.837041,35.072421],[128.837025,35.072517],[128.837024,35.072626],[128.837077,35.072656],[128.837105,35.073036],[128.837066,35.073076],[128.837073,35.073374],[128.837083,35.073631],[128.837116,35.073633],[128.837113,35.073714],[128.837015,35.073762],[128.836966,35.073832],[128.837018,35.073882],[128.837044,35.07391],[128.837147,35.074039],[128.837207,35.074168],[128.837385,35.074378],[128.837348,35.074397],[128.837415,35.074484],[128.837465,35.074457],[128.837507,35.074505],[128.83749,35.074663],[128.837547,35.074802],[128.837832,35.074777],[128.837866,35.074851],[128.838026,35.074823],[128.838033,35.074863],[128.838141,35.074844],[128.838167,35.074882],[128.838284,35.074864],[128.838275,35.074833],[128.8384,35.074822],[128.838411,35.074853],[128.838884,35.074735],[128.838998,35.074703],[128.839161,35.074614],[128.839206,35.074631],[128.839288,35.074604],[128.839254,35.074544],[128.839446,35.074471],[128.839484,35.07452],[128.839761,35.074407],[128.839938,35.074231],[128.839977,35.074247],[128.840121,35.074062],[128.840067,35.074024],[128.840186,35.073874],[128.840351,35.073628],[128.840269,35.073586],[128.840417,35.073349],[128.840469,35.07337],[128.84051,35.073302],[128.84092,35.073487],[128.840842,35.073609],[128.840919,35.073647],[128.841031,35.073488],[128.840482,35.073251],[128.840529,35.073168],[128.840608,35.073193],[128.840758,35.072911],[128.840844,35.072936],[128.840913,35.072818],[128.84092,35.072684],[128.840999,35.072554],[128.840934,35.072529],[128.841014,35.072383],[128.841109,35.072432],[128.841299,35.072005],[128.841337,35.072025],[128.841338,35.072052],[128.841389,35.072077],[128.841421,35.072027],[128.841379,35.07201],[128.841464,35.071869],[128.841367,35.07184],[128.841426,35.071596],[128.841481,35.071622],[128.84157,35.07145],[128.841518,35.071417],[128.841503,35.071309],[128.841426,35.071304],[128.841416,35.071095],[128.841522,35.07092],[128.8414,35.070859],[128.841502,35.070641],[128.841597,35.070664],[128.841669,35.070558],[128.841726,35.070581],[128.841795,35.070615],[128.841892,35.070533],[128.841802,35.070468],[128.84196,35.070235],[128.841908,35.070239],[128.842186,35.069888],[128.842016,35.069776],[128.842128,35.069669],[128.842215,35.069647],[128.84226,35.069608],[128.842293,35.069539],[128.842393,35.069502],[128.842521,35.069479],[128.842605,35.069468],[128.842986,35.069467],[128.843055,35.069443],[128.843627,35.069388],[128.844152,35.069303],[128.844253,35.069235],[128.844382,35.069199],[128.844516,35.069164],[128.844626,35.069144],[128.844975,35.069206],[128.845094,35.069229],[128.845159,35.069227],[128.845213,35.069212],[128.845796,35.06896],[128.846012,35.068954],[128.846112,35.068948],[128.846158,35.068938],[128.846213,35.068917],[128.846427,35.068815],[128.84701,35.068607],[128.847116,35.068594],[128.847404,35.068695],[128.847799,35.06878],[128.847855,35.068767],[128.848013,35.068669],[128.848227,35.068583],[128.848445,35.068541],[128.848779,35.068463],[128.848821,35.06855],[128.848915,35.068529],[128.848903,35.068438],[128.849171,35.068405],[128.84947,35.068398],[128.849436,35.068509],[128.849469,35.068518],[128.849524,35.06846],[128.849631,35.068427],[128.849787,35.068466],[128.850117,35.068673],[128.85024,35.068747],[128.85026,35.068822],[128.850504,35.068879],[128.850513,35.068936],[128.850527,35.068964],[128.850634,35.068985],[128.850714,35.068985],[128.850855,35.068983],[128.85094,35.06897],[128.850954,35.06894],[128.851054,35.068956],[128.85106,35.068942],[128.851884,35.069025],[128.851867,35.069417],[128.851912,35.06942],[128.851979,35.069423],[128.85201,35.069236],[128.852098,35.069108],[128.852426,35.069136],[128.852514,35.069086],[128.85252,35.06904],[128.852991,35.069019],[128.852995,35.069137],[128.853142,35.069122],[128.853153,35.069161],[128.853309,35.069147],[128.8533,35.069099],[128.8535,35.069089],[128.853524,35.069168],[128.854119,35.069158],[128.854075,35.069068],[128.854522,35.069038],[128.85451,35.068961],[128.854646,35.068948],[128.854668,35.068979],[128.854861,35.068963],[128.854949,35.06924],[128.855049,35.069221],[128.854937,35.069047],[128.855016,35.068953],[128.855059,35.068477],[128.855071,35.068349],[128.8551,35.068301],[128.855012,35.06798],[128.855266,35.0677],[128.855355,35.06772],[128.855414,35.067563],[128.855525,35.067498],[128.855533,35.067391],[128.85564,35.067276],[128.855718,35.067337],[128.855931,35.067081],[128.856027,35.066893],[128.856098,35.06689],[128.856139,35.066845],[128.856144,35.066762],[128.856051,35.066669],[128.856111,35.066602],[128.856172,35.066616],[128.85626,35.06628],[128.856523,35.065892],[128.856781,35.065784],[128.85673,35.06564],[128.856842,35.065537],[128.857037,35.065455],[128.857432,35.065436],[128.857878,35.06475],[128.858441,35.064498],[128.858473,35.064446],[128.858433,35.064385],[128.858186,35.064376],[128.858637,35.064234],[128.858619,35.064088],[128.858485,35.064084],[128.858422,35.064045],[128.858336,35.063896],[128.858255,35.063773],[128.857978,35.06368],[128.85784,35.063733],[128.857776,35.063678],[128.857515,35.063696],[128.857274,35.063661],[128.857237,35.063669],[128.856955,35.063713],[128.85694,35.063786],[128.855825,35.063613],[128.855744,35.063505],[128.855608,35.063529],[128.855541,35.063482],[128.855557,35.063223],[128.85547,35.063246],[128.855407,35.063362],[128.855299,35.063209],[128.855201,35.063326],[128.855008,35.063339],[128.85517,35.063163],[128.854964,35.063013],[128.8548,35.063147],[128.85475,35.06313],[128.854738,35.06292],[128.854604,35.062933],[128.854591,35.063055],[128.854427,35.063049],[128.854345,35.062873],[128.8541,35.062879],[128.854125,35.063045],[128.853936,35.063067],[128.853745,35.06295],[128.853329,35.062898],[128.852891,35.062987],[128.851625,35.062647],[128.85063,35.062367],[128.85032,35.062493],[128.850024,35.062439],[128.849893,35.062361],[128.849497,35.062266],[128.8494,35.062255],[128.848334,35.061835],[128.848349,35.0618],[128.847319,35.061359],[128.846786,35.060913],[128.845755,35.059652],[128.845784,35.059225],[128.845983,35.058032],[128.846127,35.057757],[128.846342,35.057536],[128.84643,35.05728],[128.846544,35.056964],[128.846483,35.056355],[128.846687,35.055995],[128.847111,35.055518],[128.847201,35.055521],[128.847329,35.055351],[128.847308,35.055278],[128.84765,35.054898],[128.847838,35.054902],[128.847886,35.054842],[128.848296,35.055173],[128.848314,35.055593],[128.848396,35.05561],[128.848391,35.055141],[128.84809,35.054867],[128.848261,35.054566],[128.848257,35.054505],[128.848438,35.054142],[128.848495,35.05395],[128.848582,35.053833],[128.848686,35.053771],[128.848668,35.053698],[128.849141,35.052914],[128.849928,35.052114],[128.850139,35.051384],[128.85035,35.0506],[128.85035,35.05034],[128.85035,35.04777],[128.85036,35.04726],[128.85036,35.04623],[128.85036,35.04546],[128.85067,35.04419],[128.85067,35.04392],[128.85067,35.04341],[128.85068,35.04315],[128.85068,35.04289],[128.851,35.04238],[128.8513,35.04212],[128.851394,35.041821],[128.851138,35.04161],[128.85083,35.04161],[128.85068,35.04032],[128.850341,35.039203],[128.849979,35.039086],[128.849864,35.038755],[128.849648,35.038765],[128.84959,35.038849],[128.849379,35.038782],[128.849008,35.038336],[128.849008,35.037688],[128.849335,35.037495],[128.849054,35.037287],[128.848827,35.037003],[128.848513,35.036842],[128.848298,35.036368],[128.848466,35.036258],[128.848546,35.036149],[128.848702,35.036048],[128.848826,35.035812],[128.848667,35.03566],[128.848707,35.035455],[128.848807,35.035321],[128.848852,35.035206],[128.848605,35.035227],[128.848567,35.034779],[128.848757,35.034489],[128.848633,35.034327],[128.848927,35.034207],[128.84872,35.033976],[128.848695,35.033857],[128.848379,35.033774],[128.84813,35.033593],[128.848008,35.033654],[128.847635,35.033182],[128.84741,35.03299],[128.8471,35.03299],[128.84694,35.03286],[128.846068,35.032517],[128.845922,35.032676],[128.845335,35.032447],[128.844793,35.032183],[128.84485,35.031973],[128.84469,35.031943],[128.844705,35.031714],[128.844462,35.031627],[128.844211,35.031713],[128.84399,35.031583],[128.843431,35.031091],[128.843305,35.030872],[128.843192,35.030679],[128.843003,35.030239],[128.843037,35.02981],[128.843185,35.029463],[128.84351,35.02926],[128.84383,35.02874],[128.843633,35.028485],[128.843522,35.028098],[128.843547,35.027485],[128.84312,35.026531],[128.842951,35.026165],[128.842245,35.025769],[128.841974,35.02466],[128.841853,35.023973],[128.840652,35.023172],[128.840273,35.02255],[128.840146,35.022221],[128.839855,35.022018],[128.839784,35.021376],[128.839956,35.021147],[128.839847,35.020045],[128.839538,35.01996],[128.839122,35.019167],[128.839188,35.018752],[128.838877,35.018682],[128.838436,35.017671],[128.837867,35.017719],[128.837751,35.017482],[128.837216,35.017348],[128.836173,35.016984],[128.835444,35.016464],[128.835057,35.015958],[128.834855,35.015422],[128.834907,35.014293],[128.835034,35.014274],[128.835035,35.014209],[128.835337,35.014215],[128.835618,35.015131],[128.835718,35.015127],[128.835778,35.015088],[128.835481,35.014098],[128.835432,35.014055],[128.83506,35.014064],[128.835079,35.013989],[128.835202,35.013882],[128.835526,35.013723],[128.835563,35.013612],[128.835504,35.0135],[128.835391,35.013478],[128.835373,35.013621],[128.835223,35.013663],[128.834932,35.013598],[128.834665,35.013247],[128.834357,35.012191],[128.834324,35.011762],[128.834695,35.010685],[128.835025,35.010621],[128.8359,35.01049],[128.836203,35.010269],[128.83664,35.009658],[128.837154,35.009446],[128.83805,35.009012],[128.838387,35.008844],[128.83935,35.0087],[128.839944,35.008242],[128.84059,35.00792],[128.84074,35.00767],[128.84106,35.00741],[128.84106,35.00716],[128.841265,35.006776],[128.841375,35.005835],[128.840758,35.004725],[128.840565,35.004792],[128.840226,35.004552],[128.840025,35.003594],[128.839627,35.00304],[128.839823,35.002814],[128.839569,35.002282],[128.839464,35.001848],[128.839099,35.001038],[128.838655,35.000677],[128.83826,35.0002],[128.837523,35.000223],[128.837436,34.999675],[128.83764,34.99944],[128.838097,34.998794],[128.83873,34.99842],[128.83889,34.99816],[128.83919,34.9979],[128.839123,34.997743],[128.83898,34.99774],[128.839012,34.997625],[128.839165,34.997494],[128.839044,34.997433],[128.838938,34.997421],[128.838908,34.997512],[128.838565,34.997509],[128.838078,34.997356],[128.837479,34.997168],[128.837353,34.996255],[128.837059,34.995773],[128.836488,34.995654],[128.836044,34.995887],[128.835766,34.995616],[128.8353,34.99494],[128.834935,34.994826],[128.834769,34.993037],[128.83484,34.99276],[128.83469,34.99263],[128.834408,34.992744],[128.833565,34.992631],[128.833108,34.992782],[128.832827,34.992793],[128.832453,34.992356],[128.832416,34.992245],[128.832215,34.992273],[128.832015,34.992255],[128.832173,34.992143],[128.832286,34.992031],[128.83158,34.99161],[128.831332,34.991594],[128.831407,34.991475],[128.831026,34.991003],[128.83095,34.990921],[128.830544,34.990825],[128.830396,34.990894],[128.829931,34.990817],[128.830403,34.990739],[128.83035,34.990474],[128.829867,34.989776],[128.829781,34.989044],[128.828773,34.988655],[128.82857,34.988593],[128.828311,34.988619],[128.827871,34.988624],[128.82767,34.98864],[128.827716,34.988905],[128.827612,34.988924],[128.827432,34.988818],[128.827419,34.989036],[128.827785,34.989434],[128.82751,34.98941],[128.827128,34.989713],[128.82751,34.98992],[128.828046,34.99006],[128.827899,34.990401],[128.82814,34.991314],[128.82889,34.991909],[128.829089,34.992639],[128.82969,34.99288],[128.82953,34.99301],[128.829965,34.993349],[128.829585,34.99342],[128.829945,34.994064],[128.83,34.99455],[128.83002,34.994772],[128.8298,34.994892],[128.829878,34.995068],[128.82936,34.995401],[128.829171,34.995314],[128.828952,34.995243],[128.82873,34.995146],[128.82843,34.99493],[128.82827,34.99506],[128.828216,34.995336],[128.82821,34.995525],[128.828025,34.995549],[128.828058,34.995731],[128.827977,34.995886],[128.827607,34.995844],[128.82718,34.9957],[128.82703,34.99557],[128.826401,34.995296],[128.826233,34.995503],[128.82531,34.995324],[128.824736,34.99497],[128.823905,34.994992],[128.82375,34.99467],[128.823057,34.994444],[128.822676,34.99465],[128.821861,34.994456],[128.821616,34.994862],[128.821766,34.995252],[128.82219,34.99557],[128.821877,34.997278],[128.82241,34.997599],[128.823,34.997818],[128.82324,34.997929],[128.823097,34.998395],[128.823022,34.998422],[128.822154,34.999091],[128.82218,34.99942],[128.822373,34.999578],[128.822523,35.000177],[128.822242,35.000333],[128.82233,35.00096],[128.822216,35.001196],[128.822023,35.001498],[128.821772,35.001526],[128.821446,35.00158],[128.821019,35.001548],[128.820606,35.001556],[128.820203,35.001823],[128.820168,35.001934],[128.820403,35.001985],[128.82024,35.002099],[128.820001,35.002077],[128.820067,35.002017],[128.819961,35.001837],[128.819792,35.001905],[128.819506,35.002237],[128.819247,35.002401],[128.819112,35.002736],[128.81911,35.003324],[128.819151,35.003484],[128.818889,35.003748],[128.818397,35.004032],[128.81811,35.0043],[128.818825,35.004664],[128.819383,35.004131],[128.82092,35.004346],[128.822102,35.004672],[128.822455,35.004607],[128.822561,35.005093],[128.822617,35.005073],[128.822671,35.005074],[128.822644,35.004818],[128.822609,35.00482],[128.822609,35.004728],[128.822633,35.004651],[128.82297,35.004578],[128.823273,35.004574],[128.823545,35.004919],[128.823709,35.005245],[128.823786,35.005578],[128.82329,35.005648],[128.823295,35.00569],[128.823299,35.005728],[128.823771,35.005646],[128.823835,35.00577],[128.823922,35.006258],[128.823799,35.006927],[128.823595,35.007274],[128.823158,35.007505],[128.823124,35.007508],[128.82248,35.007568],[128.822085,35.008126],[128.82169,35.00816],[128.821598,35.008479],[128.821334,35.008758],[128.820417,35.00899],[128.819752,35.009324],[128.821619,35.009605],[128.823531,35.009996],[128.82465,35.01026],[128.825019,35.010284],[128.825137,35.010354],[128.825222,35.010341],[128.825251,35.01037],[128.825828,35.010996],[128.825903,35.010953],[128.825483,35.010464],[128.825474,35.010401],[128.825539,35.010395],[128.825592,35.010378],[128.825639,35.010416],[128.825691,35.010447],[128.825734,35.010386],[128.825765,35.0103],[128.825915,35.010392],[128.826094,35.010429],[128.82624,35.010425],[128.826282,35.010443],[128.826356,35.010356],[128.826504,35.010451],[128.826561,35.010548],[128.826692,35.01063],[128.82674,35.010674],[128.826765,35.010734],[128.826812,35.010791],[128.826813,35.010841],[128.826831,35.010879],[128.826933,35.010861],[128.827058,35.011187],[128.826936,35.011224],[128.826941,35.011243],[128.826978,35.011235],[128.827006,35.011293],[128.827044,35.011346],[128.82705,35.011467],[128.827104,35.011538],[128.827186,35.011625],[128.827299,35.011916],[128.82709,35.012048],[128.827022,35.012187],[128.826933,35.012191],[128.826932,35.012221],[128.825386,35.01227],[128.825209,35.011817],[128.82528,35.01179],[128.825301,35.011719],[128.825235,35.011656],[128.825164,35.011638],[128.825055,35.01167],[128.82503,35.011734],[128.825249,35.012315],[128.825255,35.012887],[128.825294,35.012922],[128.825368,35.012935],[128.825457,35.012919],[128.825483,35.012864],[128.825432,35.0128],[128.825409,35.012358],[128.827032,35.012313],[128.827129,35.012429],[128.827257,35.012515],[128.82744,35.012555],[128.827437,35.013113],[128.827361,35.013444],[128.827263,35.013676],[128.826754,35.01415],[128.826156,35.014404],[128.82563,35.014547],[128.825518,35.01501],[128.824839,35.015884],[128.823954,35.016678],[128.823235,35.01677],[128.822567,35.016692],[128.822314,35.016299],[128.82214,35.016152],[128.820841,35.016506],[128.819884,35.016737],[128.8198,35.01741],[128.81964,35.01753],[128.81901,35.01779],[128.81886,35.01792],[128.8187,35.01805],[128.817762,35.018368],[128.816742,35.018355],[128.816092,35.018078],[128.81526,35.01843],[128.81464,35.01843],[128.81464,35.01894],[128.813847,35.019076],[128.8137,35.01945],[128.81339,35.01932],[128.81323,35.0192],[128.812509,35.019205],[128.81246,35.019143],[128.812364,35.019121],[128.812219,35.019037],[128.812074,35.019032],[128.811822,35.018979],[128.811672,35.018961],[128.811235,35.019112],[128.811155,35.019166],[128.811077,35.019236],[128.811053,35.019542],[128.811212,35.019608],[128.81104,35.01971],[128.810922,35.020112],[128.811035,35.020233],[128.81096,35.020355],[128.811045,35.020553],[128.811179,35.020637],[128.811251,35.0208],[128.81104,35.02099],[128.811165,35.021405],[128.810944,35.021761],[128.81068,35.021888],[128.810325,35.021822],[128.809982,35.02176],[128.809339,35.021631],[128.80901,35.0215],[128.808433,35.021398],[128.807954,35.021299],[128.807701,35.021346],[128.807457,35.021426],[128.80713,35.02137],[128.806083,35.021206],[128.80593,35.021475],[128.805692,35.021873],[128.806136,35.022107],[128.8065,35.022499],[128.80662,35.022871],[128.806195,35.022978],[128.805916,35.023139],[128.805492,35.023261],[128.804787,35.023654],[128.804871,35.023758],[128.804718,35.023895],[128.804823,35.023925],[128.804805,35.024096],[128.804914,35.024141],[128.80524,35.02413],[128.805282,35.024164],[128.805446,35.024174],[128.805926,35.024195],[128.806339,35.024612],[128.807222,35.024908],[128.807575,35.024873],[128.80891,35.024226],[128.809047,35.024134],[128.809111,35.024143],[128.809345,35.024026],[128.809482,35.023972],[128.809862,35.02391],[128.81004,35.023885],[128.810128,35.02388],[128.810208,35.023945],[128.810294,35.024007],[128.810391,35.024071],[128.81047,35.024119],[128.81057,35.024173],[128.810651,35.024201],[128.810757,35.024215],[128.810879,35.024213],[128.810879,35.024191],[128.810971,35.024184],[128.810969,35.024142],[128.810881,35.024147],[128.810881,35.024133],[128.810726,35.02413],[128.810723,35.024143],[128.810688,35.024139],[128.810652,35.02413],[128.810593,35.024107],[128.81049,35.024045],[128.810377,35.023964],[128.810385,35.023955],[128.810327,35.023892],[128.81031,35.023854],[128.810396,35.02365],[128.810368,35.023584],[128.810441,35.023523],[128.810512,35.023415],[128.810629,35.023337],[128.810689,35.023308],[128.81075,35.023291],[128.81081,35.02329],[128.810862,35.023305],[128.810978,35.023355],[128.81108,35.023346],[128.81109,35.02364],[128.812118,35.023649],[128.81213,35.023389],[128.812841,35.023606],[128.813037,35.023617],[128.813232,35.023629],[128.813435,35.023673],[128.813793,35.024075],[128.814167,35.024431],[128.814425,35.024485],[128.814599,35.024566],[128.814806,35.02483],[128.814877,35.02508],[128.814886,35.025099],[128.81475,35.025132],[128.815185,35.026398],[128.815101,35.026403],[128.815029,35.026423],[128.814955,35.026461],[128.814882,35.026522],[128.814822,35.026582],[128.814781,35.02667],[128.814767,35.026735],[128.814767,35.026812],[128.814787,35.026899],[128.814824,35.026977],[128.81487,35.027039],[128.814942,35.027091],[128.815019,35.027139],[128.815124,35.027178],[128.815197,35.027187],[128.81527,35.027188],[128.815367,35.027167],[128.815384,35.027493],[128.815397,35.027986],[128.815369,35.028034],[128.815331,35.02807],[128.815276,35.028085],[128.815184,35.028087],[128.8151,35.02808],[128.815046,35.028095],[128.814981,35.028122],[128.814948,35.028157],[128.814918,35.028212],[128.81482,35.028444],[128.814684,35.028769],[128.814689,35.028833],[128.814798,35.028863],[128.815145,35.029179],[128.815224,35.029309],[128.815248,35.029322],[128.815275,35.029466],[128.815246,35.029506],[128.81521,35.029501],[128.815177,35.029486],[128.815175,35.029374],[128.815059,35.029348],[128.814732,35.029073],[128.814609,35.029049],[128.814551,35.02914],[128.81438,35.029234],[128.814333,35.029183],[128.813494,35.029617],[128.810748,35.029523],[128.810728,35.029699],[128.810432,35.029699],[128.810423,35.029513],[128.810139,35.029505],[128.810082,35.029584],[128.810104,35.029643],[128.809683,35.02985],[128.809649,35.029808],[128.809627,35.029804],[128.809589,35.02982],[128.809448,35.029636],[128.809071,35.029125],[128.808846,35.028748],[128.8089,35.028741],[128.808748,35.028202],[128.808649,35.027856],[128.808603,35.027859],[128.808595,35.027639],[128.808609,35.027347],[128.808632,35.027188],[128.80868,35.027197],[128.808705,35.027183],[128.808745,35.027008],[128.808723,35.026997],[128.808548,35.026973],[128.808522,35.026982],[128.808479,35.02716],[128.808458,35.027284],[128.808431,35.027486],[128.80843,35.027643],[128.808453,35.027653],[128.808462,35.027889],[128.808511,35.028028],[128.808484,35.028039],[128.808516,35.028149],[128.808645,35.028621],[128.80867,35.028629],[128.808706,35.028769],[128.808842,35.029018],[128.808825,35.029036],[128.80957,35.030017],[128.809741,35.029942],[128.809709,35.029899],[128.810147,35.029689],[128.810418,35.030004],[128.810443,35.030173],[128.810479,35.030315],[128.809688,35.030278],[128.809288,35.030601],[128.80942,35.030727],[128.809528,35.030865],[128.809268,35.031161],[128.809042,35.031213],[128.808872,35.031202],[128.808708,35.031363],[128.80852,35.03127],[128.80836,35.03152],[128.808427,35.031718],[128.808533,35.031862],[128.808553,35.031991],[128.808595,35.032199],[128.808488,35.032355],[128.808673,35.032466],[128.808763,35.032593],[128.808633,35.032927],[128.808358,35.033362],[128.808054,35.033591],[128.80799,35.033681],[128.807893,35.033686],[128.807813,35.033631],[128.807642,35.033659],[128.807594,35.033759],[128.80773,35.03385],[128.807834,35.033879],[128.807926,35.033804],[128.808063,35.033713],[128.808626,35.033719],[128.808952,35.033616],[128.809252,35.033556],[128.80948,35.033513],[128.809807,35.033469],[128.810037,35.03358],[128.81004,35.03367],[128.810013,35.033675],[128.810043,35.033917],[128.810125,35.033908],[128.810096,35.0335],[128.810493,35.03346],[128.810842,35.033402],[128.811038,35.033494],[128.811227,35.033643],[128.811763,35.034386],[128.811993,35.034891],[128.812393,35.036146],[128.812555,35.036777],[128.812689,35.037675],[128.812743,35.03872],[128.812566,35.039457],[128.81232,35.040053],[128.81193,35.04078],[128.81178,35.04091],[128.81162,35.04104],[128.81146,35.04117],[128.810974,35.041755],[128.810045,35.042498],[128.809459,35.042922],[128.808925,35.043259],[128.808621,35.043398],[128.807843,35.043461],[128.807853,35.043326],[128.807681,35.043458],[128.807516,35.043889],[128.807201,35.043912],[128.807555,35.044139],[128.80647,35.044832],[128.806073,35.044944],[128.806449,35.046476],[128.806163,35.046914],[128.805942,35.047325],[128.80552,35.047565],[128.804185,35.04796],[128.803255,35.048061],[128.80239,35.04783],[128.80206,35.04783],[128.80145,35.04758],[128.80051,35.04757],[128.8002,35.04757],[128.799471,35.047637],[128.799194,35.047776],[128.799121,35.047965],[128.79876,35.048186],[128.798772,35.048396],[128.799001,35.048542],[128.798537,35.048963],[128.798,35.048765],[128.797438,35.049168],[128.797422,35.04956],[128.797259,35.04978],[128.797227,35.04996],[128.797154,35.050073],[128.797178,35.050246],[128.797227,35.050605],[128.797406,35.050765],[128.797633,35.050911],[128.797552,35.051144],[128.797682,35.051324],[128.797723,35.051451],[128.79769,35.05155],[128.797641,35.052063],[128.797397,35.052576],[128.79706,35.05271],[128.79717,35.052988],[128.796633,35.052968],[128.796836,35.053201],[128.796836,35.053707],[128.797089,35.05402],[128.797853,35.054107],[128.798495,35.05424],[128.799032,35.054399],[128.799528,35.054692],[128.800146,35.054859],[128.801231,35.055068],[128.802162,35.055214],[128.802952,35.055267],[128.803182,35.055311],[128.80376,35.055413],[128.805269,35.055469],[128.805828,35.055597],[128.806097,35.055724],[128.806384,35.056047],[128.806717,35.056458],[128.806939,35.05691],[128.807048,35.05724],[128.806965,35.057258],[128.806861,35.057029],[128.806735,35.056659],[128.806518,35.05632],[128.806295,35.056039],[128.806137,35.055895],[128.805922,35.055754],[128.805574,35.055624],[128.80536,35.055579],[128.804856,35.055538],[128.802859,35.055475],[128.801147,35.055374],[128.800868,35.055318],[128.800829,35.055265],[128.800768,35.055241],[128.800698,35.055244],[128.800635,35.055277],[128.800132,35.055167],[128.799677,35.055031],[128.798831,35.054727],[128.798564,35.05466],[128.798339,35.05463],[128.79798,35.054621],[128.797886,35.05455],[128.797784,35.054536],[128.797711,35.054563],[128.797632,35.05461],[128.797514,35.054621],[128.797252,35.054605],[128.797125,35.054585],[128.796926,35.054517],[128.796676,35.054354],[128.796539,35.05425],[128.796425,35.054105],[128.796433,35.053917],[128.796396,35.053439],[128.796279,35.053376],[128.790994,35.053408],[128.790947,35.053472],[128.790963,35.053999],[128.790884,35.054159],[128.790855,35.054383],[128.790874,35.054583],[128.790943,35.054744],[128.79094,35.054987],[128.790988,35.055048],[128.79098,35.055416],[128.79088,35.055424],[128.790887,35.055572],[128.79099,35.05558],[128.790974,35.055729],[128.790928,35.055743],[128.790924,35.055871],[128.79098,35.055893],[128.790988,35.056058],[128.790938,35.056066],[128.79094,35.056241],[128.791005,35.056252],[128.791013,35.05638],[128.790943,35.056394],[128.790993,35.061667],[128.791638,35.061834],[128.791782,35.06191],[128.792277,35.062031],[128.792491,35.062131],[128.792778,35.062145],[128.793177,35.062255],[128.793374,35.062336],[128.793671,35.062366],[128.794052,35.062473],[128.794291,35.062517],[128.793755,35.064557],[128.793808,35.064608],[128.793755,35.064875],[128.804752,35.0667],[128.804744,35.066739],[128.804985,35.066782],[128.832394,35.071334],[128.83238,35.077633],[128.818192,35.077634],[128.818243,35.084546]]],[[[128.780124,35.00925],[128.780124,35.009193],[128.780157,35.00915],[128.780272,35.009156],[128.780361,35.009078],[128.780368,35.008866],[128.780331,35.008763],[128.780231,35.008751],[128.780113,35.008839],[128.779888,35.00893],[128.779722,35.008945],[128.779681,35.009008],[128.779681,35.00909],[128.779677,35.009199],[128.779707,35.009265],[128.77964,35.009314],[128.779585,35.009371],[128.779519,35.009356],[128.779412,35.00945],[128.779404,35.009519],[128.77943,35.009583],[128.779637,35.00961],[128.779788,35.009543],[128.77994,35.009441],[128.779917,35.009374],[128.780065,35.009353],[128.780124,35.00925]]],[[[128.776784,35.011164],[128.776723,35.011109],[128.776517,35.011176],[128.776446,35.011297],[128.776428,35.011451],[128.776481,35.011464],[128.776556,35.011424],[128.776643,35.011432],[128.776685,35.011386],[128.776676,35.011316],[128.776704,35.011254],[128.776755,35.011231],[128.776784,35.011164]]],[[[128.77615,35.010755],[128.776122,35.010744],[128.776083,35.010686],[128.776065,35.010647],[128.776027,35.010627],[128.775966,35.010635],[128.77593,35.010666],[128.775938,35.01071],[128.775955,35.010742],[128.775949,35.010789],[128.77597,35.010823],[128.775957,35.010839],[128.77593,35.010854],[128.775923,35.010876],[128.775895,35.010874],[128.775849,35.010839],[128.775784,35.010846],[128.775766,35.010863],[128.775765,35.010916],[128.775754,35.010963],[128.775734,35.011052],[128.775706,35.011134],[128.775687,35.011109],[128.775677,35.011047],[128.775654,35.011002],[128.775632,35.010986],[128.775624,35.011006],[128.775619,35.011035],[128.775615,35.01105],[128.7756,35.011021],[128.775597,35.011],[128.775568,35.010993],[128.77554,35.010933],[128.77555,35.010874],[128.77552,35.010792],[128.775498,35.010811],[128.775485,35.010842],[128.77547,35.010822],[128.775432,35.010807],[128.775384,35.010832],[128.775372,35.010897],[128.775359,35.010908],[128.775367,35.010958],[128.775324,35.010972],[128.775286,35.011007],[128.775253,35.011071],[128.775222,35.011011],[128.775199,35.010979],[128.775203,35.010951],[128.775179,35.010938],[128.775152,35.010952],[128.77512,35.010979],[128.775099,35.011017],[128.775103,35.011071],[128.775092,35.01109],[128.775106,35.01116],[128.77508,35.011198],[128.775097,35.011268],[128.775041,35.011261],[128.775058,35.011178],[128.775029,35.011106],[128.775026,35.010985],[128.775007,35.010872],[128.775018,35.010775],[128.774966,35.010663],[128.774946,35.010561],[128.774809,35.010532],[128.774782,35.010485],[128.774629,35.010398],[128.774565,35.010377],[128.774523,35.010334],[128.774471,35.010337],[128.774435,35.01035],[128.774354,35.010328],[128.774291,35.01032],[128.774271,35.010349],[128.774294,35.01041],[128.774248,35.010422],[128.774197,35.010427],[128.774138,35.010465],[128.774113,35.010469],[128.77412,35.010426],[128.774101,35.010388],[128.774058,35.010351],[128.77406,35.010302],[128.774023,35.010252],[128.773853,35.010291],[128.773702,35.010448],[128.77342,35.01065],[128.77311,35.01052],[128.77296,35.01039],[128.77279,35.01025],[128.77218,35.01013],[128.77202,35.01116],[128.7717,35.01243],[128.77154,35.01296],[128.77123,35.01296],[128.77123,35.01347],[128.771462,35.013967],[128.770944,35.013849],[128.770602,35.013687],[128.769322,35.013416],[128.768858,35.013488],[128.768439,35.013454],[128.768253,35.013121],[128.767867,35.012515],[128.767918,35.012198],[128.767768,35.012068],[128.767608,35.011938],[128.767458,35.011808],[128.766876,35.011682],[128.766394,35.011814],[128.765643,35.011867],[128.765428,35.011938],[128.765418,35.012188],[128.76546,35.012473],[128.765535,35.012965],[128.765471,35.013501],[128.765611,35.014151],[128.766348,35.014768],[128.766498,35.015278],[128.766818,35.015408],[128.767128,35.015668],[128.767448,35.015918],[128.768611,35.016072],[128.769008,35.015797],[128.769158,35.015538],[128.769353,35.015349],[128.769461,35.015369],[128.76945,35.0154],[128.770669,35.015627],[128.770684,35.015543],[128.772113,35.015846],[128.772301,35.015439],[128.771727,35.015286],[128.77185,35.01476],[128.772151,35.014646],[128.77248,35.01489],[128.772579,35.014908],[128.77348,35.014948],[128.773846,35.014951],[128.77435,35.01463],[128.77466,35.01438],[128.77499,35.01412],[128.775135,35.013931],[128.77535,35.013474],[128.77576,35.01296],[128.77607,35.012924],[128.775915,35.012647],[128.77576,35.012583],[128.775738,35.012294],[128.775571,35.012196],[128.77623,35.01143],[128.776371,35.011227],[128.776443,35.010933],[128.776448,35.010843],[128.776407,35.010794],[128.77637,35.010671],[128.776299,35.010652],[128.776234,35.010665],[128.776194,35.010682],[128.77617,35.010729],[128.77615,35.010755]]],[[[128.7631,35.01705],[128.7631,35.0168],[128.76341,35.0168],[128.763361,35.016307],[128.762977,35.016303],[128.762579,35.015895],[128.76216,35.01589],[128.76201,35.01602],[128.76169,35.01654],[128.761325,35.017134],[128.761481,35.01744],[128.761883,35.017709],[128.762795,35.017679],[128.762806,35.017226],[128.7631,35.01705]]],[[[128.951234,34.885381],[128.951278,34.885397],[128.951316,34.885393],[128.951315,34.885358],[128.951332,34.885337],[128.951382,34.885335],[128.951431,34.885336],[128.95141,34.885289],[128.95141,34.885261],[128.951451,34.885296],[128.951478,34.885327],[128.951522,34.885327],[128.951536,34.885264],[128.951446,34.885183],[128.951416,34.885197],[128.951377,34.885191],[128.951366,34.885157],[128.95134,34.885116],[128.951217,34.885041],[128.951167,34.885066],[128.951171,34.885128],[128.951188,34.885159],[128.951154,34.885187],[128.951151,34.885229],[128.951212,34.885285],[128.951234,34.885326],[128.951234,34.885381]]],[[[128.831223,34.990989],[128.831311,34.991102],[128.8314,34.991192],[128.831482,34.991283],[128.83157,34.991296],[128.831565,34.991242],[128.831471,34.991134],[128.831493,34.991075],[128.831383,34.990976],[128.831201,34.990917],[128.831223,34.990989]]],[[[128.840429,34.997258],[128.84039,34.997109],[128.840347,34.997058],[128.840347,34.996944],[128.840405,34.996881],[128.840376,34.996806],[128.840223,34.996696],[128.840083,34.99659],[128.839911,34.996559],[128.839704,34.996563],[128.839546,34.996578],[128.839493,34.996641],[128.839397,34.996661],[128.839359,34.996716],[128.839402,34.996806],[128.839224,34.996783],[128.83909,34.996838],[128.839004,34.996952],[128.839033,34.997074],[128.839056,34.997168],[128.839157,34.997129],[128.839186,34.997184],[128.839124,34.997243],[128.839181,34.99731],[128.839268,34.997353],[128.839464,34.997423],[128.839589,34.997447],[128.83981,34.997451],[128.839992,34.997443],[128.840275,34.997384],[128.84041,34.997345],[128.840429,34.997258]]],[[[128.839004,34.997215],[128.838917,34.997203],[128.838821,34.997239],[128.838865,34.997294],[128.839085,34.997333],[128.839056,34.997258],[128.839004,34.997215]]],[[[128.821413,35.001265],[128.821432,35.001225],[128.821379,35.001194],[128.821259,35.001198],[128.821216,35.001225],[128.821317,35.001249],[128.821413,35.001265]]],[[[128.820765,35.001253],[128.820602,35.001265],[128.820467,35.001328],[128.820429,35.001383],[128.820544,35.001434],[128.820621,35.001446],[128.820746,35.00143],[128.820885,35.001379],[128.821024,35.001316],[128.820986,35.001281],[128.820871,35.001257],[128.820765,35.001253]]],[[[128.820952,35.00152],[128.821288,35.00152],[128.82136,35.001434],[128.821384,35.00134],[128.821106,35.001367],[128.820746,35.001477],[128.820822,35.001512],[128.820952,35.00152]]],[[[128.819373,35.001815],[128.819153,35.001795],[128.819335,35.001768],[128.819297,35.001736],[128.819095,35.001713],[128.818946,35.001685],[128.818898,35.001733],[128.818927,35.001846],[128.818994,35.001921],[128.818884,35.00198],[128.818865,35.002055],[128.818874,35.002192],[128.818985,35.00222],[128.819047,35.00224],[128.819148,35.00224],[128.819301,35.00224],[128.819426,35.002208],[128.819479,35.002094],[128.819474,35.001933],[128.819455,35.001886],[128.819373,35.001815]]],[[[128.81851,35.003485],[128.818409,35.003564],[128.818687,35.003564],[128.818807,35.003592],[128.818788,35.003635],[128.818879,35.003619],[128.818894,35.003537],[128.818894,35.003368],[128.818788,35.003403],[128.81851,35.003485]]],[[[128.818505,35.003792],[128.818635,35.003808],[128.818711,35.003788],[128.818783,35.003725],[128.818697,35.003702],[128.818582,35.003702],[128.818423,35.003717],[128.818505,35.003792]]],[[[128.780977,35.008473],[128.780948,35.008431],[128.7809,35.00844],[128.780911,35.008515],[128.780984,35.008552],[128.780984,35.008606],[128.781099,35.008642],[128.781121,35.008576],[128.781121,35.008506],[128.781077,35.008443],[128.780977,35.008473]]],[[[128.780722,35.008857],[128.780804,35.008818],[128.780874,35.008836],[128.780955,35.008921],[128.781033,35.008917],[128.781143,35.008833],[128.781136,35.008784],[128.781184,35.008688],[128.780981,35.008679],[128.780841,35.008676],[128.780733,35.0087],[128.780567,35.008715],[128.780493,35.008763],[128.780442,35.008927],[128.780442,35.009066],[128.780493,35.009066],[128.780549,35.009014],[128.780586,35.009045],[128.780656,35.009045],[128.780671,35.008963],[128.7807,35.008921],[128.780807,35.008884],[128.780722,35.008857]]],[[[128.824482,35.010467],[128.824384,35.010746],[128.824333,35.011005],[128.824355,35.011039],[128.824511,35.011068],[128.824533,35.011015],[128.824461,35.011003],[128.824605,35.010551],[128.824624,35.01053],[128.824641,35.010498],[128.824641,35.010467],[128.824566,35.010451],[128.824523,35.010451],[128.824482,35.010467]]],[[[128.835948,35.013408],[128.835943,35.013463],[128.836006,35.013473],[128.836018,35.013525],[128.836069,35.013531],[128.836115,35.013531],[128.836144,35.013483],[128.83611,35.013456],[128.836106,35.013405],[128.83606,35.013343],[128.835973,35.01336],[128.835948,35.013408]]],[[[128.804164,35.022246],[128.804101,35.022316],[128.804113,35.022354],[128.804249,35.022291],[128.804245,35.022266],[128.804164,35.022246]]],[[[128.804288,35.022488],[128.80437,35.02246],[128.804452,35.022488],[128.804506,35.022459],[128.804557,35.022486],[128.804749,35.022424],[128.804679,35.022318],[128.804609,35.022335],[128.804552,35.02227],[128.804528,35.022306],[128.804484,35.022285],[128.804433,35.022323],[128.804402,35.022303],[128.80424,35.022415],[128.804288,35.022488]]],[[[128.849003,35.033793],[128.848981,35.033902],[128.84903,35.033978],[128.849086,35.034037],[128.849185,35.034082],[128.849279,35.034078],[128.849367,35.03401],[128.849427,35.033938],[128.84956,35.033807],[128.849532,35.033708],[128.849427,35.033712],[128.849301,35.033712],[128.849102,35.033721],[128.849003,35.033793]]],[[[128.849383,35.034159],[128.849279,35.034227],[128.849361,35.034245],[128.849449,35.034204],[128.849549,35.034159],[128.849582,35.034087],[128.849538,35.034042],[128.849444,35.03406],[128.849378,35.034105],[128.849383,35.034159]]],[[[128.793725,35.048162],[128.79406,35.048125],[128.794127,35.047881],[128.793942,35.047776],[128.789599,35.047785],[128.78725,35.0478],[128.787245,35.048156],[128.787559,35.048182],[128.787859,35.048022],[128.793671,35.048057],[128.793725,35.048162]]],[[[128.931357,35.048983],[128.930071,35.048816],[128.929087,35.04863],[128.928406,35.048484],[128.928246,35.048733],[128.928365,35.049326],[128.928379,35.050967],[128.928258,35.051451],[128.928136,35.052068],[128.927972,35.052649],[128.927724,35.053587],[128.927657,35.054063],[128.927887,35.055029],[128.928353,35.055813],[128.929017,35.05654],[128.929703,35.057085],[128.930313,35.05728],[128.930989,35.057097],[128.931125,35.056856],[128.930987,35.056585],[128.931054,35.056356],[128.930623,35.05615],[128.930238,35.05634],[128.930048,35.055988],[128.929564,35.055822],[128.929684,35.055452],[128.929821,35.055064],[128.929715,35.054722],[128.929586,35.054146],[128.929521,35.053196],[128.929707,35.052444],[128.929847,35.052073],[128.930278,35.051816],[128.930666,35.051577],[128.931103,35.051599],[128.931858,35.051312],[128.933071,35.051219],[128.934104,35.051303],[128.93566,35.051402],[128.937214,35.051091],[128.938119,35.051479],[128.938944,35.051145],[128.940148,35.05151],[128.941067,35.051123],[128.941699,35.051197],[128.941981,35.051622],[128.94238,35.051803],[128.942829,35.051746],[128.94373,35.051572],[128.94459,35.051648],[128.945387,35.05115],[128.946033,35.051332],[128.946926,35.051137],[128.94746,35.051143],[128.948022,35.05089],[128.948302,35.051102],[128.949039,35.051052],[128.950242,35.051127],[128.950927,35.051261],[128.951636,35.051195],[128.952134,35.051071],[128.952562,35.050883],[128.953044,35.05051],[128.953323,35.050161],[128.953749,35.049849],[128.9544,35.050047],[128.954608,35.050219],[128.954467,35.050731],[128.954948,35.051207],[128.95581,35.051315],[128.956034,35.051184],[128.955388,35.050532],[128.954965,35.050047],[128.954476,35.049702],[128.954172,35.049442],[128.953873,35.049266],[128.952575,35.049472],[128.952192,35.049546],[128.95083,35.049497],[128.949788,35.04949],[128.94829,35.049574],[128.94722,35.049597],[128.945877,35.049539],[128.944071,35.049495],[128.942764,35.049458],[128.941662,35.049484],[128.940839,35.049488],[128.93965,35.049438],[128.938117,35.049339],[128.935315,35.049253],[128.933897,35.049234],[128.932669,35.049092],[128.931357,35.048983]]],[[[128.939868,35.052726],[128.939648,35.052717],[128.939294,35.052713],[128.938428,35.0527],[128.938066,35.052838],[128.937776,35.053053],[128.937712,35.05328],[128.937736,35.053363],[128.93772,35.053506],[128.937819,35.053561],[128.937972,35.053376],[128.93831,35.053121],[128.938495,35.053104],[128.938661,35.05304],[128.938828,35.052948],[128.939021,35.052963],[128.939353,35.052939],[128.939667,35.05297],[128.939815,35.052992],[128.940794,35.053042],[128.941103,35.053042],[128.941488,35.053343],[128.941848,35.053492],[128.942006,35.053503],[128.94206,35.053354],[128.942054,35.053295],[128.942009,35.053185],[128.941904,35.053146],[128.941698,35.053031],[128.941271,35.052902],[128.940448,35.052799],[128.940198,35.052759],[128.939868,35.052726]]],[[[128.94366,35.053959],[128.943802,35.053957],[128.943885,35.05404],[128.944166,35.054134],[128.944401,35.054129],[128.944592,35.054192],[128.944766,35.054204],[128.944951,35.054305],[128.945158,35.054358],[128.945312,35.054479],[128.945495,35.054508],[128.945595,35.054554],[128.945649,35.054614],[128.94577,35.054667],[128.945911,35.054636],[128.946188,35.054713],[128.946244,35.05483],[128.94654,35.054969],[128.94667,35.054946],[128.946912,35.054976],[128.9471,35.05512],[128.947258,35.055068],[128.947385,35.05497],[128.94751,35.054949],[128.94764,35.054876],[128.947594,35.054682],[128.947709,35.054541],[128.947465,35.054442],[128.94733,35.0544],[128.947175,35.054283],[128.94697,35.054179],[128.946955,35.054081],[128.946788,35.054028],[128.946592,35.053892],[128.946419,35.053872],[128.946272,35.053796],[128.94585,35.053907],[128.945344,35.053807],[128.944961,35.053676],[128.944654,35.053602],[128.944427,35.053495],[128.944173,35.053454],[128.943938,35.05356],[128.94379,35.053555],[128.943559,35.053415],[128.94337,35.053418],[128.943157,35.053425],[128.943036,35.053499],[128.942976,35.053563],[128.942937,35.053653],[128.942957,35.053731],[128.943128,35.053736],[128.943301,35.053817],[128.943367,35.053793],[128.943458,35.053799],[128.94366,35.053959]]],[[[128.935596,35.054123],[128.935404,35.054375],[128.935407,35.054819],[128.935338,35.054933],[128.935297,35.055203],[128.935416,35.055647],[128.935472,35.055905],[128.935398,35.056092],[128.935416,35.056317],[128.935423,35.056538],[128.935372,35.056611],[128.935304,35.056631],[128.935297,35.056712],[128.935359,35.056748],[128.935601,35.057256],[128.935543,35.057354],[128.935514,35.057549],[128.935396,35.057646],[128.935332,35.057585],[128.935245,35.057609],[128.935154,35.057752],[128.935032,35.057824],[128.934975,35.057896],[128.935,35.057983],[128.934944,35.058147],[128.935073,35.058284],[128.935193,35.058757],[128.935133,35.058787],[128.935061,35.058766],[128.934942,35.058843],[128.934819,35.059013],[128.934852,35.05917],[128.934917,35.05926],[128.934957,35.059474],[128.935042,35.059476],[128.935072,35.059566],[128.935004,35.059629],[128.935105,35.05996],[128.935196,35.060089],[128.93517,35.06016],[128.935208,35.060352],[128.935276,35.060401],[128.93537,35.060446],[128.935449,35.060431],[128.93549,35.060388],[128.935606,35.060417],[128.935712,35.060485],[128.935877,35.060563],[128.935964,35.060743],[128.936025,35.060733],[128.936085,35.060724],[128.936128,35.060631],[128.936259,35.06062],[128.936305,35.060563],[128.936291,35.060506],[128.936229,35.060451],[128.935894,35.060278],[128.935797,35.060246],[128.93574,35.06021],[128.935731,35.060115],[128.935783,35.060073],[128.935679,35.059947],[128.935623,35.059719],[128.935477,35.059528],[128.935512,35.059353],[128.93567,35.05929],[128.935951,35.059341],[128.936196,35.059349],[128.936421,35.059287],[128.936479,35.059121],[128.936559,35.059112],[128.936636,35.059158],[128.936668,35.059243],[128.936784,35.059328],[128.936915,35.059318],[128.936896,35.059258],[128.937005,35.059255],[128.937109,35.059225],[128.937245,35.059243],[128.937286,35.05928],[128.937297,35.059342],[128.937374,35.059343],[128.937624,35.059063],[128.937744,35.059091],[128.937729,35.059222],[128.93778,35.059242],[128.937761,35.059317],[128.937711,35.05934],[128.937906,35.059479],[128.938217,35.05944],[128.938267,35.059369],[128.938377,35.059341],[128.938438,35.059227],[128.938508,35.059202],[128.938613,35.059184],[128.938697,35.059356],[128.938927,35.059448],[128.938978,35.059435],[128.93902,35.05947],[128.939076,35.059426],[128.939048,35.059325],[128.93907,35.059254],[128.939656,35.059135],[128.939711,35.059017],[128.939841,35.059092],[128.939843,35.058976],[128.939961,35.058928],[128.940091,35.058963],[128.940284,35.058927],[128.94058,35.058922],[128.940614,35.059019],[128.940842,35.059017],[128.941088,35.058976],[128.94112,35.058899],[128.941429,35.058867],[128.941456,35.05894],[128.941544,35.058941],[128.941612,35.058878],[128.941685,35.058886],[128.941708,35.059],[128.941786,35.059019],[128.941856,35.058938],[128.942048,35.058947],[128.942094,35.058992],[128.942144,35.058897],[128.942222,35.058881],[128.942267,35.05891],[128.942476,35.058866],[128.942517,35.05878],[128.942556,35.058785],[128.942647,35.058932],[128.943142,35.059051],[128.943232,35.059036],[128.94341,35.05909],[128.943524,35.059032],[128.94357,35.058923],[128.943895,35.059106],[128.94399,35.059208],[128.944056,35.059102],[128.944318,35.059127],[128.944385,35.059203],[128.944493,35.059114],[128.945153,35.059167],[128.94521,35.059127],[128.945381,35.059214],[128.945593,35.058991],[128.945658,35.058915],[128.945732,35.058918],[128.945885,35.058947],[128.945963,35.059011],[128.946288,35.058898],[128.946621,35.058847],[128.946723,35.058755],[128.946845,35.058794],[128.946874,35.058864],[128.947039,35.05882],[128.947071,35.058872],[128.947055,35.058934],[128.947231,35.058855],[128.947374,35.058778],[128.947399,35.058807],[128.947631,35.058756],[128.947802,35.058779],[128.948203,35.058622],[128.948299,35.058579],[128.948151,35.058509],[128.948036,35.058459],[128.947807,35.05833],[128.947636,35.058224],[128.947327,35.05806],[128.947134,35.057954],[128.946879,35.05784],[128.946515,35.057693],[128.946089,35.057474],[128.945997,35.057389],[128.945713,35.057317],[128.945458,35.057338],[128.945335,35.057301],[128.945229,35.057296],[128.945186,35.057142],[128.944868,35.057095],[128.94464,35.057097],[128.944346,35.057056],[128.944166,35.057107],[128.9439,35.057144],[128.943723,35.057144],[128.943428,35.057157],[128.943108,35.057116],[128.942874,35.057192],[128.942415,35.057157],[128.942346,35.057098],[128.941928,35.057058],[128.941892,35.057081],[128.941757,35.057069],[128.941688,35.057027],[128.940829,35.056849],[128.940341,35.056709],[128.939866,35.056509],[128.939247,35.056289],[128.939066,35.056156],[128.938863,35.056109],[128.938638,35.055973],[128.938463,35.055929],[128.938261,35.055763],[128.938156,35.055737],[128.938113,35.055669],[128.937984,35.055523],[128.937837,35.055462],[128.937719,35.055355],[128.937621,35.055259],[128.937453,35.055137],[128.937285,35.055125],[128.936978,35.055275],[128.936838,35.055346],[128.936583,35.055385],[128.936454,35.055458],[128.936336,35.055493],[128.936194,35.055469],[128.936138,35.055429],[128.936063,35.055278],[128.936076,35.055144],[128.936194,35.054944],[128.936387,35.054693],[128.9365,35.054514],[128.93647,35.054419],[128.936257,35.054228],[128.936173,35.054062],[128.936189,35.053987],[128.936153,35.053885],[128.935927,35.053846],[128.935763,35.053901],[128.935665,35.054025],[128.935708,35.054082],[128.935596,35.054123]]],[[[128.919154,35.057997],[128.91943,35.058048],[128.919658,35.057942],[128.920066,35.058226],[128.920214,35.058589],[128.920179,35.058854],[128.920308,35.059413],[128.920447,35.059857],[128.920417,35.060246],[128.920559,35.060866],[128.92054,35.061029],[128.920351,35.061135],[128.92036,35.061231],[128.920796,35.061304],[128.921144,35.061277],[128.921382,35.061172],[128.921476,35.061183],[128.921543,35.061202],[128.921658,35.061194],[128.921782,35.061106],[128.921997,35.060427],[128.922191,35.059697],[128.922325,35.059128],[128.922273,35.058771],[128.922119,35.05843],[128.921928,35.058146],[128.921675,35.057897],[128.92073,35.05717],[128.9203,35.056781],[128.919972,35.05644],[128.919454,35.055863],[128.919061,35.055509],[128.918778,35.055332],[128.918354,35.055294],[128.917964,35.055327],[128.916783,35.055469],[128.914821,35.055756],[128.912667,35.056157],[128.911087,35.05657],[128.910095,35.056899],[128.909328,35.057048],[128.9084,35.057091],[128.906804,35.057277],[128.902386,35.058068],[128.897789,35.05872],[128.893778,35.059212],[128.891694,35.059533],[128.889984,35.060046],[128.888914,35.060321],[128.887809,35.060495],[128.887378,35.060567],[128.887117,35.060657],[128.886706,35.0608],[128.885508,35.061056],[128.885054,35.061477],[128.883922,35.06204],[128.883288,35.062164],[128.882422,35.062617],[128.882252,35.062786],[128.882254,35.062966],[128.882487,35.062976],[128.882829,35.062948],[128.883,35.062871],[128.883195,35.062928],[128.883484,35.062922],[128.884034,35.063095],[128.884273,35.063111],[128.884947,35.063376],[128.885455,35.063449],[128.885761,35.063565],[128.886021,35.063796],[128.886232,35.063972],[128.886551,35.064163],[128.886924,35.064343],[128.887523,35.064671],[128.887938,35.064787],[128.888134,35.064774],[128.888257,35.064793],[128.888518,35.064702],[128.888711,35.064606],[128.888657,35.064399],[128.888737,35.064221],[128.888712,35.063914],[128.88875,35.063572],[128.888883,35.063513],[128.888896,35.06339],[128.888936,35.063313],[128.889017,35.063253],[128.889061,35.063005],[128.889139,35.062795],[128.889276,35.062774],[128.889432,35.062617],[128.889456,35.062502],[128.889547,35.062449],[128.889751,35.062338],[128.889772,35.062294],[128.889801,35.06228],[128.889815,35.062251],[128.889844,35.062235],[128.88983,35.062181],[128.890101,35.062051],[128.890929,35.061732],[128.891113,35.061535],[128.891297,35.061483],[128.891611,35.061293],[128.891701,35.061329],[128.891964,35.061247],[128.892123,35.06121],[128.892199,35.061242],[128.892332,35.061172],[128.892485,35.061206],[128.892546,35.061145],[128.892631,35.061191],[128.893644,35.061089],[128.893796,35.061074],[128.894165,35.060973],[128.893712,35.061375],[128.893578,35.061441],[128.893391,35.061646],[128.893402,35.061876],[128.893533,35.061892],[128.893678,35.061775],[128.893766,35.061624],[128.893958,35.061569],[128.894054,35.061656],[128.894219,35.061725],[128.894452,35.061593],[128.894662,35.061361],[128.895105,35.061365],[128.895229,35.061279],[128.895383,35.061305],[128.895402,35.061425],[128.895491,35.061432],[128.895611,35.06136],[128.895605,35.061154],[128.895726,35.061074],[128.89575,35.060975],[128.895936,35.060955],[128.896053,35.060912],[128.896114,35.060942],[128.896243,35.060942],[128.896366,35.061141],[128.896446,35.061158],[128.896497,35.061047],[128.896531,35.060972],[128.896621,35.060955],[128.896756,35.060994],[128.89677,35.061089],[128.896928,35.061161],[128.896985,35.061273],[128.897075,35.061271],[128.897164,35.061207],[128.897266,35.061216],[128.897291,35.061261],[128.897357,35.061269],[128.897438,35.061209],[128.897497,35.061217],[128.897584,35.061129],[128.897579,35.061031],[128.897557,35.060949],[128.897597,35.060925],[128.897658,35.060925],[128.897666,35.060728],[128.897637,35.06069],[128.897804,35.060549],[128.897799,35.060652],[128.897978,35.060623],[128.89805,35.060521],[128.898164,35.060509],[128.898204,35.060467],[128.898202,35.060417],[128.898291,35.060359],[128.898347,35.060342],[128.898448,35.06028],[128.898527,35.060198],[128.89863,35.060161],[128.898727,35.060173],[128.898841,35.060084],[128.898916,35.060056],[128.899108,35.060035],[128.899149,35.059996],[128.899198,35.059965],[128.899204,35.059933],[128.899332,35.059891],[128.899352,35.059915],[128.899401,35.059916],[128.899436,35.059896],[128.899458,35.059868],[128.899703,35.059778],[128.899775,35.059802],[128.899867,35.059801],[128.899991,35.059684],[128.900232,35.059603],[128.900251,35.059531],[128.900321,35.059478],[128.900388,35.059474],[128.900462,35.059501],[128.900746,35.059499],[128.900812,35.059432],[128.900941,35.059372],[128.900979,35.059393],[128.90102,35.059378],[128.901056,35.059338],[128.901191,35.059307],[128.901271,35.059265],[128.901457,35.059283],[128.90152,35.059215],[128.901601,35.059171],[128.90169,35.059185],[128.901766,35.059222],[128.901885,35.059139],[128.901939,35.059154],[128.902059,35.059142],[128.902111,35.05917],[128.902184,35.059152],[128.902267,35.059079],[128.902286,35.059023],[128.902519,35.058908],[128.902556,35.058932],[128.902599,35.05892],[128.902687,35.058872],[128.90279,35.058882],[128.903058,35.058774],[128.903187,35.058815],[128.90329,35.05881],[128.903386,35.058765],[128.90352,35.058679],[128.903604,35.058706],[128.903683,35.058643],[128.903785,35.058659],[128.903867,35.058631],[128.904054,35.058517],[128.904175,35.058338],[128.904548,35.058249],[128.904733,35.058285],[128.904946,35.058335],[128.905184,35.058189],[128.905424,35.058126],[128.90583,35.058124],[128.906514,35.058274],[128.906768,35.058084],[128.907537,35.057982],[128.908204,35.058169],[128.908806,35.058216],[128.909276,35.058106],[128.909464,35.058186],[128.909041,35.058393],[128.908809,35.058523],[128.908381,35.058679],[128.90809,35.058756],[128.907695,35.05907],[128.907493,35.059201],[128.907248,35.059282],[128.907208,35.059421],[128.90704,35.059505],[128.906929,35.059499],[128.906604,35.059659],[128.906566,35.059614],[128.906479,35.059618],[128.906418,35.059804],[128.906312,35.059872],[128.906292,35.060068],[128.906311,35.060182],[128.906144,35.060237],[128.906106,35.060311],[128.905976,35.060404],[128.906054,35.060465],[128.90555,35.060877],[128.905514,35.06105],[128.905392,35.06114],[128.9053,35.061526],[128.90522,35.06166],[128.905135,35.06173],[128.905086,35.061797],[128.905058,35.06208],[128.905107,35.062263],[128.905418,35.062367],[128.90549,35.06248],[128.905733,35.062567],[128.905949,35.062589],[128.906016,35.062568],[128.906066,35.062553],[128.906081,35.062586],[128.90607,35.062637],[128.906164,35.062674],[128.906211,35.062626],[128.906272,35.062704],[128.906533,35.062726],[128.906589,35.062665],[128.906642,35.062734],[128.906765,35.062727],[128.906785,35.062767],[128.906843,35.062779],[128.906874,35.062728],[128.907041,35.062742],[128.907154,35.062734],[128.90719,35.062803],[128.907242,35.062803],[128.907248,35.062754],[128.90731,35.062708],[128.907322,35.062759],[128.907645,35.062913],[128.908011,35.062929],[128.908039,35.063043],[128.908556,35.063159],[128.908598,35.063081],[128.908696,35.063134],[128.908734,35.063055],[128.908808,35.063073],[128.908858,35.063031],[128.908987,35.063155],[128.909043,35.063096],[128.909124,35.063176],[128.90925,35.063237],[128.909134,35.063284],[128.909152,35.063321],[128.909278,35.063289],[128.909342,35.063391],[128.909553,35.063375],[128.909561,35.063308],[128.910014,35.063314],[128.910094,35.063378],[128.910203,35.063392],[128.910343,35.063329],[128.910467,35.063329],[128.910569,35.063357],[128.910626,35.063471],[128.910703,35.063493],[128.911089,35.063359],[128.911334,35.063486],[128.911514,35.063406],[128.911606,35.063382],[128.911673,35.063381],[128.911719,35.063256],[128.911799,35.063231],[128.91184,35.063328],[128.911949,35.0633],[128.912003,35.063218],[128.911895,35.063057],[128.911594,35.063058],[128.911443,35.063021],[128.911361,35.06291],[128.911097,35.062772],[128.910892,35.062734],[128.910811,35.062605],[128.910546,35.062556],[128.910525,35.062415],[128.910681,35.062418],[128.910688,35.062334],[128.910588,35.062087],[128.910802,35.061956],[128.91081,35.06171],[128.911442,35.061523],[128.911692,35.061652],[128.911944,35.061688],[128.911908,35.061819],[128.912097,35.061893],[128.912384,35.061898],[128.912682,35.061808],[128.912699,35.061697],[128.912983,35.0617],[128.912924,35.061841],[128.913141,35.062048],[128.913389,35.062009],[128.913627,35.061937],[128.914071,35.062089],[128.914263,35.062062],[128.914214,35.061895],[128.914466,35.061649],[128.914918,35.061816],[128.915146,35.061824],[128.915191,35.062011],[128.915281,35.062046],[128.915385,35.062041],[128.915451,35.061983],[128.915521,35.06203],[128.915605,35.062017],[128.915521,35.061967],[128.915554,35.061917],[128.915618,35.061911],[128.915641,35.061935],[128.91577,35.061935],[128.915824,35.061977],[128.915873,35.061951],[128.915937,35.061922],[128.915897,35.06181],[128.915987,35.06179],[128.916081,35.061872],[128.916162,35.061863],[128.916242,35.061778],[128.916249,35.061691],[128.916387,35.061701],[128.916465,35.061644],[128.916484,35.061604],[128.916595,35.061572],[128.916612,35.061607],[128.916567,35.061673],[128.916655,35.061712],[128.916669,35.06168],[128.916733,35.061676],[128.91675,35.06172],[128.916797,35.061679],[128.916744,35.061661],[128.916739,35.061638],[128.916816,35.061598],[128.916885,35.061595],[128.916997,35.061615],[128.91698,35.061584],[128.917015,35.061557],[128.91709,35.061612],[128.917042,35.061457],[128.917091,35.061447],[128.917136,35.061489],[128.917192,35.061481],[128.917203,35.061371],[128.917236,35.061338],[128.917318,35.061381],[128.917373,35.061446],[128.917477,35.061482],[128.917679,35.06146],[128.917568,35.06133],[128.917539,35.061344],[128.917331,35.061218],[128.91744,35.061146],[128.917471,35.061105],[128.917537,35.061101],[128.917546,35.061151],[128.91771,35.061174],[128.917752,35.061134],[128.917639,35.061054],[128.917671,35.061006],[128.917747,35.061006],[128.917789,35.060987],[128.917847,35.061009],[128.917932,35.060949],[128.918026,35.060957],[128.91827,35.060758],[128.918337,35.060763],[128.91843,35.060831],[128.918584,35.060879],[128.918683,35.06095],[128.918727,35.060974],[128.918776,35.060896],[128.918816,35.060937],[128.918885,35.060905],[128.918905,35.06095],[128.918911,35.061032],[128.918945,35.061057],[128.91898,35.060981],[128.919066,35.060973],[128.919047,35.061079],[128.919086,35.061108],[128.919173,35.061027],[128.919234,35.061022],[128.91925,35.06108],[128.919175,35.061158],[128.919068,35.06116],[128.91907,35.061236],[128.919466,35.061574],[128.919631,35.061452],[128.919763,35.060944],[128.919516,35.060389],[128.919443,35.060293],[128.919374,35.060055],[128.919322,35.05993],[128.919245,35.059812],[128.919203,35.059552],[128.919045,35.059159],[128.918825,35.058969],[128.918626,35.058551],[128.918633,35.058414],[128.918587,35.058369],[128.918535,35.058203],[128.918549,35.058142],[128.918336,35.057859],[128.91837,35.057763],[128.918431,35.057688],[128.918714,35.057588],[128.918793,35.057584],[128.918813,35.057763],[128.918916,35.057912],[128.919016,35.058017],[128.919154,35.057997]]],[[[128.791968,35.062289],[128.791998,35.062247],[128.791979,35.062184],[128.791925,35.062146],[128.791813,35.062155],[128.791743,35.062188],[128.791708,35.062254],[128.791684,35.062331],[128.791754,35.062377],[128.79181,35.062381],[128.791853,35.062331],[128.791917,35.062307],[128.791968,35.062289]]],[[[128.791582,35.062858],[128.791547,35.063023],[128.791561,35.063167],[128.791617,35.063262],[128.79178,35.063262],[128.791941,35.063231],[128.791968,35.063271],[128.791603,35.063385],[128.791421,35.063462],[128.791346,35.063587],[128.791357,35.063659],[128.791416,35.06371],[128.791473,35.063704],[128.791475,35.063745],[128.791499,35.0638],[128.791625,35.063825],[128.79177,35.063809],[128.791838,35.063848],[128.791929,35.063844],[128.792222,35.063863],[128.792269,35.063902],[128.792361,35.063926],[128.792446,35.063906],[128.792544,35.063796],[128.792727,35.063734],[128.792878,35.063609],[128.79295,35.06344],[128.792961,35.063279],[128.793041,35.063159],[128.793004,35.063117],[128.792936,35.063058],[128.792896,35.063012],[128.793017,35.062959],[128.793073,35.062933],[128.793025,35.062823],[128.79313,35.062794],[128.793178,35.062711],[128.793138,35.062594],[128.793047,35.062472],[128.792878,35.062377],[128.792711,35.062414],[128.792765,35.062586],[128.792738,35.062625],[128.792623,35.062524],[128.792491,35.062509],[128.79243,35.062437],[128.792261,35.062388],[128.791754,35.062636],[128.791582,35.062858]]],[[[128.902992,35.063662],[128.903148,35.063496],[128.903335,35.063382],[128.903451,35.063407],[128.903487,35.063241],[128.903481,35.063102],[128.903255,35.062905],[128.90312,35.06274],[128.902972,35.062724],[128.902862,35.062803],[128.902722,35.062906],[128.902609,35.063189],[128.902473,35.063343],[128.902364,35.063466],[128.902434,35.063598],[128.902547,35.063734],[128.902619,35.063756],[128.902992,35.063662]]],[[[128.916951,35.064497],[128.917046,35.064458],[128.917139,35.064549],[128.917406,35.064556],[128.917531,35.064544],[128.917623,35.064585],[128.917691,35.064505],[128.917661,35.06443],[128.91779,35.064423],[128.917806,35.064365],[128.917981,35.064373],[128.918039,35.064409],[128.918261,35.064429],[128.918517,35.064266],[128.918397,35.063989],[128.918277,35.06391],[128.917939,35.063861],[128.917763,35.063825],[128.917678,35.063865],[128.917547,35.063871],[128.917431,35.063829],[128.917324,35.063758],[128.917279,35.063654],[128.917142,35.063525],[128.916968,35.06352],[128.916779,35.063577],[128.916736,35.063474],[128.916512,35.063434],[128.916349,35.063654],[128.916317,35.063856],[128.916378,35.064103],[128.916357,35.064207],[128.916436,35.064409],[128.916566,35.064504],[128.916959,35.064539],[128.916951,35.064497]]],[[[128.949187,35.06549],[128.949205,35.065389],[128.949134,35.065273],[128.949039,35.065298],[128.94899,35.065386],[128.949034,35.065493],[128.949147,35.065515],[128.949187,35.06549]]],[[[128.872817,35.064014],[128.872322,35.063804],[128.871957,35.06378],[128.871492,35.063743],[128.870511,35.063721],[128.870164,35.063924],[128.869765,35.06426],[128.869205,35.064375],[128.868878,35.064537],[128.86761,35.064856],[128.866285,35.065673],[128.865563,35.066154],[128.864782,35.066637],[128.863837,35.067017],[128.862237,35.067724],[128.861213,35.06808],[128.859963,35.068322],[128.858869,35.06854],[128.857914,35.068876],[128.857773,35.068996],[128.857671,35.069143],[128.857681,35.06936],[128.857778,35.069583],[128.858067,35.070053],[128.858321,35.070339],[128.858668,35.07057],[128.859122,35.07068],[128.859773,35.070685],[128.860047,35.070825],[128.860134,35.07087],[128.860249,35.070895],[128.860421,35.070875],[128.860539,35.070816],[128.861178,35.070569],[128.861712,35.070317],[128.862028,35.069884],[128.862437,35.069658],[128.863079,35.069374],[128.863548,35.069262],[128.864143,35.069257],[128.864415,35.069482],[128.866458,35.069483],[128.868469,35.069452],[128.871241,35.069346],[128.87141,35.069497],[128.871688,35.069505],[128.871975,35.069565],[128.872249,35.069403],[128.872516,35.069541],[128.872771,35.069457],[128.873569,35.069384],[128.873726,35.069236],[128.873967,35.069115],[128.877689,35.068527],[128.881241,35.068033],[128.88272,35.067618],[128.882806,35.067722],[128.882833,35.067818],[128.882861,35.067901],[128.882903,35.067885],[128.882972,35.067933],[128.883008,35.067931],[128.883056,35.067907],[128.883075,35.067834],[128.883017,35.067788],[128.882952,35.067781],[128.88294,35.067695],[128.882994,35.067662],[128.883064,35.067563],[128.883169,35.067462],[128.883264,35.067416],[128.883299,35.067436],[128.883392,35.067431],[128.883531,35.067388],[128.883655,35.06735],[128.883794,35.067427],[128.88386,35.067525],[128.88383,35.067633],[128.883862,35.067696],[128.883907,35.067714],[128.884015,35.067694],[128.884082,35.067771],[128.884159,35.067804],[128.884267,35.067848],[128.88443,35.067893],[128.884517,35.067954],[128.884597,35.068011],[128.88465,35.068104],[128.884857,35.068145],[128.885008,35.0681],[128.885117,35.06801],[128.885204,35.067892],[128.885351,35.067755],[128.885394,35.06767],[128.885583,35.067636],[128.885687,35.067591],[128.885584,35.067037],[128.885546,35.06646],[128.885603,35.066111],[128.885612,35.065725],[128.885564,35.06558],[128.885409,35.06552],[128.885181,35.065497],[128.884826,35.065497],[128.883905,35.065511],[128.88286,35.065467],[128.881549,35.065379],[128.879945,35.065185],[128.878137,35.064989],[128.877468,35.064893],[128.8767,35.064639],[128.876089,35.064414],[128.875529,35.06443],[128.874912,35.064346],[128.874513,35.06435],[128.87388,35.064127],[128.872817,35.064014]]],[[[128.948367,35.067791],[128.948373,35.067558],[128.948503,35.067172],[128.948429,35.067117],[128.948318,35.067104],[128.948034,35.067194],[128.947972,35.067124],[128.947865,35.06716],[128.947961,35.067305],[128.947879,35.067358],[128.947673,35.067194],[128.947421,35.067186],[128.947253,35.067423],[128.947405,35.067636],[128.947251,35.067824],[128.947231,35.067979],[128.94706,35.067983],[128.946823,35.068017],[128.946604,35.068166],[128.946459,35.068572],[128.946377,35.069204],[128.946163,35.069826],[128.946081,35.070152],[128.946124,35.070172],[128.946139,35.070296],[128.946075,35.070343],[128.946225,35.070758],[128.946372,35.070821],[128.946617,35.070712],[128.946906,35.070305],[128.947157,35.069812],[128.947389,35.069317],[128.947492,35.069202],[128.947874,35.068419],[128.948059,35.068277],[128.948186,35.067953],[128.948367,35.067791]]],[[[128.94506,35.068936],[128.945069,35.069018],[128.945149,35.069156],[128.945412,35.069338],[128.945516,35.069287],[128.945504,35.069211],[128.945594,35.069137],[128.945601,35.068894],[128.94551,35.068799],[128.945299,35.068788],[128.945247,35.068816],[128.94506,35.068936]]],[[[128.943467,35.070771],[128.943406,35.070971],[128.9433,35.07111],[128.94315,35.07124],[128.943008,35.071522],[128.943051,35.071791],[128.943409,35.072355],[128.943595,35.072616],[128.94391,35.072865],[128.944151,35.07308],[128.944487,35.073202],[128.944623,35.073323],[128.944797,35.073313],[128.94496,35.073069],[128.945209,35.072751],[128.94539,35.072724],[128.945648,35.072139],[128.945648,35.072137],[128.945771,35.071879],[128.94562,35.071733],[128.945872,35.071673],[128.945999,35.071553],[128.946052,35.071395],[128.946033,35.07119],[128.946024,35.070999],[128.94594,35.070724],[128.94583,35.070579],[128.945682,35.070309],[128.9455,35.07008],[128.94534,35.06996],[128.94519,35.06983],[128.945014,35.069818],[128.944759,35.069764],[128.944528,35.069796],[128.944149,35.070013],[128.944006,35.070337],[128.943969,35.070463],[128.94396,35.070495],[128.94362,35.070445],[128.943494,35.070503],[128.943388,35.070712],[128.943467,35.070771]]],[[[128.908868,35.073731],[128.910283,35.074316],[128.910984,35.074798],[128.911679,35.075089],[128.913134,35.075567],[128.913349,35.075601],[128.913612,35.075685],[128.913933,35.075717],[128.914839,35.075981],[128.915416,35.076064],[128.915533,35.076126],[128.91627,35.076119],[128.916986,35.07628],[128.917288,35.076389],[128.917482,35.076543],[128.9177,35.076613],[128.918142,35.076704],[128.918459,35.076716],[128.918527,35.076683],[128.919182,35.076715],[128.919272,35.076782],[128.920593,35.076788],[128.920745,35.076696],[128.920856,35.076646],[128.921047,35.076675],[128.92188,35.076718],[128.921914,35.076922],[128.921861,35.077116],[128.921687,35.077271],[128.920958,35.0773],[128.920414,35.077441],[128.920159,35.077328],[128.919633,35.077357],[128.919375,35.077391],[128.919085,35.077376],[128.918563,35.077407],[128.918191,35.077402],[128.917497,35.077258],[128.9173,35.077179],[128.916151,35.076949],[128.915559,35.077008],[128.915462,35.077101],[128.915444,35.077265],[128.915279,35.077492],[128.915197,35.077724],[128.915359,35.077804],[128.915826,35.077801],[128.91593,35.077747],[128.916025,35.07778],[128.916565,35.077695],[128.91656,35.077626],[128.916641,35.077601],[128.916826,35.077658],[128.916939,35.077666],[128.917083,35.077639],[128.917196,35.077674],[128.917845,35.077747],[128.918029,35.077825],[128.918138,35.077847],[128.918133,35.077758],[128.918296,35.077783],[128.918293,35.07787],[128.918434,35.077919],[128.918763,35.077928],[128.91947,35.077835],[128.919965,35.077807],[128.920762,35.077807],[128.921157,35.077836],[128.921429,35.077908],[128.921612,35.077881],[128.921929,35.077516],[128.922032,35.077497],[128.92206,35.07725],[128.922129,35.077132],[128.922142,35.076968],[128.922293,35.076499],[128.922278,35.076323],[128.922182,35.076229],[128.921986,35.07589],[128.921831,35.075286],[128.921752,35.07527],[128.921204,35.074793],[128.921126,35.074804],[128.921071,35.074865],[128.921115,35.075009],[128.921195,35.07515],[128.921084,35.075215],[128.920904,35.075377],[128.920824,35.075529],[128.920898,35.075806],[128.92085,35.075838],[128.920106,35.075979],[128.919676,35.075979],[128.919368,35.076024],[128.919135,35.07607],[128.918999,35.076035],[128.918893,35.076069],[128.918732,35.076006],[128.918425,35.076024],[128.918237,35.075966],[128.918167,35.07602],[128.917781,35.076005],[128.917538,35.075938],[128.91743,35.075949],[128.91734,35.075898],[128.917034,35.075881],[128.916809,35.075832],[128.91661,35.075853],[128.916403,35.075824],[128.916106,35.075753],[128.916004,35.075768],[128.915905,35.075697],[128.915751,35.075673],[128.915344,35.075552],[128.915137,35.075538],[128.914931,35.075517],[128.914743,35.075471],[128.914667,35.075423],[128.914441,35.075357],[128.914295,35.075349],[128.913908,35.075227],[128.913495,35.075148],[128.913389,35.075098],[128.91324,35.075054],[128.913177,35.075015],[128.912937,35.074943],[128.912837,35.074935],[128.912679,35.074819],[128.912564,35.074809],[128.912235,35.074699],[128.911924,35.074574],[128.911752,35.074509],[128.911666,35.074503],[128.911413,35.074398],[128.911302,35.07433],[128.911166,35.074314],[128.910669,35.074039],[128.910534,35.073999],[128.909547,35.073513],[128.909423,35.073497],[128.90933,35.073406],[128.909319,35.073325],[128.909119,35.073193],[128.908992,35.073187],[128.908906,35.073115],[128.908853,35.073048],[128.908445,35.072947],[128.908239,35.07278],[128.90784,35.072539],[128.907454,35.072452],[128.907138,35.072085],[128.906623,35.071702],[128.906339,35.071601],[128.905694,35.071224],[128.905607,35.071039],[128.90516,35.070257],[128.904784,35.07002],[128.904594,35.069863],[128.903951,35.069585],[128.90383,35.069562],[128.90372,35.069506],[128.9035,35.069467],[128.903326,35.069491],[128.90317,35.069615],[128.90302,35.069791],[128.902937,35.06996],[128.902869,35.070206],[128.902938,35.070648],[128.902898,35.070898],[128.902988,35.070976],[128.903086,35.070919],[128.903305,35.070441],[128.903376,35.070377],[128.903488,35.070377],[128.903905,35.07065],[128.904095,35.07071],[128.904233,35.070724],[128.904646,35.070976],[128.905438,35.071468],[128.905892,35.071878],[128.906422,35.072252],[128.906524,35.072268],[128.907039,35.072589],[128.908132,35.07331],[128.908868,35.073731]]],[[[128.908839,35.074282],[128.908424,35.073967],[128.907985,35.073779],[128.907341,35.073396],[128.9065,35.072876],[128.906349,35.072693],[128.90609,35.072569],[128.905714,35.072292],[128.905549,35.072071],[128.905298,35.071928],[128.905105,35.071769],[128.904588,35.071512],[128.904344,35.071484],[128.904211,35.071356],[128.903829,35.071196],[128.903838,35.071098],[128.903707,35.071062],[128.903309,35.071172],[128.903287,35.071226],[128.903226,35.071254],[128.903132,35.071237],[128.903035,35.07129],[128.90296,35.071388],[128.902961,35.0715],[128.903019,35.071595],[128.903134,35.071628],[128.903211,35.071624],[128.903498,35.071713],[128.903724,35.071852],[128.903896,35.071907],[128.904131,35.072024],[128.904332,35.072021],[128.90452,35.072098],[128.904686,35.072048],[128.904902,35.072108],[128.90514,35.072248],[128.905253,35.072406],[128.905217,35.072481],[128.905318,35.072473],[128.905413,35.072525],[128.905578,35.072803],[128.905506,35.07283],[128.905626,35.072885],[128.905666,35.072942],[128.905847,35.072968],[128.905984,35.073005],[128.906086,35.073093],[128.906388,35.073209],[128.906671,35.073509],[128.906778,35.073588],[128.907033,35.073692],[128.907086,35.073646],[128.907209,35.073744],[128.907266,35.073713],[128.907309,35.073749],[128.907393,35.073786],[128.907424,35.07387],[128.907531,35.073889],[128.907631,35.073955],[128.907691,35.074028],[128.907715,35.074113],[128.90776,35.074102],[128.907735,35.074038],[128.907774,35.074045],[128.907859,35.074111],[128.907928,35.074207],[128.907804,35.074167],[128.907741,35.074204],[128.907677,35.074266],[128.907674,35.07434],[128.9077,35.074411],[128.907781,35.074447],[128.90788,35.074466],[128.907914,35.074507],[128.908167,35.074613],[128.908283,35.074589],[128.908397,35.07463],[128.908749,35.074642],[128.908879,35.074725],[128.90892,35.074742],[128.909011,35.07489],[128.908995,35.074909],[128.909001,35.074933],[128.909064,35.074948],[128.909162,35.075074],[128.909297,35.07515],[128.909496,35.075189],[128.909582,35.075227],[128.9096,35.075199],[128.909619,35.075189],[128.909629,35.075212],[128.90971,35.075218],[128.909737,35.075272],[128.909762,35.075279],[128.909795,35.075316],[128.909841,35.075403],[128.909884,35.075423],[128.909895,35.07547],[128.909917,35.07547],[128.909925,35.07549],[128.909906,35.075517],[128.909957,35.075536],[128.910042,35.075618],[128.910067,35.075588],[128.910116,35.075604],[128.910153,35.075628],[128.910184,35.075581],[128.910229,35.075631],[128.910293,35.075636],[128.91031,35.075701],[128.910426,35.075782],[128.910511,35.075891],[128.910574,35.075952],[128.910659,35.075969],[128.910668,35.075989],[128.910633,35.076002],[128.91064,35.076093],[128.910749,35.076178],[128.911243,35.076302],[128.911251,35.076337],[128.911399,35.076383],[128.911445,35.076313],[128.911508,35.076327],[128.911658,35.07646],[128.91172,35.076467],[128.911761,35.076401],[128.911901,35.076372],[128.912389,35.07651],[128.912508,35.07651],[128.913005,35.076714],[128.913203,35.076711],[128.91331,35.076765],[128.913466,35.076798],[128.913773,35.076955],[128.91392,35.076987],[128.914063,35.076986],[128.914225,35.077064],[128.914661,35.077194],[128.915101,35.077091],[128.915207,35.077105],[128.915235,35.077037],[128.915021,35.077027],[128.91486,35.076988],[128.914735,35.076927],[128.914663,35.076867],[128.914569,35.076629],[128.914006,35.076459],[128.913554,35.076285],[128.912125,35.075875],[128.911507,35.075608],[128.911022,35.075342],[128.910801,35.075241],[128.910386,35.074878],[128.909193,35.074416],[128.908839,35.074282]]],[[[128.921027,35.078898],[128.92109,35.078727],[128.920992,35.078645],[128.921032,35.078502],[128.920916,35.078351],[128.920743,35.078199],[128.920576,35.0782],[128.920384,35.078057],[128.920074,35.078083],[128.919799,35.078156],[128.919641,35.078268],[128.919576,35.07823],[128.91944,35.07828],[128.919466,35.078364],[128.919542,35.078405],[128.919592,35.078542],[128.919305,35.078588],[128.919113,35.078723],[128.919029,35.078925],[128.919062,35.079035],[128.919216,35.079175],[128.919457,35.079287],[128.919706,35.079213],[128.919817,35.079167],[128.919941,35.07922],[128.919922,35.079506],[128.920055,35.079685],[128.920308,35.079609],[128.920394,35.079565],[128.920447,35.079596],[128.920695,35.079533],[128.920869,35.079316],[128.920881,35.079198],[128.920841,35.07908],[128.920885,35.079008],[128.921027,35.078898]]],[[[128.914637,35.087001],[128.914645,35.087115],[128.914734,35.087231],[128.914897,35.087304],[128.915055,35.087286],[128.915232,35.087209],[128.915216,35.087088],[128.915235,35.086974],[128.915052,35.086935],[128.914986,35.086897],[128.9148,35.086922],[128.914637,35.087001]]],[[[128.918256,35.08917],[128.91831,35.089247],[128.918418,35.089315],[128.918656,35.089395],[128.919021,35.089403],[128.919546,35.089406],[128.920457,35.089342],[128.920578,35.089276],[128.92064,35.089237],[128.920645,35.089177],[128.920611,35.089132],[128.920562,35.089102],[128.92047,35.089086],[128.92015,35.08896],[128.919906,35.088753],[128.919826,35.088673],[128.919605,35.088588],[128.919604,35.088513],[128.919645,35.088447],[128.919687,35.088381],[128.919538,35.08808],[128.919324,35.087978],[128.919169,35.087971],[128.91903,35.088052],[128.918611,35.088091],[128.918476,35.088125],[128.918479,35.088017],[128.918292,35.087775],[128.918107,35.087702],[128.917869,35.087726],[128.917681,35.087799],[128.917599,35.087959],[128.917614,35.088226],[128.917403,35.088419],[128.917052,35.088458],[128.916915,35.08864],[128.916951,35.088814],[128.917326,35.089003],[128.917701,35.08903],[128.917789,35.08915],[128.917964,35.089216],[128.91812,35.089237],[128.918256,35.08917]]],[[[128.951807,34.884751],[128.951685,34.884767],[128.951695,34.884802],[128.951769,34.884864],[128.95184,34.884865],[128.951854,34.884898],[128.951818,34.884913],[128.951916,34.885016],[128.951961,34.885019],[128.952019,34.885031],[128.952078,34.885031],[128.952077,34.884986],[128.952135,34.884969],[128.952157,34.884904],[128.952177,34.884872],[128.952206,34.884855],[128.952213,34.884838],[128.952215,34.884804],[128.952234,34.884802],[128.952241,34.884799],[128.952247,34.884792],[128.952247,34.884743],[128.952275,34.884721],[128.952272,34.884688],[128.952249,34.884678],[128.952221,34.884673],[128.952211,34.884649],[128.952217,34.88444],[128.952162,34.884395],[128.952066,34.884378],[128.952037,34.884402],[128.952057,34.884471],[128.951902,34.884462],[128.951899,34.884531],[128.951858,34.884528],[128.95177,34.884408],[128.951711,34.884384],[128.951668,34.88449],[128.951737,34.884565],[128.951732,34.88465],[128.951768,34.8847],[128.951815,34.884716],[128.951807,34.884751]]],[[[128.951821,34.885714],[128.951849,34.885582],[128.951799,34.885576],[128.951796,34.885492],[128.951793,34.885414],[128.95178,34.885357],[128.9517,34.885349],[128.951667,34.885396],[128.951641,34.885421],[128.95163,34.885471],[128.951671,34.885545],[128.951656,34.885597],[128.951684,34.885692],[128.951739,34.885734],[128.951821,34.885714]]],[[[128.951968,34.887015],[128.951993,34.887056],[128.952028,34.887053],[128.952075,34.88703],[128.952067,34.887011],[128.952048,34.886986],[128.952005,34.886978],[128.951975,34.886982],[128.951968,34.887015]]],[[[128.973358,34.93309],[128.973334,34.933146],[128.973367,34.933178],[128.973299,34.933184],[128.973296,34.933224],[128.973354,34.933265],[128.973344,34.933303],[128.973193,34.933307],[128.973138,34.933325],[128.9732,34.933379],[128.973395,34.93346],[128.973506,34.933507],[128.973817,34.933611],[128.973857,34.933582],[128.973976,34.933608],[128.974102,34.933625],[128.974208,34.933617],[128.974285,34.933607],[128.974307,34.93357],[128.974253,34.933554],[128.974222,34.933563],[128.974135,34.933556],[128.974014,34.933452],[128.974515,34.93333],[128.974639,34.933341],[128.97447,34.93321],[128.974348,34.933167],[128.974546,34.93286],[128.974388,34.932863],[128.974328,34.932798],[128.974153,34.932783],[128.974037,34.932869],[128.973927,34.932948],[128.973876,34.932933],[128.973943,34.932826],[128.973717,34.932759],[128.973381,34.932709],[128.973329,34.932764],[128.973386,34.93281],[128.973402,34.932849],[128.973694,34.933095],[128.973662,34.933144],[128.973484,34.933095],[128.973358,34.93309]]],[[[128.976129,34.93367],[128.97651,34.933639],[128.976619,34.933554],[128.97644,34.933345],[128.976499,34.933231],[128.976839,34.933227],[128.976554,34.933016],[128.975854,34.933196],[128.975401,34.933299],[128.97519,34.93385],[128.975513,34.934069],[128.976204,34.93405],[128.976129,34.933793],[128.975716,34.933639],[128.976129,34.93367]]],[[[128.988553,34.978085],[128.988687,34.978008],[128.988681,34.977962],[128.988515,34.977867],[128.988419,34.977971],[128.988553,34.978085]]],[[[128.997433,34.97998],[128.997455,34.979945],[128.997348,34.979907],[128.997276,34.979931],[128.997314,34.979973],[128.997369,34.980008],[128.997399,34.980057],[128.997437,34.980029],[128.997518,34.980092],[128.997557,34.98006],[128.99751,34.979997],[128.997433,34.97998]]],[[[128.996883,34.979907],[128.996939,34.979987],[128.997045,34.98005],[128.997105,34.980081],[128.997203,34.980116],[128.997246,34.980053],[128.997203,34.980001],[128.997186,34.979956],[128.997088,34.979945],[128.997007,34.9799],[128.996883,34.979907]]],[[[128.996023,34.98006],[128.99592,34.980043],[128.995857,34.980102],[128.995895,34.980123],[128.995899,34.980186],[128.995844,34.980259],[128.995942,34.980329],[128.996057,34.980148],[128.996023,34.98006]]],[[[128.997203,34.980158],[128.997096,34.980102],[128.996956,34.980088],[128.996926,34.980151],[128.996986,34.980242],[128.997114,34.980308],[128.997212,34.980305],[128.997339,34.980308],[128.997258,34.980238],[128.997203,34.980158]]],[[[128.988298,34.97852],[128.98802,34.97848],[128.987996,34.978717],[128.987946,34.978788],[128.987947,34.978863],[128.988115,34.978885],[128.988191,34.978995],[128.987984,34.979023],[128.987969,34.979085],[128.988008,34.979188],[128.988169,34.979259],[128.988348,34.979459],[128.988736,34.979615],[128.988933,34.979863],[128.98896,34.98002],[128.989148,34.980334],[128.989078,34.980289],[128.989015,34.980289],[128.989012,34.980332],[128.989028,34.980377],[128.989081,34.980395],[128.98912,34.980456],[128.989194,34.980504],[128.988995,34.980489],[128.989083,34.980551],[128.989069,34.980645],[128.989309,34.980883],[128.989317,34.981001],[128.989603,34.981099],[128.989682,34.981102],[128.989714,34.981175],[128.989593,34.981155],[128.989513,34.981212],[128.989545,34.981459],[128.989582,34.981521],[128.989625,34.981571],[128.98966,34.981597],[128.989705,34.981635],[128.989714,34.981663],[128.98967,34.981666],[128.98968,34.981688],[128.989698,34.981723],[128.989657,34.981713],[128.989612,34.981732],[128.989611,34.981755],[128.989582,34.981778],[128.989594,34.981835],[128.989667,34.981864],[128.989746,34.981883],[128.989884,34.981861],[128.990056,34.981949],[128.990136,34.981908],[128.990205,34.9818],[128.990049,34.981731],[128.990049,34.981627],[128.989984,34.981588],[128.989956,34.981507],[128.990093,34.981581],[128.990144,34.981563],[128.990152,34.981468],[128.990179,34.981463],[128.990199,34.981403],[128.990183,34.981341],[128.990213,34.98128],[128.990015,34.981111],[128.990178,34.981089],[128.990339,34.981116],[128.99036,34.98105],[128.99068,34.98079],[128.990776,34.980878],[128.991268,34.981009],[128.99139,34.980944],[128.991422,34.980939],[128.991478,34.980972],[128.991514,34.980917],[128.991467,34.98087],[128.99158,34.980893],[128.99159,34.980932],[128.991634,34.980951],[128.991733,34.980974],[128.991888,34.980968],[128.991958,34.980942],[128.992095,34.980994],[128.992086,34.981029],[128.991989,34.981056],[128.991928,34.981126],[128.991978,34.981299],[128.992059,34.981343],[128.992089,34.981396],[128.992169,34.981432],[128.992211,34.981413],[128.99232,34.981495],[128.992412,34.9815],[128.992382,34.981554],[128.992406,34.981594],[128.9925,34.981633],[128.992532,34.981681],[128.992672,34.981749],[128.992749,34.981742],[128.992804,34.981768],[128.992814,34.981834],[128.992663,34.981838],[128.992574,34.981835],[128.992498,34.981911],[128.992513,34.98198],[128.992597,34.982107],[128.992663,34.982078],[128.992817,34.982122],[128.993062,34.982171],[128.993351,34.982147],[128.993283,34.982097],[128.993049,34.98205],[128.993337,34.982032],[128.993144,34.981964],[128.993061,34.981897],[128.993007,34.981957],[128.992931,34.981855],[128.992845,34.981843],[128.992859,34.981819],[128.992927,34.981794],[128.993055,34.981821],[128.993068,34.981763],[128.99318,34.981759],[128.993251,34.981806],[128.993392,34.981828],[128.993403,34.981887],[128.993513,34.981904],[128.993496,34.981862],[128.993859,34.981946],[128.993815,34.981907],[128.993693,34.981852],[128.993612,34.981836],[128.993562,34.981867],[128.993426,34.981854],[128.993405,34.981801],[128.993516,34.981773],[128.993374,34.981693],[128.993494,34.981701],[128.993586,34.981779],[128.993635,34.981762],[128.993708,34.981798],[128.993722,34.981763],[128.993795,34.981778],[128.993933,34.981783],[128.993951,34.981719],[128.993881,34.981657],[128.993885,34.981617],[128.993847,34.981592],[128.993921,34.981573],[128.993908,34.981528],[128.993968,34.981552],[128.994023,34.981543],[128.99401,34.981487],[128.993898,34.981396],[128.993724,34.98126],[128.993461,34.981064],[128.993503,34.981045],[128.993597,34.981109],[128.993738,34.981153],[128.993748,34.981201],[128.993979,34.981309],[128.994004,34.981267],[128.993947,34.981216],[128.993928,34.981168],[128.993898,34.981157],[128.993901,34.981129],[128.993941,34.981139],[128.993954,34.981119],[128.99395,34.981081],[128.993875,34.981033],[128.993766,34.980993],[128.993715,34.981002],[128.993669,34.980976],[128.993597,34.980953],[128.993537,34.980956],[128.993468,34.980935],[128.993466,34.980916],[128.993513,34.980908],[128.993551,34.980918],[128.993583,34.980893],[128.993543,34.980868],[128.993596,34.980868],[128.993733,34.980911],[128.993745,34.980885],[128.993833,34.980939],[128.993886,34.980922],[128.99386,34.980867],[128.993927,34.980889],[128.993916,34.980828],[128.99382,34.980774],[128.9938,34.980722],[128.993797,34.980696],[128.993689,34.98066],[128.993668,34.980619],[128.993589,34.980567],[128.993513,34.98055],[128.993474,34.980514],[128.993378,34.980502],[128.993287,34.980486],[128.993177,34.980439],[128.993085,34.980421],[128.993086,34.980451],[128.992975,34.980458],[128.992944,34.980414],[128.99287,34.980391],[128.992795,34.980382],[128.992785,34.980422],[128.992845,34.980469],[128.992765,34.980462],[128.992808,34.98051],[128.992875,34.980567],[128.992925,34.980579],[128.992921,34.980607],[128.993051,34.980681],[128.993051,34.980693],[128.993224,34.980819],[128.993128,34.980788],[128.99297,34.98069],[128.992755,34.980591],[128.992829,34.980659],[128.992798,34.980697],[128.992759,34.980704],[128.992759,34.980762],[128.992762,34.980798],[128.992779,34.980828],[128.992764,34.980855],[128.992726,34.980866],[128.992725,34.98084],[128.992753,34.980821],[128.992672,34.980784],[128.992702,34.980841],[128.99267,34.980866],[128.992455,34.980685],[128.992558,34.980422],[128.992341,34.980189],[128.992211,34.980138],[128.992061,34.98013],[128.991956,34.979911],[128.992194,34.979756],[128.992205,34.979529],[128.991994,34.979309],[128.991848,34.979269],[128.991635,34.979346],[128.991632,34.979463],[128.991449,34.97963],[128.991503,34.979434],[128.991417,34.979157],[128.99124,34.979034],[128.991146,34.979162],[128.99113,34.979316],[128.990972,34.979281],[128.990908,34.979124],[128.990831,34.979162],[128.990795,34.97919],[128.990766,34.979171],[128.990739,34.979221],[128.990764,34.979251],[128.990713,34.979242],[128.990719,34.979309],[128.990766,34.979347],[128.990823,34.979369],[128.990893,34.979384],[128.990939,34.979412],[128.990995,34.979418],[128.991007,34.979448],[128.991032,34.979451],[128.991039,34.979478],[128.99093,34.979452],[128.990864,34.979412],[128.990807,34.979419],[128.990826,34.979382],[128.990702,34.979339],[128.990623,34.979392],[128.990546,34.979313],[128.990529,34.979278],[128.990501,34.979257],[128.990531,34.979211],[128.990505,34.979163],[128.990454,34.979141],[128.990455,34.979108],[128.990424,34.979087],[128.990413,34.97905],[128.990322,34.979029],[128.990472,34.979006],[128.990517,34.978927],[128.990472,34.978865],[128.990426,34.97882],[128.990469,34.978775],[128.990416,34.978732],[128.990414,34.978708],[128.990325,34.978636],[128.990146,34.97861],[128.990092,34.978645],[128.990044,34.978623],[128.990051,34.978591],[128.98998,34.97859],[128.989884,34.978679],[128.989998,34.978786],[128.989915,34.9789],[128.989803,34.978804],[128.989529,34.978795],[128.98927,34.97861],[128.989086,34.978654],[128.988941,34.9786],[128.988821,34.978478],[128.988815,34.978445],[128.988791,34.978406],[128.988679,34.978375],[128.988736,34.978374],[128.988791,34.978377],[128.988801,34.978361],[128.988844,34.978372],[128.98885,34.978319],[128.988826,34.978303],[128.988797,34.97825],[128.988696,34.97824],[128.988637,34.978244],[128.988602,34.978255],[128.988544,34.978251],[128.988451,34.978303],[128.988376,34.978276],[128.98833,34.978347],[128.988403,34.978404],[128.988494,34.97838],[128.988483,34.978478],[128.988392,34.978456],[128.988298,34.97852]]],[[[128.996525,34.980158],[128.996466,34.980186],[128.996445,34.980242],[128.996496,34.980364],[128.996572,34.980451],[128.996683,34.980507],[128.996798,34.9805],[128.996837,34.980441],[128.996781,34.980371],[128.996692,34.98035],[128.996692,34.980287],[128.996632,34.980266],[128.996662,34.980207],[128.996649,34.980134],[128.996572,34.980113],[128.996491,34.980074],[128.996525,34.980158]]],[[[128.99699,34.98065],[128.996871,34.980689],[128.996888,34.980759],[128.99699,34.980814],[128.997084,34.980856],[128.997212,34.980895],[128.997224,34.980818],[128.997109,34.980751],[128.99699,34.98065]]],[[[128.99647,34.980779],[128.996487,34.980832],[128.996568,34.980877],[128.996658,34.980877],[128.996683,34.980811],[128.996585,34.980755],[128.996496,34.980682],[128.99647,34.980779]]],[[[128.996312,34.981034],[128.9963,34.980982],[128.996317,34.98093],[128.996261,34.980877],[128.996159,34.980821],[128.996125,34.980748],[128.995993,34.980692],[128.995899,34.980724],[128.995903,34.980807],[128.995886,34.98086],[128.995882,34.980926],[128.995899,34.980999],[128.995963,34.981034],[128.996065,34.981066],[128.996151,34.981062],[128.996231,34.981038],[128.996312,34.981034]]],[[[128.995805,34.980933],[128.995835,34.980856],[128.995801,34.980755],[128.995737,34.980748],[128.995665,34.9808],[128.995652,34.98087],[128.995712,34.980926],[128.995716,34.980999],[128.995746,34.981069],[128.995857,34.981087],[128.995835,34.981006],[128.995805,34.980933]]],[[[128.996707,34.98153],[128.996758,34.981519],[128.996672,34.981488],[128.996815,34.981484],[128.996901,34.981543],[128.996949,34.981567],[128.996981,34.981521],[128.996933,34.981495],[128.996957,34.981473],[128.996911,34.98144],[128.996925,34.981409],[128.996903,34.981378],[128.996815,34.98135],[128.996632,34.981279],[128.996627,34.981255],[128.996506,34.981237],[128.996436,34.981244],[128.996476,34.981319],[128.996517,34.981343],[128.996522,34.981389],[128.996525,34.981438],[128.996511,34.981504],[128.996562,34.981532],[128.996613,34.981543],[128.996707,34.98153]]],[[[128.993426,34.982279],[128.993392,34.982272],[128.993367,34.982284],[128.993359,34.982303],[128.993336,34.982304],[128.993357,34.982344],[128.993383,34.982336],[128.993433,34.982351],[128.993471,34.982358],[128.993522,34.982352],[128.99351,34.982325],[128.993469,34.9823],[128.993426,34.982279]]],[[[128.994695,34.982654],[128.994724,34.982654],[128.99473,34.982614],[128.994631,34.982562],[128.994582,34.982621],[128.994569,34.982683],[128.994671,34.982694],[128.994695,34.982654]]],[[[128.972017,35.026798],[128.972012,35.026963],[128.971549,35.026918],[128.971332,35.027167],[128.971203,35.027152],[128.971127,35.026743],[128.970878,35.026543],[128.97074,35.026429],[128.970458,35.026475],[128.970262,35.026317],[128.970111,35.026358],[128.970067,35.026663],[128.970189,35.027294],[128.970613,35.027423],[128.970988,35.027362],[128.971151,35.027219],[128.971062,35.027572],[128.971291,35.028081],[128.971982,35.028123],[128.971483,35.02845],[128.971564,35.02917],[128.971928,35.02963],[128.972178,35.029479],[128.972056,35.029865],[128.972221,35.030027],[128.972545,35.029943],[128.972762,35.03051],[128.973451,35.031088],[128.974106,35.031207],[128.974428,35.031022],[128.974606,35.030428],[128.975032,35.030184],[128.97536,35.02963],[128.975199,35.029202],[128.974903,35.028845],[128.974829,35.028616],[128.974744,35.028175],[128.974472,35.02789],[128.974293,35.027494],[128.974219,35.027233],[128.974078,35.027176],[128.973883,35.027187],[128.973861,35.026728],[128.973892,35.026452],[128.973893,35.025993],[128.973803,35.025532],[128.973659,35.025261],[128.973471,35.025174],[128.97333,35.02512],[128.97318,35.02526],[128.97302,35.02538],[128.97286,35.0255],[128.972341,35.026127],[128.97225,35.02655],[128.97239,35.02705],[128.972218,35.027123],[128.972017,35.026798]]],[[[128.977838,35.030824],[128.978064,35.030851],[128.978115,35.030744],[128.97811,35.030524],[128.977927,35.030504],[128.977693,35.030378],[128.977747,35.030225],[128.977769,35.02978],[128.977656,35.029578],[128.977545,35.029529],[128.977474,35.029934],[128.977246,35.029292],[128.977066,35.029112],[128.977075,35.028962],[128.976946,35.028835],[128.976703,35.028761],[128.9766,35.02898],[128.97664,35.02967],[128.976898,35.030419],[128.977184,35.030581],[128.977415,35.030541],[128.977658,35.0304],[128.977737,35.03057],[128.977838,35.030824]]],[[[128.974914,35.035619],[128.975056,35.035571],[128.975035,35.035502],[128.974821,35.035269],[128.97488,35.035201],[128.974821,35.035156],[128.974725,35.035156],[128.974658,35.035242],[128.974654,35.035334],[128.974771,35.035448],[128.9747,35.035537],[128.9747,35.035578],[128.974914,35.035619]]],[[[128.982525,35.038021],[128.982901,35.037915],[128.983063,35.037816],[128.983179,35.037933],[128.983346,35.037938],[128.983496,35.037742],[128.983417,35.037633],[128.983168,35.037624],[128.982919,35.037471],[128.983096,35.037382],[128.98335,35.037414],[128.983503,35.037386],[128.983569,35.037225],[128.983268,35.037214],[128.983081,35.037305],[128.983013,35.037068],[128.982777,35.036978],[128.982859,35.036474],[128.982782,35.036105],[128.982416,35.036048],[128.981731,35.036243],[128.981566,35.036554],[128.981518,35.036902],[128.981775,35.037208],[128.981902,35.037596],[128.982082,35.03761],[128.982346,35.037874],[128.982525,35.038021]]],[[[128.99178,35.043777],[128.991849,35.043888],[128.992001,35.043883],[128.992142,35.043698],[128.992048,35.043575],[128.991888,35.043588],[128.99178,35.043777]]],[[[128.982132,35.045495],[128.982223,35.045252],[128.982396,35.045169],[128.982316,35.045059],[128.982166,35.045141],[128.98199,35.044576],[128.981888,35.0444],[128.981592,35.044403],[128.981452,35.044093],[128.98132,35.044101],[128.981233,35.044308],[128.981416,35.044518],[128.981383,35.044686],[128.98145,35.045066],[128.981291,35.045242],[128.98132,35.045405],[128.981459,35.045561],[128.98181,35.045734],[128.982132,35.045495]]],[[[128.982546,35.046425],[128.982459,35.046373],[128.982395,35.046449],[128.982366,35.046578],[128.982337,35.046654],[128.982261,35.046807],[128.982296,35.04685],[128.982436,35.046883],[128.982587,35.046854],[128.982762,35.046816],[128.982744,35.04674],[128.982715,35.046654],[128.982692,35.046544],[128.982546,35.046425]]],[[[129.01583,35.047111],[129.015709,35.047031],[129.015528,35.047048],[129.015481,35.047098],[129.015629,35.047581],[129.015741,35.047714],[129.015869,35.047714],[129.016008,35.047629],[129.016008,35.047562],[129.015945,35.047535],[129.015993,35.047482],[129.015949,35.047322],[129.01583,35.047111]]],[[[129.015567,35.04762],[129.015119,35.047334],[129.014883,35.047392],[129.015007,35.047697],[129.015108,35.047729],[129.015528,35.047746],[129.015581,35.047695],[129.015567,35.04762]]],[[[129.014105,35.048466],[129.01424,35.048428],[129.014057,35.04871],[129.014214,35.048734],[129.014086,35.048846],[129.01402,35.048913],[129.01406,35.048936],[129.014162,35.048925],[129.01422,35.049008],[129.014033,35.049208],[129.014214,35.049294],[129.014138,35.049541],[129.014292,35.04982],[129.014211,35.049912],[129.014237,35.050198],[129.014393,35.050351],[129.014931,35.050325],[129.015207,35.04998],[129.015081,35.049865],[129.015429,35.04981],[129.015682,35.049582],[129.015333,35.049274],[129.015615,35.049288],[129.015756,35.049234],[129.015685,35.048906],[129.015811,35.048906],[129.015842,35.048867],[129.015796,35.048764],[129.015987,35.048705],[129.016013,35.048622],[129.015854,35.048356],[129.015953,35.048275],[129.015937,35.048011],[129.015815,35.047891],[129.015607,35.047815],[129.014987,35.047754],[129.01465,35.047908],[129.01439,35.047904],[129.014214,35.047987],[129.014005,35.048012],[129.013898,35.048155],[129.014049,35.048244],[129.014105,35.048466]]],[[[129.081669,35.0501],[129.081593,35.050117],[129.081502,35.050244],[129.081633,35.050268],[129.081666,35.050235],[129.081737,35.050157],[129.081669,35.0501]]],[[[129.082282,35.050672],[129.082199,35.050784],[129.08228,35.050828],[129.08236,35.050753],[129.082395,35.050679],[129.082282,35.050672]]],[[[129.022607,35.061378],[129.02251,35.061598],[129.022817,35.061638],[129.022953,35.061626],[129.023248,35.061563],[129.023303,35.061467],[129.023126,35.0614],[129.023061,35.061453],[129.023007,35.061394],[129.022983,35.061331],[129.022607,35.061378]]],[[[128.951464,35.061971],[128.951478,35.061916],[128.951473,35.061869],[128.951389,35.061857],[128.951337,35.061887],[128.95133,35.061951],[128.951386,35.061991],[128.951464,35.061971]]],[[[129.023257,35.061788],[129.02292,35.061664],[129.022783,35.061676],[129.022536,35.061765],[129.022444,35.061875],[129.022497,35.062113],[129.022621,35.062194],[129.022805,35.062216],[129.023157,35.06213],[129.023305,35.061902],[129.023257,35.061788]]],[[[129.022288,35.075015],[129.022228,35.074989],[129.022175,35.074971],[129.022137,35.074987],[129.022139,35.075037],[129.022005,35.075163],[129.021973,35.075168],[129.021969,35.07519],[129.022003,35.075215],[129.021987,35.075287],[129.022021,35.075303],[129.022134,35.075284],[129.022256,35.075323],[129.022337,35.075289],[129.022323,35.075316],[129.022339,35.075335],[129.022352,35.075415],[129.022316,35.075396],[129.022302,35.075439],[129.022332,35.075455],[129.022332,35.075483],[129.022371,35.07549],[129.022398,35.075526],[129.022261,35.075523],[129.022217,35.075454],[129.022137,35.075387],[129.022098,35.075396],[129.02209,35.075435],[129.022129,35.075468],[129.022136,35.075513],[129.022093,35.07552],[129.022063,35.075487],[129.022031,35.075481],[129.022031,35.075517],[129.021985,35.075517],[129.022006,35.075572],[129.022088,35.075604],[129.022141,35.075726],[129.022417,35.075662],[129.022438,35.075655],[129.022493,35.075632],[129.022613,35.07559],[129.022702,35.075509],[129.02268,35.07542],[129.02265,35.075306],[129.022549,35.075119],[129.022446,35.075057],[129.022288,35.075015]]],[[[129.068362,35.095945],[129.068398,35.095915],[129.070842,35.093945],[129.072018,35.092616],[129.073172,35.091327],[129.073608,35.090834],[129.073937,35.090462],[129.074328,35.090007],[129.074536,35.089779],[129.07475,35.08955],[129.07483,35.08946],[129.074893,35.089389],[129.074992,35.089276],[129.075073,35.089188],[129.075133,35.08912],[129.075166,35.089079],[129.075234,35.089005],[129.075718,35.088448],[129.076323,35.08779],[129.076387,35.087731],[129.0776,35.086934],[129.077607,35.086929],[129.07761,35.086926],[129.077607,35.086903],[129.07756,35.086593],[129.077561,35.086578],[129.077573,35.086558],[129.07779,35.086397],[129.078543,35.085701],[129.079289,35.084988],[129.079309,35.084955],[129.079323,35.084913],[129.079333,35.084896],[129.079356,35.08489],[129.079597,35.08486],[129.079602,35.08485],[129.079584,35.084745],[129.079567,35.084741],[129.079339,35.084775],[129.079322,35.084773],[129.079303,35.084763],[129.078906,35.084499],[129.07846,35.084185],[129.078222,35.084009],[129.078132,35.083934],[129.077982,35.08381],[129.077913,35.083759],[129.077776,35.08369],[129.077693,35.083643],[129.077607,35.083582],[129.077539,35.083539],[129.077522,35.083487],[129.077534,35.083446],[129.077565,35.083436],[129.07767,35.083377],[129.07763,35.083328],[129.077768,35.08322],[129.077843,35.083102],[129.078355,35.083351],[129.079261,35.082012],[129.079633,35.081506],[129.079372,35.081381],[129.079573,35.081063],[129.079697,35.081023],[129.079813,35.080928],[129.07986,35.080804],[129.079844,35.080678],[129.079968,35.080482],[129.080017,35.080481],[129.080061,35.080468],[129.080076,35.080484],[129.080131,35.080455],[129.080168,35.080415],[129.080194,35.080364],[129.080197,35.080307],[129.080166,35.080308],[129.080156,35.08028],[129.08013,35.080253],[129.080577,35.079604],[129.080658,35.079605],[129.080747,35.07955],[129.080787,35.079455],[129.080751,35.079376],[129.080881,35.079161],[129.081461,35.078297],[129.081631,35.078166],[129.081793,35.078013],[129.08193,35.07783],[129.08202,35.077668],[129.082087,35.077416],[129.082334,35.077042],[129.082424,35.077023],[129.082504,35.076968],[129.082537,35.076882],[129.08249,35.076807],[129.082866,35.076242],[129.083149,35.075825],[129.083231,35.075825],[129.083249,35.075839],[129.083313,35.075821],[129.083354,35.075759],[129.08337,35.075665],[129.083334,35.075672],[129.083307,35.075614],[129.083478,35.075351],[129.083482,35.075255],[129.083417,35.075148],[129.084232,35.073892],[129.084424,35.07398],[129.084473,35.073973],[129.085791,35.074561],[129.085682,35.07472],[129.085716,35.074764],[129.085561,35.074972],[129.086725,35.076598],[129.087401,35.077564],[129.087524,35.077482],[129.087265,35.077082],[129.087607,35.076604],[129.088154,35.076819],[129.087988,35.077059],[129.088081,35.07713],[129.088077,35.077153],[129.088051,35.077177],[129.087961,35.077142],[129.087877,35.07723],[129.08765,35.077372],[129.087704,35.077428],[129.087901,35.077327],[129.089815,35.078432],[129.090922,35.079107],[129.091148,35.079288],[129.091308,35.079386],[129.091819,35.079789],[129.092144,35.079996],[129.092642,35.080248],[129.093122,35.080338],[129.093511,35.080372],[129.093653,35.080444],[129.093594,35.080533],[129.093877,35.080551],[129.094127,35.080537],[129.094477,35.080592],[129.094728,35.080527],[129.094818,35.080441],[129.095001,35.080466],[129.095184,35.080559],[129.095813,35.080554],[129.09596,35.080458],[129.096033,35.080367],[129.095976,35.08029],[129.096073,35.080081],[129.09584,35.079973],[129.096037,35.07977],[129.096076,35.0796],[129.096062,35.079449],[129.095972,35.079336],[129.095609,35.079245],[129.095783,35.079039],[129.095651,35.078943],[129.095537,35.078982],[129.095468,35.07886],[129.095579,35.078756],[129.095726,35.078695],[129.095699,35.078313],[129.095596,35.078135],[129.09542,35.077623],[129.095104,35.077115],[129.09501,35.077006],[129.095112,35.076991],[129.095079,35.076844],[129.094878,35.076633],[129.094827,35.076475],[129.094554,35.076412],[129.094387,35.076451],[129.094279,35.076554],[129.094183,35.076434],[129.093733,35.076348],[129.092963,35.076191],[129.092556,35.07601],[129.092337,35.075907],[129.092188,35.075933],[129.091866,35.075622],[129.092013,35.075517],[129.091811,35.075359],[129.091621,35.075434],[129.09139,35.075252],[129.091123,35.074729],[129.091219,35.074644],[129.091203,35.074224],[129.091061,35.074133],[129.090767,35.074212],[129.090443,35.074146],[129.090339,35.073847],[129.087012,35.072748],[129.086824,35.072755],[129.086012,35.074158],[129.08583,35.07416],[129.084475,35.073533],[129.080491,35.071612],[129.080421,35.071651],[129.079948,35.071395],[129.080015,35.071043],[129.080019,35.070945],[129.080008,35.070842],[129.08008,35.070756],[129.080074,35.070662],[129.080046,35.070631],[129.080237,35.070417],[129.080392,35.070338],[129.080493,35.070378],[129.080494,35.070377],[129.08096,35.069874],[129.081128,35.069721],[129.0813,35.069861],[129.081482,35.070208],[129.081187,35.071086],[129.081267,35.071106],[129.081331,35.071163],[129.081395,35.071193],[129.081538,35.071237],[129.081672,35.071248],[129.081826,35.071242],[129.081709,35.071179],[129.081666,35.071182],[129.081662,35.071218],[129.081605,35.071212],[129.081485,35.071179],[129.081421,35.071141],[129.081338,35.071056],[129.081311,35.071043],[129.0816,35.07023],[129.081582,35.070191],[129.084473,35.069681],[129.084363,35.070046],[129.084283,35.070028],[129.084213,35.070194],[129.084283,35.07021],[129.083895,35.071191],[129.083824,35.071166],[129.083705,35.071487],[129.083988,35.071596],[129.08404,35.071578],[129.084755,35.069753],[129.084853,35.06971],[129.084853,35.069649],[129.084791,35.069389],[129.084778,35.06876],[129.084778,35.068464],[129.084667,35.068442],[129.084676,35.068022],[129.084763,35.067927],[129.084699,35.067897],[129.084569,35.067882],[129.084604,35.067552],[129.084875,35.067372],[129.08499,35.06736],[129.085188,35.067226],[129.085237,35.067063],[129.085301,35.066852],[129.085483,35.066905],[129.085574,35.066861],[129.085417,35.06676],[129.085574,35.066278],[129.085851,35.06611],[129.085754,35.065892],[129.085683,35.065868],[129.085829,35.065518],[129.08601,35.06531],[129.086099,35.065027],[129.086205,35.064852],[129.086181,35.06473],[129.086499,35.064733],[129.086502,35.064503],[129.086687,35.064469],[129.086629,35.064349],[129.08689,35.063823],[129.087174,35.063433],[129.087328,35.063455],[129.087301,35.063335],[129.087466,35.063347],[129.087477,35.063145],[129.087791,35.062878],[129.08803,35.062684],[129.08834,35.06261],[129.088499,35.062691],[129.088664,35.06266],[129.088668,35.062503],[129.089109,35.062256],[129.089332,35.062349],[129.089444,35.062293],[129.089346,35.062222],[129.089211,35.062173],[129.08938,35.061968],[129.089601,35.061894],[129.08966,35.061755],[129.090144,35.061548],[129.090375,35.061579],[129.090481,35.061437],[129.090679,35.061388],[129.090833,35.06121],[129.090957,35.061069],[129.091339,35.060965],[129.091511,35.060873],[129.091624,35.060928],[129.091745,35.061018],[129.092123,35.060838],[129.092759,35.060643],[129.092901,35.060836],[129.093268,35.060841],[129.093137,35.060637],[129.09338,35.060634],[129.093444,35.060723],[129.09397,35.06068],[129.093811,35.060603],[129.094053,35.060431],[129.093969,35.060301],[129.094171,35.060336],[129.094545,35.060153],[129.094733,35.060064],[129.095066,35.060064],[129.095315,35.060115],[129.095506,35.060017],[129.095789,35.060051],[129.096174,35.059858],[129.096331,35.059927],[129.096432,35.059606],[129.09628,35.059398],[129.09595,35.059089],[129.096111,35.058945],[129.095987,35.058816],[129.096194,35.058469],[129.095889,35.058323],[129.095691,35.058469],[129.095572,35.058233],[129.095381,35.058245],[129.09527,35.058144],[129.09574,35.058141],[129.095617,35.057988],[129.095032,35.05789],[129.094909,35.057782],[129.095137,35.057706],[129.095103,35.057516],[129.094871,35.057295],[129.094665,35.057108],[129.094894,35.05705],[129.094755,35.056829],[129.094954,35.05686],[129.095055,35.056755],[129.09506,35.05657],[129.094922,35.056471],[129.094786,35.05654],[129.094366,35.056358],[129.094358,35.056231],[129.094144,35.056016],[129.094101,35.055869],[129.093995,35.055826],[129.093729,35.055679],[129.093859,35.055472],[129.093662,35.055428],[129.093429,35.055504],[129.093212,35.055201],[129.093156,35.054823],[129.093419,35.054874],[129.093307,35.05459],[129.092959,35.054506],[129.09274,35.054539],[129.09237,35.054096],[129.092193,35.053652],[129.092185,35.053254],[129.092306,35.053136],[129.092432,35.0532],[129.092519,35.053131],[129.0925,35.053002],[129.09271,35.052981],[129.092734,35.05283],[129.092523,35.052698],[129.092747,35.052662],[129.09306,35.052647],[129.093245,35.052517],[129.09311,35.052178],[129.092869,35.052114],[129.092257,35.051845],[129.092478,35.051795],[129.092411,35.051639],[129.092099,35.051438],[129.091738,35.05143],[129.09195,35.051234],[129.091554,35.050976],[129.091322,35.050942],[129.091184,35.0508],[129.090798,35.050657],[129.090424,35.050672],[129.090002,35.050464],[129.089584,35.050402],[129.089497,35.050253],[129.089553,35.050125],[129.089387,35.049942],[129.089203,35.049944],[129.089086,35.050083],[129.08884,35.049956],[129.088481,35.04989],[129.088419,35.049804],[129.088172,35.049818],[129.088206,35.049742],[129.088401,35.049709],[129.088167,35.049485],[129.087661,35.049395],[129.087483,35.049453],[129.087367,35.049515],[129.087347,35.049585],[129.087272,35.049638],[129.08722,35.049561],[129.087167,35.049517],[129.08711,35.049498],[129.087155,35.049415],[129.087005,35.04924],[129.086347,35.049276],[129.085816,35.049311],[129.085547,35.049405],[129.085611,35.049577],[129.08556,35.049642],[129.085724,35.04984],[129.08583,35.04989],[129.085525,35.050018],[129.085213,35.050001],[129.084642,35.050106],[129.084388,35.050265],[129.084075,35.050307],[129.084037,35.050253],[129.083909,35.050258],[129.083785,35.050226],[129.083668,35.050279],[129.083526,35.050268],[129.083342,35.050281],[129.083009,35.050349],[129.082536,35.050678],[129.082301,35.050863],[129.082102,35.051077],[129.082216,35.051278],[129.082487,35.051501],[129.082196,35.051452],[129.082157,35.051563],[129.082009,35.051619],[129.082022,35.051921],[129.082202,35.052058],[129.081921,35.052065],[129.081828,35.052142],[129.081876,35.052578],[129.081681,35.052424],[129.081499,35.052502],[129.081511,35.053139],[129.081462,35.053535],[129.081555,35.053686],[129.0815,35.053902],[129.081735,35.054011],[129.081924,35.054033],[129.082012,35.054581],[129.08208,35.05465],[129.082121,35.054828],[129.081944,35.054894],[129.081812,35.055126],[129.0817,35.055148],[129.081749,35.05536],[129.081827,35.055373],[129.081877,35.05544],[129.081835,35.055475],[129.081754,35.055584],[129.081625,35.055868],[129.081572,35.055981],[129.081351,35.056111],[129.080804,35.056388],[129.080716,35.05633],[129.080655,35.056243],[129.080704,35.056216],[129.080547,35.055988],[129.080493,35.055969],[129.080449,35.055919],[129.080318,35.0559],[129.08021,35.05593],[129.080204,35.056036],[129.08005,35.05606],[129.080123,35.056278],[129.08007,35.056315],[129.079955,35.056267],[129.079781,35.056258],[129.079644,35.056353],[129.079563,35.056522],[129.079659,35.056672],[129.079556,35.056715],[129.079519,35.056776],[129.079683,35.057079],[129.07957,35.057355],[129.079715,35.057507],[129.078821,35.058471],[129.078961,35.058548],[129.079072,35.058469],[129.079168,35.058399],[129.079292,35.058488],[129.079265,35.058522],[129.079394,35.058612],[129.079289,35.058673],[129.079065,35.05884],[129.078644,35.05892],[129.078277,35.059253],[129.078389,35.059416],[129.078369,35.059495],[129.078165,35.05967],[129.078098,35.059637],[129.077945,35.059786],[129.077761,35.059751],[129.077598,35.059741],[129.077402,35.059809],[129.077403,35.05985],[129.077281,35.059891],[129.077338,35.06],[129.077416,35.059968],[129.077448,35.059925],[129.077561,35.059908],[129.07762,35.060007],[129.077594,35.060141],[129.077415,35.060347],[129.077037,35.060588],[129.076579,35.060755],[129.075938,35.060884],[129.075287,35.060891],[129.074848,35.060683],[129.074456,35.060668],[129.074511,35.060555],[129.074033,35.060511],[129.073663,35.0603],[129.07322,35.059756],[129.072874,35.059322],[129.072667,35.059123],[129.072481,35.059128],[129.072533,35.059018],[129.072224,35.05873],[129.072061,35.058741],[129.071891,35.058848],[129.07171,35.058785],[129.070993,35.058552],[129.070852,35.058613],[129.070936,35.058851],[129.071172,35.059037],[129.070854,35.059425],[129.070636,35.059231],[129.07047,35.059287],[129.070505,35.059398],[129.070745,35.059648],[129.070555,35.059626],[129.070636,35.05982],[129.070279,35.059721],[129.070474,35.0599],[129.070252,35.059986],[129.069985,35.059787],[129.07003,35.059979],[129.070273,35.060143],[129.070057,35.060261],[129.069829,35.060224],[129.069617,35.060271],[129.069734,35.060347],[129.06971,35.060438],[129.069551,35.060528],[129.069572,35.060666],[129.069443,35.060707],[129.069296,35.060774],[129.069362,35.060943],[129.069539,35.060936],[129.069539,35.061046],[129.069575,35.061208],[129.069367,35.06131],[129.069096,35.061124],[129.069035,35.061323],[129.068942,35.061421],[129.068733,35.061365],[129.068631,35.061458],[129.068098,35.061463],[129.068114,35.061758],[129.06849,35.06198],[129.06854,35.06215],[129.068133,35.062393],[129.067759,35.062594],[129.067363,35.062564],[129.067219,35.062761],[129.067028,35.062883],[129.066656,35.062662],[129.066428,35.062709],[129.066237,35.062709],[129.066141,35.062797],[129.065787,35.062714],[129.065589,35.062768],[129.065514,35.062697],[129.065415,35.062768],[129.065433,35.062935],[129.065386,35.063103],[129.065322,35.062936],[129.065031,35.062792],[129.064963,35.063061],[129.065012,35.06324],[129.064904,35.063291],[129.064702,35.063103],[129.064656,35.063321],[129.064749,35.063495],[129.064844,35.063561],[129.064955,35.063966],[129.064835,35.064005],[129.064834,35.064189],[129.06537,35.0643],[129.065414,35.064594],[129.065601,35.065011],[129.06571,35.065369],[129.065645,35.065827],[129.065533,35.066036],[129.065237,35.066252],[129.065285,35.066387],[129.065509,35.066323],[129.06563,35.066477],[129.065505,35.066626],[129.06562,35.06673],[129.065519,35.06688],[129.06553,35.06738],[129.065555,35.067495],[129.065611,35.067717],[129.065455,35.067921],[129.064478,35.067716],[129.063956,35.067976],[129.064082,35.068101],[129.064442,35.067922],[129.06531,35.068104],[129.065211,35.068319],[129.065071,35.068471],[129.064894,35.068339],[129.064821,35.068396],[129.06513,35.06862],[129.06534,35.06844],[129.065466,35.068532],[129.065226,35.068752],[129.064785,35.068442],[129.064715,35.068517],[129.064785,35.068624],[129.064658,35.068731],[129.064632,35.068817],[129.064355,35.068964],[129.064033,35.06909],[129.063703,35.069274],[129.063388,35.069405],[129.063179,35.069519],[129.063003,35.069549],[129.062744,35.069556],[129.062441,35.069565],[129.062163,35.069632],[129.061927,35.069654],[129.061811,35.069632],[129.061718,35.069632],[129.061699,35.069739],[129.061542,35.069727],[129.061497,35.069645],[129.061441,35.06951],[129.061208,35.069473],[129.060942,35.069488],[129.06092,35.069586],[129.060826,35.069519],[129.060586,35.069519],[129.060459,35.069549],[129.060395,35.069439],[129.060212,35.069525],[129.060234,35.069598],[129.060137,35.069672],[129.060006,35.06977],[129.059718,35.069789],[129.059575,35.069862],[129.059261,35.069969],[129.059025,35.069985],[129.058792,35.069979],[129.058616,35.069914],[129.05856,35.069798],[129.058583,35.06966],[129.058545,35.069525],[129.058208,35.069629],[129.058275,35.0697],[129.058137,35.069736],[129.058141,35.069813],[129.058006,35.069782],[129.057882,35.069773],[129.057953,35.069672],[129.057905,35.069577],[129.057792,35.069482],[129.057654,35.069451],[129.057605,35.069568],[129.057496,35.069522],[129.057444,35.069605],[129.057354,35.069497],[129.057204,35.069439],[129.057081,35.069473],[129.056979,35.06943],[129.056886,35.069503],[129.056901,35.069651],[129.056848,35.069807],[129.056893,35.069911],[129.057054,35.070046],[129.05708,35.070147],[129.056897,35.070231],[129.05693,35.070343],[129.056864,35.070396],[129.056728,35.070289],[129.05656,35.070301],[129.056593,35.070408],[129.056822,35.070507],[129.056635,35.070523],[129.056429,35.070404],[129.056279,35.070439],[129.056349,35.070576],[129.056176,35.070653],[129.056059,35.070638],[129.055947,35.070726],[129.055904,35.070872],[129.055749,35.070932],[129.055583,35.070967],[129.055302,35.07096],[129.055103,35.070998],[129.055079,35.071127],[129.054848,35.071027],[129.054537,35.07127],[129.054322,35.071446],[129.054209,35.071569],[129.0539,35.071607],[129.05369,35.07163],[129.053404,35.071761],[129.053039,35.071983],[129.05265,35.072255],[129.052131,35.072676],[129.05184,35.072946],[129.051679,35.073041],[129.051298,35.07324],[129.051034,35.073364],[129.05081,35.073414],[129.050613,35.073362],[129.050489,35.073395],[129.050522,35.073487],[129.050628,35.073527],[129.050546,35.073668],[129.050186,35.073871],[129.049797,35.074095],[129.049417,35.07443],[129.049061,35.07472],[129.048711,35.074863],[129.048591,35.07481],[129.048506,35.074833],[129.048562,35.074953],[129.048412,35.075021],[129.04823,35.075077],[129.047948,35.075162],[129.047786,35.07511],[129.047654,35.075202],[129.047547,35.075232],[129.047453,35.075236],[129.047378,35.075121],[129.04735,35.075485],[129.04721,35.075669],[129.046882,35.075842],[129.046629,35.076052],[129.046306,35.076438],[129.045361,35.077519],[129.044865,35.077862],[129.044416,35.078294],[129.043951,35.078768],[129.043636,35.078961],[129.043224,35.079364],[129.043125,35.079461],[129.04268,35.079642],[129.041864,35.080338],[129.041719,35.0805],[129.041276,35.080781],[129.041127,35.080828],[129.040922,35.080746],[129.040475,35.080648],[129.040102,35.080506],[129.039815,35.080461],[129.03946,35.080741],[129.038538,35.08153],[129.03818,35.081868],[129.038052,35.081989],[129.037891,35.082085],[129.036555,35.083185],[129.034542,35.084908],[129.034382,35.08503],[129.034197,35.085058],[129.033919,35.085047],[129.033371,35.084719],[129.033225,35.084668],[129.033032,35.084745],[129.03298,35.084851],[129.03303,35.084971],[129.033249,35.085114],[129.03336,35.085036],[129.034238,35.08567],[129.034132,35.086042],[129.034102,35.086266],[129.034347,35.086326],[129.03426,35.086849],[129.034163,35.086827],[129.034092,35.087058],[129.034272,35.087048],[129.034275,35.087389],[129.034111,35.087886],[129.033813,35.088222],[129.03286,35.08873],[129.032142,35.088712],[129.032069,35.088793],[129.032937,35.088828],[129.033698,35.088698],[129.033674,35.089036],[129.033578,35.089354],[129.034138,35.089515],[129.035786,35.08893],[129.036042,35.089048],[129.036356,35.08963],[129.034757,35.090228],[129.034646,35.090207],[129.034468,35.089852],[129.033434,35.089583],[129.033299,35.089619],[129.032955,35.090088],[129.032375,35.089795],[129.032343,35.089813],[129.032703,35.090019],[129.032376,35.090428],[129.032012,35.090236],[129.031998,35.090266],[129.032314,35.090438],[129.032065,35.090803],[129.031811,35.09068],[129.031765,35.09074],[129.032195,35.090968],[129.031996,35.091311],[129.031431,35.091794],[129.031495,35.091927],[129.031334,35.092243],[129.03129,35.09244],[129.031348,35.092455],[129.031282,35.092743],[129.03123,35.093163],[129.031491,35.093929],[129.031615,35.093988],[129.031607,35.094026],[129.031866,35.094112],[129.033051,35.094395],[129.03346,35.09419],[129.033533,35.094067],[129.033184,35.094038],[129.033283,35.093371],[129.034011,35.093367],[129.03472,35.092742],[129.037133,35.091852],[129.037414,35.092382],[129.03671,35.092657],[129.036073,35.094535],[129.037496,35.094874],[129.037888,35.093705],[129.037908,35.093688],[129.038337,35.09354],[129.038377,35.093535],[129.038444,35.09357],[129.038459,35.093585],[129.038697,35.094769],[129.038727,35.094797],[129.038764,35.094821],[129.038818,35.094851],[129.039499,35.095239],[129.040023,35.095568],[129.040692,35.095871],[129.041974,35.096262],[129.042043,35.096281],[129.043026,35.096587],[129.044129,35.096948],[129.044162,35.096955],[129.044194,35.096953],[129.045109,35.096627],[129.045187,35.096615],[129.045208,35.096618],[129.045218,35.096633],[129.045301,35.096835],[129.045424,35.097091],[129.045439,35.097105],[129.045473,35.097108],[129.046805,35.096669],[129.047228,35.096539],[129.047014,35.096058],[129.047414,35.095951],[129.0474,35.095879],[129.047596,35.095808],[129.047546,35.095676],[129.048009,35.095515],[129.04865,35.095393],[129.048847,35.095355],[129.049185,35.096023],[129.047874,35.096456],[129.047555,35.097237],[129.047755,35.097938],[129.049586,35.098435],[129.048543,35.100799],[129.048487,35.100785],[129.048458,35.10085],[129.048638,35.100897],[129.04972,35.09847],[129.050241,35.09727],[129.050793,35.097439],[129.051158,35.097552],[129.051321,35.097602],[129.051773,35.096593],[129.051883,35.09663],[129.051908,35.09658],[129.052132,35.096652],[129.052108,35.096704],[129.052345,35.096771],[129.051769,35.098],[129.051018,35.099494],[129.051086,35.099612],[129.052617,35.100104],[129.053744,35.097672],[129.054243,35.097795],[129.053143,35.100249],[129.053406,35.100332],[129.054618,35.097743],[129.055112,35.097905],[129.053952,35.100474],[129.054722,35.100726],[129.05494,35.100797],[129.054972,35.100808],[129.055172,35.100873],[129.055358,35.101725],[129.055163,35.101945],[129.05505,35.101953],[129.05511,35.102075],[129.055234,35.102037],[129.055234,35.10197],[129.055441,35.101749],[129.055255,35.100828],[129.056353,35.100931],[129.05676,35.100534],[129.057375,35.10077],[129.058156,35.101685],[129.058355,35.101797],[129.059225,35.102883],[129.059174,35.102914],[129.059234,35.102987],[129.060053,35.102541],[129.059996,35.102469],[129.059935,35.102501],[129.059578,35.102194],[129.059254,35.101786],[129.058985,35.101279],[129.058599,35.100685],[129.058693,35.10064],[129.058737,35.100636],[129.058772,35.100648],[129.058958,35.100764],[129.059199,35.100984],[129.061247,35.102687],[129.061714,35.102303],[129.063197,35.10341],[129.063178,35.103439],[129.062462,35.10403],[129.062892,35.104401],[129.063585,35.103833],[129.063591,35.103807],[129.063504,35.103636],[129.063544,35.103596],[129.061801,35.102258],[129.061655,35.102145],[129.061851,35.101995],[129.061988,35.101823],[129.062062,35.10162],[129.062079,35.101528],[129.062081,35.101405],[129.062058,35.101307],[129.061995,35.10118],[129.061904,35.101058],[129.061792,35.100974],[129.061654,35.100904],[129.061524,35.100864],[129.061322,35.100837],[129.06113,35.100853],[129.060964,35.100899],[129.060778,35.100994],[129.060467,35.101232],[129.060425,35.101231],[129.05967,35.100721],[129.059341,35.100469],[129.059298,35.100464],[129.059254,35.100461],[129.059202,35.100452],[129.059164,35.100437],[129.059134,35.100409],[129.059127,35.100392],[129.059144,35.100368],[129.061834,35.099032],[129.061173,35.098108],[129.061168,35.098089],[129.061168,35.098076],[129.061394,35.097954],[129.061415,35.097946],[129.061432,35.097946],[129.062104,35.098868],[129.062119,35.09888],[129.062146,35.098885],[129.065025,35.097539],[129.065968,35.097094],[129.066707,35.096735],[129.068326,35.09597],[129.068362,35.095945]]],[[[129.026755,35.092373],[129.026583,35.09236],[129.027013,35.094345],[129.027172,35.094321],[129.026755,35.092373]]],[[[129.092263,35.03694],[129.09221,35.037044],[129.092218,35.03713],[129.092255,35.03721],[129.092163,35.037199],[129.092152,35.037244],[129.092216,35.037296],[129.0922,35.037393],[129.092245,35.037534],[129.092445,35.037626],[129.092545,35.037654],[129.092627,35.037512],[129.092653,35.03743],[129.092838,35.037646],[129.092943,35.03767],[129.092946,35.037745],[129.09308,35.037805],[129.093185,35.037794],[129.093309,35.037678],[129.093301,35.037499],[129.093135,35.037454],[129.093383,35.03732],[129.093393,35.037232],[129.093203,35.036944],[129.093062,35.036834],[129.092865,35.036764],[129.092782,35.036727],[129.092732,35.036742],[129.092724,35.036804],[129.092619,35.036763],[129.092303,35.036744],[129.092245,35.036764],[129.092313,35.03685],[129.092263,35.03694]]],[[[129.085118,35.049921],[129.08519,35.049895],[129.085112,35.049805],[129.085059,35.049827],[129.085118,35.049921]]],[[[129.084891,35.050041],[129.084848,35.049975],[129.084623,35.049794],[129.084558,35.049833],[129.084672,35.049908],[129.084699,35.04996],[129.084774,35.050045],[129.084891,35.050041]]],[[[129.084544,35.050101],[129.084592,35.050103],[129.084656,35.050049],[129.084664,35.049939],[129.084458,35.049831],[129.08438,35.049768],[129.084267,35.049787],[129.08434,35.050075],[129.084544,35.050101]]],[[[129.083632,35.050077],[129.083579,35.050002],[129.083526,35.05002],[129.083577,35.050099],[129.083632,35.050077]]],[[[129.083718,35.050193],[129.083819,35.050174],[129.08384,35.05014],[129.083715,35.050055],[129.08365,35.050103],[129.083718,35.050193]]],[[[129.083585,35.050189],[129.083494,35.050119],[129.083421,35.050217],[129.083492,35.050249],[129.083621,35.050229],[129.083628,35.050196],[129.083585,35.050189]]],[[[129.08257,35.05022],[129.08236,35.050203],[129.082192,35.050202],[129.082191,35.050334],[129.082669,35.050336],[129.082714,35.050246],[129.08257,35.05022]]],[[[129.090933,35.05067],[129.090984,35.050613],[129.090825,35.050459],[129.090699,35.050457],[129.090554,35.050288],[129.090407,35.050422],[129.090579,35.050562],[129.09074,35.050576],[129.090933,35.05067]]],[[[129.08497,35.073553],[129.084645,35.073422],[129.084616,35.073501],[129.084919,35.073637],[129.08497,35.073553]]],[[[129.127243,35.091445],[129.127211,35.091458],[129.127206,35.091499],[129.127401,35.091519],[129.12742,35.091469],[129.127391,35.091401],[129.127458,35.091387],[129.127443,35.091373],[129.127439,35.091361],[129.127449,35.091343],[129.12741,35.09136],[129.127405,35.091377],[129.127356,35.091378],[129.127339,35.091347],[129.127363,35.091333],[129.12736,35.091322],[129.127263,35.091274],[129.127248,35.091283],[129.127236,35.091277],[129.127174,35.091121],[129.127146,35.09099],[129.127115,35.090969],[129.127077,35.090979],[129.127073,35.090998],[129.127009,35.090956],[129.126852,35.090932],[129.126849,35.090952],[129.126858,35.090971],[129.126812,35.090967],[129.126686,35.090915],[129.126649,35.090935],[129.126616,35.090914],[129.126598,35.090917],[129.126568,35.090973],[129.126433,35.091014],[129.126381,35.091056],[129.1264,35.091115],[129.126446,35.091201],[129.126482,35.091229],[129.126517,35.091259],[129.126604,35.091295],[129.126651,35.091268],[129.126944,35.091416],[129.126942,35.09143],[129.126971,35.091458],[129.127079,35.091403],[129.127087,35.091434],[129.127121,35.09145],[129.127182,35.091443],[129.127224,35.091423],[129.127243,35.091445]]],[[[129.126343,35.092275],[129.126596,35.092422],[129.126663,35.092408],[129.126751,35.092486],[129.127015,35.092429],[129.127311,35.092476],[129.127455,35.09246],[129.127501,35.092403],[129.127463,35.092283],[129.127544,35.09221],[129.127599,35.092226],[129.127667,35.092174],[129.127626,35.092133],[129.127596,35.092127],[129.127583,35.092109],[129.127538,35.092091],[129.127497,35.092024],[129.127575,35.092045],[129.12763,35.091981],[129.127519,35.091895],[129.127431,35.091882],[129.12737,35.091907],[129.12713,35.09178],[129.127049,35.091764],[129.127013,35.091705],[129.126974,35.091627],[129.126917,35.091558],[129.126884,35.091546],[129.126842,35.091555],[129.126815,35.091523],[129.126672,35.091533],[129.126674,35.091564],[129.126602,35.091591],[129.126496,35.0916],[129.126474,35.091626],[129.126428,35.091621],[129.126392,35.091631],[129.126381,35.091654],[129.126324,35.091663],[129.126288,35.091703],[129.126242,35.091706],[129.126197,35.091795],[129.126298,35.091929],[129.126381,35.091981],[129.126384,35.092058],[129.126253,35.0921],[129.126225,35.092157],[129.126232,35.092248],[129.126343,35.092275]]],[[[129.1267,35.092796],[129.126667,35.092782],[129.12663,35.092782],[129.126557,35.092825],[129.126529,35.092811],[129.126469,35.092817],[129.126518,35.092846],[129.12644,35.092899],[129.12661,35.093009],[129.126648,35.093011],[129.12669,35.092946],[129.12675,35.092985],[129.126771,35.093013],[129.126824,35.093049],[129.126862,35.093038],[129.126937,35.093051],[129.126935,35.093075],[129.12698,35.093092],[129.127008,35.093138],[129.127097,35.093158],[129.127129,35.093134],[129.1273,35.093193],[129.127308,35.093097],[129.127257,35.093038],[129.127268,35.093011],[129.127194,35.092934],[129.12718,35.092854],[129.127084,35.092835],[129.126949,35.092773],[129.126922,35.092791],[129.126821,35.092763],[129.126788,35.092787],[129.126718,35.092774],[129.1267,35.092796]]],[[[129.126637,35.093626],[129.126629,35.09359],[129.126522,35.093505],[129.126574,35.093491],[129.126542,35.093453],[129.126551,35.093403],[129.126522,35.093384],[129.126473,35.093387],[129.126464,35.093341],[129.126263,35.093213],[129.126231,35.093249],[129.126191,35.093217],[129.126016,35.093285],[129.126,35.093381],[129.126057,35.093447],[129.126118,35.09345],[129.126128,35.093419],[129.126148,35.093429],[129.126141,35.093512],[129.126234,35.093587],[129.126262,35.093629],[129.126253,35.093675],[129.126212,35.093718],[129.126193,35.093817],[129.12633,35.093907],[129.126333,35.094006],[129.126283,35.093987],[129.126254,35.094024],[129.126167,35.093993],[129.126248,35.094172],[129.126487,35.094524],[129.126591,35.094502],[129.126613,35.094384],[129.126667,35.094388],[129.126698,35.094239],[129.126656,35.094076],[129.126681,35.093971],[129.126714,35.093965],[129.126739,35.093935],[129.126758,35.093828],[129.126736,35.093792],[129.126716,35.093789],[129.126687,35.093728],[129.126679,35.093671],[129.126637,35.093626]]],[[[129.119066,35.097168],[129.119046,35.097198],[129.119026,35.097194],[129.119018,35.097173],[129.118993,35.097162],[129.118987,35.097184],[129.118963,35.097184],[129.118964,35.09716],[129.118987,35.097146],[129.118947,35.097137],[129.118913,35.097141],[129.118898,35.097191],[129.118799,35.097203],[129.118737,35.097185],[129.118713,35.097212],[129.118568,35.097152],[129.118571,35.097136],[129.118547,35.097119],[129.118573,35.097104],[129.118558,35.09708],[129.11859,35.097064],[129.11855,35.097043],[129.118489,35.097108],[129.118462,35.0971],[129.118488,35.097081],[129.118495,35.097054],[129.118429,35.097035],[129.118388,35.097057],[129.118376,35.097051],[129.118351,35.097056],[129.118359,35.097098],[129.118329,35.097101],[129.118336,35.097156],[129.118352,35.097171],[129.118402,35.097146],[129.118445,35.097138],[129.118454,35.097157],[129.118422,35.097198],[129.118435,35.097222],[129.11843,35.097247],[129.118434,35.097272],[129.118386,35.097284],[129.118361,35.097275],[129.118355,35.097282],[129.118347,35.097282],[129.118342,35.09729],[129.118343,35.097299],[129.118361,35.097306],[129.118366,35.097298],[129.118373,35.097296],[129.118416,35.097294],[129.118446,35.097313],[129.11845,35.097342],[129.118519,35.097372],[129.118538,35.097374],[129.118551,35.097384],[129.118565,35.097384],[129.118585,35.097395],[129.118569,35.09741],[129.118536,35.097412],[129.118529,35.097435],[129.118496,35.097432],[129.118491,35.097421],[129.11847,35.09743],[129.118435,35.097415],[129.118413,35.097427],[129.11839,35.097416],[129.118407,35.0974],[129.118408,35.097386],[129.118383,35.097377],[129.118395,35.09735],[129.118379,35.097344],[129.118361,35.097351],[129.118347,35.097361],[129.118338,35.097366],[129.118337,35.097376],[129.11833,35.097381],[129.118337,35.097392],[129.118334,35.09741],[129.118322,35.09741],[129.118325,35.097423],[129.11832,35.097446],[129.118311,35.097439],[129.118299,35.097454],[129.118277,35.097459],[129.118245,35.097459],[129.118227,35.097475],[129.118234,35.097486],[129.118259,35.097491],[129.118277,35.097514],[129.118315,35.097517],[129.118325,35.097564],[129.11832,35.097576],[129.118333,35.097581],[129.118344,35.09758],[129.11835,35.097583],[129.118357,35.097569],[129.118365,35.097563],[129.118367,35.097551],[129.118404,35.097555],[129.11843,35.09757],[129.118455,35.097573],[129.11852,35.097607],[129.118588,35.097629],[129.118633,35.097627],[129.118642,35.097617],[129.118662,35.097612],[129.118668,35.097596],[129.118694,35.097596],[129.118778,35.097613],[129.118812,35.097605],[129.118866,35.09762],[129.118931,35.097629],[129.118971,35.097634],[129.119013,35.097629],[129.119014,35.097594],[129.119008,35.09758],[129.11904,35.097581],[129.119051,35.097558],[129.1191,35.097546],[129.119116,35.097511],[129.119105,35.097483],[129.119153,35.097493],[129.11919,35.097488],[129.119182,35.09745],[129.119236,35.097444],[129.119245,35.09743],[129.119241,35.097406],[129.119239,35.097389],[129.11925,35.097363],[129.119272,35.097364],[129.119292,35.09732],[129.119298,35.097282],[129.119294,35.097275],[129.119278,35.097277],[129.119267,35.097281],[129.119262,35.097279],[129.119265,35.097267],[129.119273,35.097259],[129.119263,35.097246],[129.119256,35.097237],[129.119261,35.097215],[129.119216,35.097205],[129.11919,35.097225],[129.119158,35.097214],[129.11914,35.097231],[129.119092,35.097203],[129.119106,35.097167],[129.119076,35.09718],[129.119066,35.097168]]],[[[129.123833,35.097753],[129.123834,35.097818],[129.123828,35.097832],[129.123734,35.097876],[129.123638,35.097994],[129.123625,35.098104],[129.123663,35.098155],[129.123663,35.098188],[129.123623,35.098186],[129.123627,35.098236],[129.12366,35.098253],[129.123726,35.098251],[129.123727,35.098224],[129.123799,35.098239],[129.123805,35.098325],[129.124151,35.098323],[129.124167,35.098286],[129.124045,35.098221],[129.124254,35.098167],[129.124279,35.098098],[129.124239,35.097981],[129.124322,35.097928],[129.124426,35.09796],[129.124606,35.097944],[129.12463,35.097862],[129.124676,35.097844],[129.124732,35.097691],[129.124553,35.097561],[129.124643,35.097476],[129.124635,35.097396],[129.124133,35.097158],[129.12403,35.09708],[129.123975,35.097097],[129.123953,35.097083],[129.123868,35.097131],[129.123848,35.097291],[129.123939,35.097334],[129.123843,35.097455],[129.123781,35.09761],[129.123815,35.097619],[129.123833,35.097753]]],[[[129.124651,35.142358],[129.125236,35.142967],[129.125899,35.142541],[129.125313,35.141932],[129.124651,35.142358]]],[[[129.126534,35.144268],[129.127142,35.143878],[129.126833,35.143555],[129.126225,35.143946],[129.126534,35.144268]]],[[[129.129934,35.147812],[129.130542,35.147422],[129.130228,35.147094],[129.12962,35.147484],[129.129934,35.147812]]],[[[129.131444,35.149427],[129.132107,35.149001],[129.13152,35.14839],[129.130857,35.148816],[129.131444,35.149427]]],[[[129.139697,35.15792],[129.139576,35.157907],[129.138957,35.158457],[129.138034,35.158432],[129.137973,35.158493],[129.137971,35.158573],[129.13807,35.158647],[129.138347,35.158656],[129.138347,35.158617],[129.138991,35.158661],[129.139451,35.15826],[129.139531,35.15831],[129.139788,35.158054],[129.139754,35.15797],[129.139697,35.15792]]],[[[129.217499,35.169208],[129.217451,35.169193],[129.217394,35.169222],[129.217396,35.169267],[129.217502,35.169247],[129.217499,35.169208]]],[[[129.211834,35.179688],[129.211813,35.17972],[129.211746,35.179717],[129.2117,35.179757],[129.211643,35.17974],[129.211586,35.179781],[129.211643,35.179963],[129.211749,35.180053],[129.211838,35.180009],[129.211891,35.179919],[129.211972,35.179795],[129.211976,35.179734],[129.211937,35.179702],[129.211834,35.179688]]],[[[129.229892,35.217184],[129.229856,35.217271],[129.229765,35.217315],[129.229706,35.217237],[129.229567,35.217197],[129.229569,35.217088],[129.229403,35.217092],[129.229245,35.217836],[129.229181,35.21802],[129.22919,35.218112],[129.229238,35.218178],[129.229236,35.218342],[129.229094,35.218806],[129.230189,35.219045],[129.230342,35.21858],[129.230295,35.218429],[129.23029,35.218133],[129.23013,35.218068],[129.23006,35.217925],[129.230308,35.217876],[129.230317,35.217812],[129.230252,35.21778],[129.230231,35.217724],[129.23015,35.217679],[129.229998,35.2177],[129.230057,35.217501],[129.230283,35.217313],[129.230263,35.217174],[129.230119,35.21711],[129.23011,35.217011],[129.230147,35.21694],[129.230325,35.217038],[129.230471,35.216988],[129.230681,35.21681],[129.230574,35.2166],[129.23025,35.216617],[129.230159,35.216679],[129.230143,35.216777],[129.23008,35.216833],[129.229963,35.216698],[129.229813,35.216828],[129.229743,35.216985],[129.229857,35.217098],[129.229892,35.217184]]],[[[129.248261,35.239333],[129.248336,35.23919],[129.248252,35.239148],[129.248219,35.239219],[129.248159,35.23924],[129.248166,35.23932],[129.248219,35.239492],[129.248173,35.2396],[129.248275,35.23969],[129.248327,35.239707],[129.248355,35.239675],[129.248479,35.239804],[129.248581,35.239831],[129.248621,35.239757],[129.248588,35.239669],[129.248696,35.239619],[129.248684,35.239539],[129.248656,35.239497],[129.248619,35.239402],[129.248535,35.239333],[129.248432,35.239299],[129.248261,35.239333]]],[[[129.249569,35.240842],[129.249629,35.240856],[129.249686,35.24086],[129.249687,35.240881],[129.249753,35.240895],[129.249792,35.240913],[129.249829,35.240904],[129.249838,35.240881],[129.249827,35.24086],[129.249849,35.240834],[129.249837,35.240806],[129.249832,35.24079],[129.249807,35.240773],[129.249794,35.240737],[129.249755,35.240703],[129.249724,35.240691],[129.249693,35.240679],[129.249656,35.240665],[129.249669,35.240654],[129.249684,35.240632],[129.249684,35.240615],[129.249658,35.240586],[129.249636,35.240572],[129.249599,35.240554],[129.249553,35.240539],[129.249501,35.240537],[129.249442,35.240493],[129.249405,35.24046],[129.249395,35.240471],[129.249356,35.240435],[129.249316,35.240426],[129.249298,35.240485],[129.24927,35.240553],[129.249247,35.240582],[129.249199,35.240602],[129.249088,35.240634],[129.249088,35.240683],[129.24915,35.240707],[129.249242,35.240727],[129.249324,35.240764],[129.249415,35.240776],[129.249408,35.24081],[129.249438,35.240822],[129.249502,35.240819],[129.249569,35.240842]]],[[[129.249459,35.241137],[129.249448,35.241122],[129.249432,35.241102],[129.249395,35.241081],[129.249359,35.241054],[129.249322,35.24102],[129.24931,35.240981],[129.24929,35.24092],[129.249276,35.240875],[129.249239,35.240855],[129.249182,35.240854],[129.249111,35.240827],[129.249091,35.240802],[129.249039,35.240784],[129.249006,35.240772],[129.24898,35.240773],[129.24896,35.240783],[129.248953,35.240749],[129.24894,35.240719],[129.248899,35.240678],[129.248854,35.24064],[129.248812,35.240611],[129.248786,35.240583],[129.248748,35.240581],[129.248695,35.240566],[129.248668,35.240578],[129.248643,35.240601],[129.248629,35.240626],[129.248615,35.240813],[129.248627,35.24085],[129.248661,35.240879],[129.248694,35.240894],[129.248751,35.240894],[129.24876,35.240879],[129.248758,35.240857],[129.248764,35.240849],[129.248786,35.240862],[129.24884,35.240889],[129.248888,35.240914],[129.248931,35.240934],[129.249003,35.240971],[129.24905,35.240998],[129.249088,35.241041],[129.24916,35.241104],[129.249221,35.241115],[129.249254,35.241123],[129.249248,35.241085],[129.249304,35.241094],[129.249324,35.241117],[129.249367,35.241141],[129.249404,35.241141],[129.249459,35.241137]]],[[[129.246975,35.244045],[129.246877,35.244064],[129.246802,35.244118],[129.246835,35.244152],[129.246863,35.244217],[129.246947,35.244247],[129.247012,35.244263],[129.247124,35.244259],[129.247208,35.244209],[129.247264,35.244133],[129.247189,35.244083],[129.247054,35.244083],[129.246975,35.244045]]],[[[129.262465,35.296937],[129.261999,35.297759],[129.262133,35.297789],[129.262588,35.297035],[129.262717,35.296859],[129.262677,35.296573],[129.262527,35.29631],[129.262417,35.296365],[129.262553,35.296639],[129.262568,35.296815],[129.262465,35.296937]]],[[[129.261297,35.297328],[129.261433,35.297149],[129.261372,35.29713],[129.261148,35.29742],[129.261512,35.297526],[129.261568,35.297408],[129.261297,35.297328]]],[[[129.26248,35.30037],[129.262397,35.300355],[129.262333,35.300374],[129.262288,35.300427],[129.26228,35.300472],[129.262342,35.300504],[129.262007,35.301613],[129.261937,35.301608],[129.261909,35.301703],[129.261946,35.301779],[129.262076,35.301792],[129.262123,35.301722],[129.262531,35.300496],[129.262534,35.300423],[129.26248,35.30037]]]]}},{"type":"Feature","properties":{"role":"admin","name":"부산광역시 (해상 관할구역 포함)","nameEn":"Busan (incl. maritime jurisdiction)","adminLevel":4,"osmRelation":2396450,"areaKm2":2021.3,"polygonCount":1,"pointCount":767,"note":"OSM 행정경계 그대로. 바다가 들어 있으니 면적·밀도 계산에 쓰면 안 된다. 바다 위 교량 구간을 살려야 할 때만 쓴다"},"geometry":{"type":"MultiPolygon","coordinates":[[[[128.756807,35.007255],[128.796255,34.975177],[128.92209,34.766047],[128.948526,34.72525],[129.065839,34.895045],[129.100831,34.949438],[129.147468,35.004771],[129.174114,35.041729],[129.212473,35.082881],[129.257843,35.124344],[129.266581,35.13371],[129.465589,35.130857],[129.465637,35.140968],[129.488953,35.186171],[129.315892,35.317115],[129.310454,35.32339],[129.307725,35.328067],[129.307411,35.328603],[129.307236,35.328903],[129.306593,35.330846],[129.306678,35.331091],[129.306592,35.331827],[129.306567,35.33192],[129.30647,35.332285],[129.306424,35.332456],[129.306152,35.332642],[129.305621,35.333005],[129.304831,35.333546],[129.304554,35.333735],[129.303438,35.33489],[129.303202,35.335398],[129.303116,35.335748],[129.303224,35.336238],[129.303742,35.336867],[129.30155,35.337376],[129.301081,35.33643],[129.300866,35.336605],[129.300262,35.336938],[129.299812,35.336903],[129.298717,35.337026],[129.298163,35.33755],[129.296682,35.338145],[129.295717,35.337742],[129.295159,35.338303],[129.292798,35.337603],[129.292881,35.336658],[129.292387,35.336903],[129.291361,35.33783],[129.291361,35.338303],[129.289405,35.338636],[129.288654,35.340211],[129.288249,35.339983],[129.285907,35.339371],[129.285478,35.339389],[129.28252,35.339931],[129.280761,35.341086],[129.28095,35.341507],[129.280911,35.342031],[129.281318,35.343046],[129.283185,35.343379],[129.283228,35.344831],[129.283872,35.346827],[129.283593,35.347824],[129.282928,35.348454],[129.283722,35.351465],[129.284215,35.351692],[129.284022,35.35199],[129.284022,35.352375],[129.283893,35.353092],[129.283314,35.353827],[129.280911,35.356207],[129.281251,35.357153],[129.281229,35.357538],[129.281101,35.358781],[129.281444,35.360303],[129.281744,35.362823],[129.283268,35.362823],[129.28447,35.36445],[129.283697,35.365868],[129.282885,35.366024],[129.27943,35.366217],[129.278336,35.367652],[129.278314,35.369314],[129.277542,35.371606],[129.276598,35.372551],[129.27486,35.373653],[129.273848,35.374896],[129.272457,35.376838],[129.271123,35.377958],[129.271101,35.379253],[129.268162,35.37948],[129.268291,35.379953],[129.267668,35.381002],[129.267238,35.382576],[129.266165,35.384011],[129.266165,35.38583],[129.26574,35.38646],[129.265697,35.386949],[129.265654,35.387439],[129.264667,35.386984],[129.26359,35.38576],[129.262822,35.38562],[129.262174,35.38513],[129.258402,35.38443],[129.256853,35.38471],[129.255565,35.38506],[129.254921,35.38569],[129.254539,35.3866],[129.253381,35.387824],[129.251149,35.389224],[129.250548,35.387719],[129.251106,35.3859],[129.245441,35.38534],[129.242944,35.386287],[129.242313,35.385496],[129.240721,35.384712],[129.239094,35.383534],[129.237232,35.38297],[129.236786,35.381364],[129.236056,35.379286],[129.234241,35.379401],[129.230979,35.382191],[129.229691,35.381141],[129.228898,35.380766],[129.226816,35.381211],[129.22437,35.379672],[129.22334,35.379952],[129.222092,35.379688],[129.220903,35.379772],[129.219611,35.379156],[129.218491,35.378813],[129.217212,35.379306],[129.215272,35.379462],[129.212311,35.380372],[129.210891,35.380426],[129.209488,35.380706],[129.208376,35.381069],[129.207161,35.382401],[129.206989,35.383311],[129.204843,35.383871],[129.203084,35.384955],[129.203238,35.386564],[129.203325,35.387198],[129.202945,35.387878],[129.202616,35.388143],[129.20064,35.388786],[129.197891,35.386705],[129.197719,35.38604],[129.194868,35.383696],[129.194587,35.381316],[129.197505,35.377887],[129.198747,35.375622],[129.198749,35.374441],[129.198385,35.373671],[129.197903,35.37144],[129.197459,35.370161],[129.197805,35.368334],[129.19802,35.366777],[129.197355,35.366409],[129.196024,35.366374],[129.195445,35.365674],[129.195209,35.364957],[129.194072,35.364607],[129.194029,35.364047],[129.193728,35.361545],[129.193084,35.360442],[129.188318,35.359743],[129.187524,35.358746],[129.185338,35.356977],[129.184477,35.356348],[129.183922,35.356207],[129.183683,35.355456],[129.1833,35.354475],[129.182527,35.35381],[129.181283,35.35346],[129.179201,35.352987],[129.17888,35.352042],[129.1783,35.351552],[129.17712,35.351342],[129.176348,35.35178],[129.175403,35.351412],[129.17476,35.351605],[129.174266,35.35171],[129.173601,35.351902],[129.173086,35.352095],[129.172142,35.352322],[129.171949,35.352935],[129.171198,35.35276],[129.170683,35.353197],[129.170533,35.354072],[129.169975,35.353862],[129.167292,35.35416],[129.16534,35.35584],[129.163881,35.35584],[129.162216,35.356563],[129.162159,35.357668],[129.16181,35.358278],[129.158301,35.359255],[129.156546,35.360011],[129.155104,35.361002],[129.15386,35.361352],[129.152766,35.361737],[129.152205,35.362596],[129.150338,35.362946],[129.150298,35.36326],[129.149608,35.363593],[129.149458,35.363996],[129.147594,35.36431],[129.146625,35.364013],[129.14566,35.364311],[129.144651,35.364415],[129.143517,35.364572],[129.143021,35.364748],[129.141948,35.364905],[129.140081,35.365465],[129.139358,35.365788],[129.138878,35.36619],[129.137031,35.365955],[129.135079,35.365667],[129.133391,35.365511],[129.1312,35.365723],[129.13045,35.366182],[129.129055,35.366812],[129.128819,35.367652],[129.128068,35.367827],[129.126094,35.368527],[129.125514,35.368317],[129.124999,35.367599],[129.124592,35.367337],[129.123111,35.367774],[129.122081,35.366969],[129.118326,35.368334],[129.118047,35.367197],[129.1203,35.366724],[129.120815,35.365395],[129.121502,35.364817],[129.121609,35.364362],[129.123261,35.363242],[129.125965,35.363172],[129.127167,35.362245],[129.127657,35.361196],[129.127979,35.360951],[129.128065,35.360286],[129.128604,35.35976],[129.130149,35.35913],[129.130879,35.35815],[129.132531,35.357117],[129.133818,35.35717],[129.134244,35.357031],[129.133947,35.35689],[129.134159,35.356733],[129.134269,35.35591],[129.134027,35.355547],[129.133815,35.355228],[129.133558,35.354126],[129.133837,35.353828],[129.134248,35.35332],[129.134759,35.353058],[129.134612,35.352532],[129.134545,35.351378],[129.133947,35.351115],[129.133923,35.350188],[129.133408,35.350153],[129.130278,35.349172],[129.12957,35.348752],[129.128987,35.348],[129.128923,35.347598],[129.128773,35.347055],[129.128218,35.346354],[129.127445,35.345899],[129.127209,35.345479],[129.127228,35.344885],[129.127571,35.34443],[129.128068,35.344061],[129.128132,35.343764],[129.127832,35.343151],[129.127059,35.342661],[129.126501,35.342066],[129.126459,35.340858],[129.126051,35.340053],[129.125021,35.339265],[129.123966,35.338216],[129.123798,35.337848],[129.123755,35.337533],[129.124095,35.336921],[129.124503,35.336483],[129.125039,35.336326],[129.125018,35.335905],[129.125235,35.335537],[129.125986,35.333646],[129.125922,35.332439],[129.125468,35.331494],[129.123837,35.330356],[129.121845,35.329533],[129.120901,35.328762],[129.119742,35.326101],[129.119377,35.324],[129.118648,35.322933],[129.117615,35.321988],[129.115254,35.320867],[129.113774,35.320062],[129.112511,35.3181],[129.112057,35.316298],[129.111996,35.314984],[129.111867,35.310624],[129.111456,35.308331],[129.110794,35.306456],[129.109589,35.305512],[129.106779,35.306125],[129.106178,35.306492],[129.104314,35.306702],[129.103713,35.306544],[129.101203,35.305441],[129.098306,35.30432],[129.096718,35.303742],[129.092834,35.303584],[129.091804,35.303672],[129.087556,35.302586],[129.086097,35.30115],[129.085088,35.300047],[129.083883,35.29877],[129.080947,35.297087],[129.079613,35.295705],[129.077385,35.293304],[129.075604,35.291483],[129.074638,35.291518],[129.0729,35.292201],[129.072514,35.292744],[129.071591,35.293777],[129.070431,35.294709],[129.070279,35.295277],[129.069188,35.294688],[129.067407,35.293742],[129.066527,35.29446],[129.065326,35.294881],[129.063802,35.294916],[129.061528,35.295441],[129.060192,35.295597],[129.060044,35.295416],[129.059846,35.295331],[129.059262,35.295245],[129.058999,35.294958],[129.058817,35.294421],[129.058509,35.293876],[129.058245,35.293816],[129.057768,35.293508],[129.057391,35.293042],[129.057085,35.292637],[129.056972,35.292487],[129.056756,35.292029],[129.056617,35.291367],[129.056398,35.291136],[129.055528,35.290989],[129.055254,35.290695],[129.054967,35.290281],[129.05455,35.289741],[129.054161,35.289509],[129.053498,35.289614],[129.052644,35.289281],[129.052498,35.289224],[129.052411,35.288681],[129.052421,35.288369],[129.052211,35.287946],[129.051726,35.287268],[129.051317,35.286443],[129.050864,35.285073],[129.050631,35.284394],[129.050537,35.284231],[129.050602,35.28386],[129.050624,35.283354],[129.050473,35.282601],[129.050482,35.281675],[129.050813,35.281414],[129.051161,35.280911],[129.051243,35.280681],[129.051016,35.280531],[129.050751,35.280462],[129.050305,35.280355],[129.05,35.279969],[129.049956,35.279719],[129.049984,35.279033],[129.049733,35.278847],[129.049301,35.27878],[129.048917,35.278574],[129.048819,35.278161],[129.048831,35.277413],[129.048609,35.277136],[129.048367,35.277009],[129.047936,35.276983],[129.047552,35.276727],[129.04671,35.276934],[129.046514,35.276543],[129.045897,35.276404],[129.04518,35.275968],[129.043587,35.275566],[129.04185,35.275689],[129.04067,35.275443],[129.038891,35.27602],[129.037557,35.27602],[129.036272,35.276419],[129.033965,35.276638],[129.03271,35.276831],[129.03036,35.276682],[129.029362,35.276402],[129.0277,35.276227],[129.025607,35.276778],[129.024728,35.276875],[129.023987,35.276787],[129.022321,35.276386],[129.019242,35.275545],[129.018301,35.275386],[129.018033,35.275535],[129.017099,35.275412],[129.016574,35.275141],[129.01284,35.273511],[129.014256,35.270954],[129.003788,35.242881],[129.0011,35.235669],[128.998356,35.232027],[128.993022,35.232546],[128.989977,35.230424],[128.986326,35.227363],[128.98413,35.226539],[128.9807,35.225721],[128.978329,35.225333],[128.975256,35.224852],[128.972054,35.224475],[128.968776,35.224418],[128.96282,35.224822],[128.960916,35.225647],[128.952672,35.226113],[128.949869,35.227202],[128.948748,35.22781],[128.947836,35.228058],[128.946643,35.228086],[128.944315,35.228451],[128.941208,35.228556],[128.939039,35.227833],[128.938073,35.227298],[128.937635,35.226955],[128.937502,35.226586],[128.936099,35.225935],[128.935708,35.22558],[128.933571,35.2233],[128.931966,35.221589],[128.929756,35.220134],[128.928187,35.219396],[128.920426,35.213937],[128.918372,35.214196],[128.917456,35.215022],[128.917142,35.215735],[128.916804,35.216676],[128.916619,35.216954],[128.916051,35.217789],[128.912594,35.222487],[128.909495,35.22305],[128.908526,35.222418],[128.905046,35.220096],[128.907081,35.218056],[128.908368,35.216784],[128.909714,35.215491],[128.910518,35.214694],[128.911252,35.213919],[128.912025,35.213177],[128.912766,35.212557],[128.912614,35.212414],[128.911092,35.213443],[128.910005,35.214452],[128.909698,35.214631],[128.908606,35.214811],[128.908049,35.214892],[128.905314,35.215321],[128.904893,35.215311],[128.901486,35.214388],[128.896721,35.213105],[128.896438,35.213127],[128.893299,35.213849],[128.891567,35.214151],[128.891061,35.214234],[128.88982,35.214527],[128.889122,35.21463],[128.888859,35.214632],[128.88791,35.214244],[128.887446,35.214167],[128.886472,35.214359],[128.886051,35.214319],[128.884491,35.213606],[128.884026,35.213164],[128.884023,35.212958],[128.884075,35.212478],[128.884035,35.212176],[128.883747,35.211965],[128.882849,35.211649],[128.882482,35.211369],[128.881709,35.210528],[128.881026,35.210211],[128.880444,35.210111],[128.879755,35.210213],[128.879215,35.210075],[128.878959,35.209958],[128.878148,35.208972],[128.877718,35.208446],[128.877245,35.208377],[128.870465,35.201709],[128.872203,35.199727],[128.872525,35.198921],[128.872979,35.197833],[128.874156,35.195817],[128.874757,35.194905],[128.876259,35.192889],[128.876302,35.192538],[128.875768,35.189381],[128.876023,35.188663],[128.876387,35.187821],[128.877056,35.187048],[128.878343,35.185979],[128.880228,35.184068],[128.881452,35.18291],[128.881712,35.182208],[128.881326,35.181629],[128.880593,35.180753],[128.880167,35.179735],[128.880232,35.175666],[128.880468,35.172527],[128.880768,35.172018],[128.880575,35.171667],[128.873537,35.174351],[128.87274,35.172878],[128.872443,35.172369],[128.87358,35.172018],[128.873322,35.171702],[128.879048,35.1693],[128.878211,35.16816],[128.879714,35.167142],[128.880271,35.167213],[128.880464,35.166985],[128.878215,35.166072],[128.876455,35.165703],[128.877657,35.164581],[128.879159,35.164826],[128.879588,35.16451],[128.879288,35.163353],[128.879502,35.162826],[128.880232,35.16237],[128.882034,35.162511],[128.882116,35.161353],[128.882202,35.16037],[128.881429,35.159669],[128.880227,35.159143],[128.876923,35.159178],[128.875421,35.158511],[128.875378,35.156862],[128.875335,35.153353],[128.876927,35.151634],[128.871558,35.151178],[128.865254,35.15823],[128.865422,35.158862],[128.865769,35.159248],[128.866073,35.159248],[128.866409,35.159248],[128.866971,35.159107],[128.867786,35.158335],[128.869971,35.158371],[128.870013,35.160055],[128.871219,35.161493],[128.872078,35.162405],[128.873065,35.162756],[128.873494,35.164791],[128.871906,35.167071],[128.870876,35.166756],[128.869717,35.167317],[128.869245,35.167949],[128.867529,35.167457],[128.864568,35.166896],[128.862508,35.168369],[128.860791,35.167598],[128.857315,35.167317],[128.852895,35.1663],[128.849633,35.167001],[128.847616,35.167036],[128.846758,35.16644],[128.846157,35.165493],[128.846157,35.164195],[128.845084,35.163668],[128.840792,35.161949],[128.839634,35.161634],[128.837531,35.159493],[128.835471,35.158897],[128.833154,35.157283],[128.828862,35.157143],[128.828347,35.157844],[128.82706,35.158125],[128.823755,35.156336],[128.822553,35.156722],[128.821867,35.15823],[128.818906,35.158792],[128.817747,35.159283],[128.815644,35.16023],[128.813412,35.159178],[128.811224,35.159739],[128.808778,35.159458],[128.807876,35.159423],[128.806589,35.16023],[128.806546,35.160897],[128.801997,35.159318],[128.80131,35.158476],[128.798821,35.158195],[128.797448,35.158686],[128.795302,35.158546],[128.793972,35.157388],[128.79453,35.15623],[128.794272,35.155178],[128.793929,35.154546],[128.793886,35.153423],[128.795474,35.153037],[128.796761,35.152546],[128.796118,35.151634],[128.795002,35.149809],[128.796718,35.149213],[128.798778,35.149143],[128.802383,35.148827],[128.802555,35.147984],[128.801911,35.147177],[128.801997,35.146546],[128.802555,35.145984],[128.802512,35.145107],[128.802126,35.143598],[128.802598,35.142405],[128.804057,35.142124],[128.80616,35.1423],[128.807383,35.140826],[128.80734,35.139527],[128.810044,35.137211],[128.811846,35.136],[128.812833,35.134789],[128.81397,35.134087],[128.815859,35.132947],[128.817307,35.132859],[128.818165,35.132789],[128.820408,35.132131],[128.821481,35.132096],[128.822435,35.131692],[128.822918,35.131209],[128.82545,35.131209],[128.825654,35.130464],[128.826148,35.130385],[128.827682,35.130104],[128.827585,35.129253],[128.828572,35.12856],[128.831684,35.12877],[128.832252,35.129455],[128.832971,35.129911],[128.83383,35.130095],[128.834806,35.130622],[128.835964,35.129832],[128.835417,35.129086],[128.835567,35.128691],[128.835267,35.127875],[128.835342,35.126875],[128.836072,35.125997],[128.836297,35.125155],[128.837134,35.124532],[128.837606,35.123716],[128.837831,35.122926],[128.837703,35.122663],[128.837617,35.122312],[128.837571,35.12205],[128.837697,35.121877],[128.837726,35.121708],[128.837607,35.121498],[128.837352,35.121281],[128.837518,35.120978],[128.8375,35.120872],[128.837571,35.120807],[128.837544,35.120664],[128.837146,35.120557],[128.836952,35.120254],[128.836648,35.120192],[128.836411,35.120055],[128.83643,35.119912],[128.836472,35.119836],[128.836446,35.119718],[128.836342,35.119651],[128.836195,35.119615],[128.836166,35.119307],[128.835977,35.11911],[128.836001,35.118977],[128.836262,35.118674],[128.836517,35.11865],[128.836723,35.118589],[128.836803,35.118475],[128.836718,35.118066],[128.836882,35.117562],[128.837287,35.117139],[128.837515,35.116609],[128.837504,35.116298],[128.837617,35.116149],[128.837806,35.115912],[128.838182,35.115564],[128.838346,35.115285],[128.83855,35.115118],[128.839234,35.115029],[128.839263,35.115036],[128.839802,35.115152],[128.840074,35.1152],[128.840304,35.115169],[128.841678,35.114616],[128.842005,35.114259],[128.842678,35.113604],[128.842891,35.11336],[128.843001,35.112607],[128.842913,35.112158],[128.8432,35.110874],[128.843355,35.109832],[128.842837,35.108506],[128.842104,35.107158],[128.841675,35.10667],[128.840694,35.105787],[128.839466,35.105064],[128.838873,35.104718],[128.838523,35.104336],[128.838122,35.103404],[128.837436,35.103035],[128.836569,35.10249],[128.835701,35.101323],[128.83512,35.101337],[128.834702,35.101396],[128.834359,35.101463],[128.83401,35.101554],[128.833557,35.101731],[128.833006,35.10196],[128.832498,35.102166],[128.831728,35.102374],[128.831277,35.102438],[128.830733,35.102454],[128.826869,35.102274],[128.826098,35.10223],[128.825275,35.102199],[128.82448,35.102081],[128.823752,35.101932],[128.82351,35.101236],[128.82288,35.099755],[128.822641,35.099197],[128.822096,35.09803],[128.82186,35.0977],[128.82206,35.096335],[128.823355,35.095307],[128.824076,35.094132],[128.832055,35.087896],[128.831656,35.087574],[128.830657,35.086751],[128.830072,35.086389],[128.82949,35.086191],[128.829014,35.086089],[128.828523,35.086069],[128.818242,35.08607],[128.818243,35.084546],[128.818192,35.077634],[128.818168,35.074063],[128.787037,35.073794],[128.7859,35.073127],[128.783174,35.071462],[128.784266,35.056833],[128.777758,35.037328],[128.761137,35.035912],[128.757356,35.018194],[128.756807,35.007255]]]]}},{"type":"Feature","properties":{"role":"district","name":"기장군","nameEn":"Gijang-gun","adminLevel":6,"osmRelation":3972379,"areaKm2":219.61,"areaKm2BeforeSeaClip":566.3,"polygonCount":11,"pointCount":2276},"geometry":{"type":"MultiPolygon","coordinates":[[[[129.206285,35.182025],[129.205998,35.182524],[129.205378,35.185737],[129.205396,35.18642],[129.206177,35.187689],[129.206761,35.188246],[129.20685,35.188613],[129.206832,35.189801],[129.206671,35.190388],[129.206258,35.191144],[129.206384,35.191657],[129.207227,35.193762],[129.207443,35.194613],[129.20685,35.195838],[129.207041,35.196819],[129.206074,35.197267],[129.205664,35.197438],[129.205018,35.197688],[129.204714,35.197813],[129.204142,35.198084],[129.203957,35.198168],[129.203761,35.198207],[129.203588,35.198212],[129.203218,35.198136],[129.202953,35.198116],[129.202679,35.198144],[129.20226,35.198305],[129.201277,35.198806],[129.200177,35.199519],[129.199356,35.199887],[129.198394,35.199531],[129.196236,35.198763],[129.194586,35.197207],[129.194078,35.195257],[129.191398,35.189955],[129.189549,35.188979],[129.186695,35.188796],[129.184505,35.189258],[129.184101,35.189859],[129.184128,35.190967],[129.186193,35.19429],[129.186614,35.195625],[129.185439,35.1974],[129.182096,35.197826],[129.17519,35.200285],[129.169986,35.201208],[129.167079,35.202764],[129.162941,35.20433],[129.160187,35.204486],[129.157508,35.205616],[129.156658,35.207732],[129.158219,35.209339],[129.162433,35.212783],[129.164071,35.213913],[129.165007,35.214829],[129.165416,35.21523],[129.165626,35.215931],[129.166317,35.218601],[129.16647,35.220281],[129.167346,35.22223],[129.167647,35.222694],[129.168736,35.224366],[129.168831,35.224511],[129.169389,35.226741],[129.169195,35.228148],[129.169148,35.228483],[129.167528,35.229704],[129.167191,35.229959],[129.166178,35.230722],[129.164787,35.231856],[129.162789,35.233636],[129.160402,35.235668],[129.158998,35.235674],[129.155452,35.235689],[129.155495,35.237582],[129.155509,35.238213],[129.155515,35.238467],[129.156461,35.23986],[129.157267,35.241049],[129.15712,35.241322],[129.156391,35.242677],[129.155122,35.244625],[129.152976,35.246751],[129.151985,35.247632],[129.150145,35.247676],[129.148126,35.246987],[129.145424,35.250307],[129.141861,35.252367],[129.139374,35.254177],[129.139527,35.256046],[129.140245,35.257439],[129.140828,35.259],[129.141071,35.260568],[129.139688,35.260312],[129.138207,35.259711],[129.13669,35.25985],[129.135757,35.25999],[129.134895,35.259711],[129.133926,35.260143],[129.133334,35.259946],[129.132274,35.260246],[129.131538,35.260407],[129.130865,35.260055],[129.130542,35.260158],[129.130381,35.2604],[129.12977,35.260341],[129.128639,35.260686],[129.127464,35.261177],[129.126297,35.261946],[129.125812,35.261924],[129.125489,35.261968],[129.124663,35.261983],[129.123128,35.26169],[129.121575,35.261257],[129.120427,35.260488],[129.120157,35.263471],[129.120543,35.264182],[129.122096,35.265523],[129.121046,35.267597],[129.1211,35.268183],[129.121845,35.269487],[129.123389,35.271686],[129.124448,35.272998],[129.125309,35.27532],[129.126072,35.276779],[129.126575,35.277277],[129.126377,35.277885],[129.125094,35.278999],[129.124941,35.279688],[129.12513,35.280391],[129.125965,35.281783],[129.127804,35.28637],[129.128505,35.288011],[129.13004,35.289505],[129.13266,35.291344],[129.132445,35.294106],[129.131686,35.297497],[129.131286,35.297651],[129.130995,35.298028],[129.129491,35.298292],[129.128796,35.298303],[129.127835,35.298449],[129.127503,35.298596],[129.127234,35.299219],[129.126659,35.299607],[129.125843,35.29987],[129.124406,35.300112],[129.123715,35.30001],[129.123365,35.300105],[129.123051,35.300354],[129.122656,35.301079],[129.122701,35.301489],[129.121678,35.302068],[129.119802,35.301878],[129.116463,35.301914],[129.116104,35.302075],[129.11532,35.302873],[129.114457,35.303349],[129.112223,35.303743],[129.10929,35.304789],[129.109589,35.305512],[129.110794,35.306456],[129.111456,35.308331],[129.111867,35.310624],[129.111996,35.314984],[129.112057,35.316298],[129.112511,35.3181],[129.113774,35.320062],[129.115254,35.320867],[129.117615,35.321988],[129.118648,35.322933],[129.119377,35.324],[129.119742,35.326101],[129.120901,35.328762],[129.121845,35.329533],[129.123837,35.330356],[129.125468,35.331494],[129.125922,35.332439],[129.125986,35.333646],[129.125235,35.335537],[129.125018,35.335905],[129.125039,35.336326],[129.124503,35.336483],[129.124095,35.336921],[129.123755,35.337533],[129.123798,35.337848],[129.123966,35.338216],[129.125021,35.339265],[129.126051,35.340053],[129.126459,35.340858],[129.126501,35.342066],[129.127059,35.342661],[129.127832,35.343151],[129.128132,35.343764],[129.128068,35.344061],[129.127571,35.34443],[129.127228,35.344885],[129.127209,35.345479],[129.127445,35.345899],[129.128218,35.346354],[129.128773,35.347055],[129.128923,35.347598],[129.128987,35.348],[129.12957,35.348752],[129.130278,35.349172],[129.133408,35.350153],[129.133923,35.350188],[129.133947,35.351115],[129.134545,35.351378],[129.134612,35.352532],[129.134759,35.353058],[129.134248,35.35332],[129.133837,35.353828],[129.133558,35.354126],[129.133815,35.355228],[129.134027,35.355547],[129.134269,35.35591],[129.134159,35.356733],[129.133947,35.35689],[129.134244,35.357031],[129.133818,35.35717],[129.132531,35.357117],[129.130879,35.35815],[129.130149,35.35913],[129.128604,35.35976],[129.128065,35.360286],[129.127979,35.360951],[129.127657,35.361196],[129.127167,35.362245],[129.125965,35.363172],[129.123261,35.363242],[129.121609,35.364362],[129.121502,35.364817],[129.120815,35.365395],[129.1203,35.366724],[129.118047,35.367197],[129.118326,35.368334],[129.122081,35.366969],[129.123111,35.367774],[129.124592,35.367337],[129.124999,35.367599],[129.125514,35.368317],[129.126094,35.368527],[129.128068,35.367827],[129.128819,35.367652],[129.129055,35.366812],[129.13045,35.366182],[129.1312,35.365723],[129.133391,35.365511],[129.135079,35.365667],[129.137031,35.365955],[129.138878,35.36619],[129.139358,35.365788],[129.140081,35.365465],[129.141948,35.364905],[129.143021,35.364748],[129.143517,35.364572],[129.144651,35.364415],[129.14566,35.364311],[129.146625,35.364013],[129.147594,35.36431],[129.149458,35.363996],[129.149608,35.363593],[129.150298,35.36326],[129.150338,35.362946],[129.152205,35.362596],[129.152766,35.361737],[129.15386,35.361352],[129.155104,35.361002],[129.156546,35.360011],[129.158301,35.359255],[129.16181,35.358278],[129.162159,35.357668],[129.162216,35.356563],[129.163881,35.35584],[129.16534,35.35584],[129.167292,35.35416],[129.169975,35.353862],[129.170533,35.354072],[129.170683,35.353197],[129.171198,35.35276],[129.171949,35.352935],[129.172142,35.352322],[129.173086,35.352095],[129.173601,35.351902],[129.174266,35.35171],[129.17476,35.351605],[129.175403,35.351412],[129.176348,35.35178],[129.17712,35.351342],[129.1783,35.351552],[129.17888,35.352042],[129.179201,35.352987],[129.181283,35.35346],[129.182527,35.35381],[129.1833,35.354475],[129.183683,35.355456],[129.183922,35.356207],[129.184477,35.356348],[129.185338,35.356977],[129.187524,35.358746],[129.188318,35.359743],[129.193084,35.360442],[129.193728,35.361545],[129.194029,35.364047],[129.194072,35.364607],[129.195209,35.364957],[129.195445,35.365674],[129.196024,35.366374],[129.197355,35.366409],[129.19802,35.366777],[129.197805,35.368334],[129.197459,35.370161],[129.197903,35.37144],[129.198385,35.373671],[129.198749,35.374441],[129.198747,35.375622],[129.197505,35.377887],[129.194587,35.381316],[129.194868,35.383696],[129.197719,35.38604],[129.197891,35.386705],[129.20064,35.388786],[129.202616,35.388143],[129.202945,35.387878],[129.203325,35.387198],[129.203238,35.386564],[129.203084,35.384955],[129.204843,35.383871],[129.206989,35.383311],[129.207161,35.382401],[129.208376,35.381069],[129.209488,35.380706],[129.210891,35.380426],[129.212311,35.380372],[129.215272,35.379462],[129.217212,35.379306],[129.218491,35.378813],[129.219611,35.379156],[129.220903,35.379772],[129.222092,35.379688],[129.22334,35.379952],[129.22437,35.379672],[129.226816,35.381211],[129.228898,35.380766],[129.229691,35.381141],[129.230979,35.382191],[129.234241,35.379401],[129.236056,35.379286],[129.236786,35.381364],[129.237232,35.38297],[129.239094,35.383534],[129.240721,35.384712],[129.242313,35.385496],[129.242944,35.386287],[129.245441,35.38534],[129.251106,35.3859],[129.250548,35.387719],[129.251149,35.389224],[129.253381,35.387824],[129.254539,35.3866],[129.254921,35.38569],[129.255565,35.38506],[129.256853,35.38471],[129.258402,35.38443],[129.262174,35.38513],[129.262822,35.38562],[129.26359,35.38576],[129.264667,35.386984],[129.265654,35.387439],[129.265697,35.386949],[129.26574,35.38646],[129.266165,35.38583],[129.266165,35.384011],[129.267238,35.382576],[129.267668,35.381002],[129.268291,35.379953],[129.268162,35.37948],[129.271101,35.379253],[129.271123,35.377958],[129.272457,35.376838],[129.273848,35.374896],[129.27486,35.373653],[129.276598,35.372551],[129.277542,35.371606],[129.278314,35.369314],[129.278336,35.367652],[129.27943,35.366217],[129.282885,35.366024],[129.283697,35.365868],[129.28447,35.36445],[129.283268,35.362823],[129.281744,35.362823],[129.281444,35.360303],[129.281101,35.358781],[129.281229,35.357538],[129.281251,35.357153],[129.280911,35.356207],[129.283314,35.353827],[129.283893,35.353092],[129.284022,35.352375],[129.284022,35.35199],[129.284215,35.351692],[129.283722,35.351465],[129.282928,35.348454],[129.283593,35.347824],[129.283872,35.346827],[129.283228,35.344831],[129.283185,35.343379],[129.281318,35.343046],[129.280911,35.342031],[129.28095,35.341507],[129.280761,35.341086],[129.28252,35.339931],[129.285478,35.339389],[129.285907,35.339371],[129.288249,35.339983],[129.288654,35.340211],[129.289405,35.338636],[129.291361,35.338303],[129.291361,35.33783],[129.292387,35.336903],[129.292881,35.336658],[129.292798,35.337603],[129.295159,35.338303],[129.295717,35.337742],[129.296682,35.338145],[129.298163,35.33755],[129.298717,35.337026],[129.299812,35.336903],[129.300262,35.336938],[129.300866,35.336605],[129.301081,35.33643],[129.30155,35.337376],[129.303742,35.336867],[129.303224,35.336238],[129.303116,35.335748],[129.303202,35.335398],[129.303438,35.33489],[129.304554,35.333735],[129.304831,35.333546],[129.305621,35.333005],[129.306152,35.332642],[129.306424,35.332456],[129.30647,35.332285],[129.306567,35.33192],[129.306592,35.331827],[129.306678,35.331091],[129.306593,35.330846],[129.306326,35.330793],[129.306128,35.330741],[129.30544,35.330534],[129.305045,35.330364],[129.304934,35.330044],[129.304842,35.329779],[129.304921,35.329474],[129.305075,35.328511],[129.305354,35.326712],[129.305694,35.324466],[129.305568,35.323851],[129.304207,35.322073],[129.303939,35.322044],[129.303666,35.322221],[129.303677,35.322433],[129.304071,35.322867],[129.304276,35.322851],[129.305137,35.32399],[129.305252,35.324341],[129.304427,35.330142],[129.303473,35.329715],[129.303518,35.328857],[129.30333,35.328837],[129.303369,35.32838],[129.303551,35.328373],[129.303601,35.327534],[129.303414,35.327528],[129.303439,35.327137],[129.30366,35.327144],[129.303685,35.325006],[129.303371,35.324528],[129.303222,35.324465],[129.303104,35.324507],[129.302932,35.32428],[129.30274,35.324378],[129.302281,35.323774],[129.302473,35.323677],[129.302358,35.323526],[129.302454,35.323372],[129.302492,35.323233],[129.302312,35.322962],[129.30203,35.322699],[129.300843,35.322204],[129.300853,35.322125],[129.301311,35.32195],[129.301518,35.321837],[129.301613,35.321724],[129.30162,35.321655],[129.301702,35.321651],[129.301783,35.321593],[129.301785,35.32149],[129.301711,35.321431],[129.301604,35.321428],[129.301525,35.321484],[129.301511,35.321564],[129.301373,35.321555],[129.300755,35.321849],[129.300211,35.321847],[129.300207,35.321543],[129.300072,35.321543],[129.300072,35.320895],[129.300207,35.320895],[129.300207,35.3208],[129.300072,35.3208],[129.300072,35.320576],[129.300207,35.320576],[129.300207,35.320195],[129.301558,35.320469],[129.302109,35.32133],[129.302034,35.321382],[129.30202,35.321473],[129.30207,35.321536],[129.302158,35.321562],[129.302251,35.321537],[129.302303,35.321474],[129.302298,35.321397],[129.302502,35.321324],[129.302523,35.321091],[129.301838,35.320221],[129.300427,35.319877],[129.299239,35.318276],[129.297443,35.318233],[129.297044,35.318337],[129.296715,35.318113],[129.296406,35.318067],[129.296068,35.318153],[129.296157,35.318301],[129.296493,35.318326],[129.296691,35.318519],[129.296676,35.31896],[129.29638,35.318963],[129.296301,35.318723],[129.296067,35.318517],[129.294324,35.318636],[129.294001,35.318228],[129.293478,35.318282],[129.293432,35.318471],[129.293677,35.318491],[129.293978,35.31865],[129.293855,35.319142],[129.293604,35.31914],[129.293505,35.318779],[129.293116,35.318672],[129.292891,35.31878],[129.292145,35.318835],[129.292023,35.318619],[129.291845,35.318496],[129.291147,35.318491],[129.291049,35.318707],[129.291221,35.318716],[129.291245,35.318682],[129.291595,35.318653],[129.291676,35.318671],[129.291756,35.318717],[129.291799,35.318787],[129.291802,35.318876],[129.291546,35.318893],[129.291555,35.31899],[129.291471,35.318995],[129.291462,35.318898],[129.291095,35.318922],[129.290939,35.318892],[129.290858,35.318812],[129.290604,35.31872],[129.290392,35.3187],[129.290305,35.318402],[129.290077,35.318349],[129.290017,35.318444],[129.290166,35.318525],[129.290165,35.318649],[129.289983,35.318613],[129.289751,35.318643],[129.289711,35.318763],[129.289216,35.318707],[129.289149,35.318639],[129.288857,35.31867],[129.288581,35.318898],[129.288279,35.31957],[129.287815,35.319587],[129.287355,35.319653],[129.286736,35.320012],[129.286507,35.320228],[129.286459,35.32043],[129.286577,35.320557],[129.286696,35.320561],[129.287362,35.320028],[129.287847,35.3199],[129.288248,35.320007],[129.288027,35.320515],[129.288139,35.320603],[129.288147,35.320775],[129.28807,35.320844],[129.288074,35.321083],[129.287538,35.321189],[129.287138,35.320892],[129.287184,35.320854],[129.287107,35.320823],[129.287029,35.320831],[129.286967,35.320881],[129.286948,35.320939],[129.28696,35.320996],[129.287323,35.321298],[129.287373,35.321384],[129.287701,35.321323],[129.287755,35.322392],[129.288178,35.322384],[129.288226,35.323224],[129.288236,35.323409],[129.28744,35.323684],[129.287493,35.324338],[129.28734,35.324356],[129.287278,35.324024],[129.287141,35.323803],[129.287118,35.323623],[129.286501,35.323671],[129.286434,35.323619],[129.285935,35.323634],[129.285878,35.32362],[129.285442,35.323643],[129.284977,35.323708],[129.284872,35.323759],[129.284804,35.323855],[129.284795,35.32406],[129.28485,35.324099],[129.284902,35.324679],[129.284231,35.324798],[129.283814,35.324715],[129.283783,35.324774],[129.284199,35.3249],[129.284257,35.325172],[129.284314,35.325192],[129.284367,35.325157],[129.284339,35.324994],[129.284792,35.324947],[129.28495,35.325736],[129.28489,35.325744],[129.28498,35.326195],[129.284797,35.326234],[129.284808,35.326266],[129.284726,35.326288],[129.284405,35.325462],[129.284312,35.325493],[129.2845,35.325991],[129.283518,35.326086],[129.283455,35.326051],[129.283185,35.326071],[129.283135,35.326114],[129.281832,35.326249],[129.281835,35.326337],[129.281699,35.32635],[129.281691,35.326616],[129.28164,35.326641],[129.281647,35.326866],[129.281569,35.326919],[129.281521,35.326982],[129.281514,35.327071],[129.2816,35.327431],[129.281588,35.327966],[129.281452,35.328851],[129.280965,35.328626],[129.280804,35.32772],[129.280766,35.326945],[129.280573,35.326537],[129.278903,35.32613],[129.27856,35.325935],[129.278759,35.325398],[129.278715,35.325296],[129.278639,35.325252],[129.278553,35.325255],[129.278486,35.325289],[129.278489,35.325339],[129.27851,35.325414],[129.278416,35.325905],[129.277602,35.325708],[129.277321,35.32562],[129.277215,35.325565],[129.276938,35.325397],[129.277121,35.324979],[129.277045,35.324941],[129.277101,35.324849],[129.277171,35.324871],[129.277225,35.324782],[129.277485,35.324569],[129.278312,35.324574],[129.278796,35.324739],[129.278815,35.324768],[129.278865,35.324807],[129.278935,35.324824],[129.27899,35.32481],[129.279029,35.32478],[129.279053,35.324732],[129.279046,35.32467],[129.27902,35.324636],[129.278941,35.324611],[129.278428,35.324444],[129.278334,35.324431],[129.278207,35.324423],[129.277512,35.324421],[129.277433,35.324432],[129.277388,35.324453],[129.277145,35.324663],[129.277101,35.324678],[129.277021,35.324658],[129.276674,35.324555],[129.276621,35.324529],[129.276582,35.32451],[129.276549,35.324509],[129.27651,35.324537],[129.276487,35.324617],[129.276456,35.32479],[129.276425,35.324829],[129.276386,35.324846],[129.27625,35.324849],[129.27613,35.324846],[129.275981,35.32483],[129.275796,35.324799],[129.275668,35.324782],[129.275579,35.324719],[129.275282,35.324543],[129.275219,35.324492],[129.275164,35.32438],[129.275047,35.32424],[129.274907,35.32411],[129.274782,35.323983],[129.274669,35.323885],[129.274609,35.323852],[129.274412,35.323744],[129.274295,35.323694],[129.274244,35.323641],[129.27414,35.323577],[129.273967,35.323494],[129.273792,35.323439],[129.273672,35.323415],[129.273504,35.323416],[129.273092,35.323355],[129.272831,35.323315],[129.272305,35.323218],[129.271813,35.323133],[129.271202,35.322963],[129.27091,35.322856],[129.270898,35.322803],[129.270907,35.322754],[129.270907,35.322725],[129.270824,35.322672],[129.270659,35.3226],[129.270552,35.322482],[129.270519,35.322398],[129.27049,35.322264],[129.270496,35.32215],[129.270447,35.322085],[129.270376,35.322052],[129.270269,35.322031],[129.27019,35.322048],[129.270151,35.322113],[129.270107,35.322146],[129.270073,35.322134],[129.270084,35.32209],[129.270103,35.322044],[129.270079,35.321991],[129.270036,35.321956],[129.26991,35.321953],[129.269839,35.321974],[129.269757,35.321955],[129.26965,35.321955],[129.26957,35.321976],[129.269451,35.322016],[129.269262,35.322035],[129.26905,35.322015],[129.268904,35.321978],[129.268692,35.321888],[129.26845,35.321801],[129.26839,35.321779],[129.268221,35.321714],[129.267996,35.321581],[129.267883,35.321456],[129.26768,35.321235],[129.267576,35.321077],[129.26746,35.320903],[129.267421,35.320833],[129.267474,35.320777],[129.267826,35.320579],[129.267712,35.320469],[129.267472,35.320615],[129.267226,35.320848],[129.267107,35.320893],[129.266574,35.320548],[129.266589,35.320534],[129.266643,35.320531],[129.267034,35.320125],[129.267715,35.319963],[129.267966,35.320409],[129.26802,35.320418],[129.268102,35.32037],[129.268164,35.320374],[129.268241,35.320397],[129.2683,35.320401],[129.26832,35.320365],[129.268251,35.320302],[129.268131,35.320124],[129.267905,35.319925],[129.267752,35.319844],[129.267667,35.319836],[129.267518,35.319868],[129.267273,35.319953],[129.266966,35.320029],[129.266849,35.320083],[129.266789,35.320173],[129.2667,35.32028],[129.266646,35.320336],[129.266533,35.320358],[129.266368,35.320312],[129.266132,35.320206],[129.265701,35.319904],[129.26513,35.319363],[129.264421,35.318678],[129.264051,35.318238],[129.263395,35.317155],[129.262828,35.31602],[129.262684,35.315652],[129.262655,35.315404],[129.263399,35.314991],[129.263322,35.314834],[129.262458,35.315335],[129.262281,35.315612],[129.262136,35.315623],[129.262116,35.315948],[129.261621,35.31611],[129.261029,35.315803],[129.260772,35.315449],[129.261032,35.315229],[129.261227,35.315066],[129.261504,35.315363],[129.26183,35.315436],[129.261933,35.315203],[129.26222,35.314655],[129.263059,35.314192],[129.263059,35.314136],[129.262998,35.31407],[129.262475,35.314364],[129.262384,35.313956],[129.262158,35.313829],[129.262054,35.313637],[129.261955,35.313499],[129.261898,35.313105],[129.261655,35.312977],[129.261323,35.311854],[129.261159,35.311071],[129.260966,35.310353],[129.260853,35.309954],[129.261029,35.309918],[129.260989,35.309616],[129.26108,35.309599],[129.261097,35.309463],[129.260924,35.309055],[129.260772,35.308978],[129.260557,35.308862],[129.260093,35.308281],[129.259941,35.308085],[129.259798,35.307831],[129.259682,35.307582],[129.259611,35.307225],[129.259507,35.307106],[129.259375,35.306995],[129.259306,35.306756],[129.259218,35.306645],[129.259996,35.306193],[129.260222,35.305886],[129.259953,35.305451],[129.259819,35.305524],[129.260023,35.305819],[129.259831,35.306065],[129.259273,35.306422],[129.258866,35.306651],[129.25882,35.306608],[129.258837,35.306569],[129.258095,35.305943],[129.257932,35.305779],[129.257877,35.305684],[129.257861,35.30554],[129.257883,35.305241],[129.257919,35.305228],[129.258183,35.305503],[129.258247,35.305456],[129.257991,35.305162],[129.257959,35.305083],[129.258166,35.304626],[129.258337,35.304367],[129.258507,35.303804],[129.258774,35.303319],[129.258933,35.303155],[129.259139,35.303021],[129.259292,35.30315],[129.25944,35.303065],[129.259751,35.303387],[129.25996,35.303231],[129.259627,35.302914],[129.259917,35.302712],[129.260405,35.30317],[129.260797,35.303702],[129.261189,35.304299],[129.261296,35.304271],[129.261347,35.304831],[129.261304,35.305158],[129.261483,35.305177],[129.261459,35.304343],[129.261508,35.304273],[129.261508,35.304207],[129.260585,35.303091],[129.260358,35.302616],[129.260289,35.3023],[129.260171,35.302096],[129.259939,35.301635],[129.259652,35.301165],[129.259601,35.300854],[129.259635,35.300325],[129.259851,35.299842],[129.259901,35.299648],[129.259857,35.299643],[129.259838,35.299395],[129.259875,35.29936],[129.26047,35.299062],[129.260522,35.298299],[129.260634,35.29789],[129.260955,35.29794],[129.261005,35.297776],[129.261559,35.297898],[129.262383,35.298907],[129.262448,35.298879],[129.262766,35.299278],[129.262634,35.299573],[129.262563,35.299557],[129.262523,35.299658],[129.262729,35.299722],[129.262946,35.299211],[129.262443,35.298585],[129.262023,35.298118],[129.261946,35.298139],[129.26172,35.297872],[129.261593,35.297793],[129.26163,35.297722],[129.261675,35.297676],[129.261717,35.297685],[129.261801,35.297494],[129.261684,35.297455],[129.261579,35.297618],[129.260931,35.297478],[129.260814,35.297374],[129.26111,35.296943],[129.261844,35.29726],[129.261932,35.296982],[129.261789,35.296824],[129.261605,35.296707],[129.261298,35.296683],[129.261177,35.296584],[129.261033,35.296272],[129.260939,35.296023],[129.260966,35.295992],[129.260824,35.295681],[129.260799,35.295381],[129.260907,35.29516],[129.260824,35.295079],[129.260821,35.294985],[129.260829,35.294826],[129.260964,35.294588],[129.261059,35.294424],[129.261022,35.294284],[129.260826,35.294116],[129.260832,35.294015],[129.260982,35.293866],[129.26113,35.293912],[129.261103,35.293842],[129.260978,35.293774],[129.260698,35.293562],[129.260572,35.293398],[129.260877,35.293534],[129.261137,35.293652],[129.261087,35.293553],[129.260955,35.29347],[129.260888,35.29339],[129.260617,35.29333],[129.260556,35.293275],[129.260539,35.293174],[129.260446,35.293097],[129.260518,35.29303],[129.260501,35.292934],[129.260426,35.292807],[129.260293,35.29274],[129.260256,35.292478],[129.260372,35.292304],[129.260519,35.292357],[129.260514,35.292278],[129.260411,35.292227],[129.260493,35.291969],[129.260693,35.291789],[129.260432,35.291618],[129.260191,35.291406],[129.260073,35.291198],[129.260082,35.291007],[129.260054,35.290867],[129.259955,35.290744],[129.259853,35.290707],[129.25987,35.290611],[129.259772,35.290481],[129.259206,35.290118],[129.258658,35.28968],[129.258648,35.289564],[129.259099,35.289122],[129.259198,35.289102],[129.259252,35.288972],[129.259204,35.288883],[129.259104,35.28886],[129.259027,35.28887],[129.258958,35.288947],[129.259015,35.289007],[129.258791,35.28924],[129.258683,35.28917],[129.258223,35.2896],[129.258193,35.289589],[129.258091,35.289623],[129.257936,35.289498],[129.257822,35.289457],[129.257588,35.289343],[129.257427,35.289173],[129.257326,35.289011],[129.257224,35.288794],[129.257176,35.288575],[129.257215,35.288284],[129.257317,35.288297],[129.257583,35.28772],[129.257663,35.287766],[129.25796,35.287359],[129.258828,35.287374],[129.25882,35.287265],[129.25893,35.287263],[129.258937,35.287417],[129.258897,35.287492],[129.258813,35.288231],[129.25871,35.288267],[129.258682,35.28835],[129.258732,35.288433],[129.25882,35.288457],[129.258917,35.28845],[129.259017,35.288362],[129.259009,35.288253],[129.259214,35.287495],[129.259155,35.287406],[129.259225,35.287235],[129.259131,35.286923],[129.259048,35.286677],[129.258619,35.286226],[129.258496,35.286145],[129.258453,35.286083],[129.258469,35.286002],[129.258549,35.285864],[129.258762,35.285581],[129.258847,35.284777],[129.258954,35.284599],[129.259062,35.284417],[129.259507,35.283929],[129.259924,35.283555],[129.260032,35.283535],[129.260149,35.283565],[129.260236,35.283263],[129.260317,35.283219],[129.260202,35.283118],[129.26004,35.282935],[129.259849,35.28276],[129.259495,35.282625],[129.259405,35.282506],[129.259323,35.282464],[129.259242,35.282313],[129.259142,35.282373],[129.258659,35.282279],[129.258651,35.281732],[129.258693,35.281718],[129.25869,35.281679],[129.258666,35.281637],[129.258599,35.281631],[129.25856,35.281674],[129.258572,35.281738],[129.258569,35.28228],[129.258366,35.282288],[129.258379,35.282538],[129.25759,35.282366],[129.257115,35.282254],[129.256698,35.281984],[129.256186,35.281318],[129.255923,35.280932],[129.255711,35.28038],[129.255595,35.279899],[129.255464,35.279711],[129.255554,35.279464],[129.255689,35.279284],[129.255549,35.278332],[129.255383,35.278143],[129.255509,35.277931],[129.255527,35.277669],[129.255482,35.277335],[129.255626,35.277126],[129.25545,35.27683],[129.25529,35.2767],[129.25514,35.27658],[129.25514,35.27632],[129.255333,35.275696],[129.255661,35.275416],[129.255661,35.274976],[129.255453,35.274458],[129.254535,35.273547],[129.254418,35.273161],[129.253995,35.272576],[129.253769,35.272341],[129.253586,35.27179],[129.253048,35.27127],[129.252833,35.271155],[129.252407,35.271156],[129.252077,35.270853],[129.251636,35.270868],[129.251441,35.270965],[129.25136,35.27118],[129.2512,35.27132],[129.250562,35.271764],[129.250215,35.271818],[129.24997,35.2717],[129.249829,35.271463],[129.249609,35.27172],[129.249141,35.271702],[129.249017,35.271548],[129.248917,35.271663],[129.24865,35.271682],[129.24863,35.271994],[129.248337,35.271994],[129.248374,35.271881],[129.247751,35.271624],[129.247028,35.271845],[129.246772,35.270899],[129.246792,35.269681],[129.246599,35.269674],[129.24657,35.270848],[129.246412,35.270866],[129.246838,35.272292],[129.24634,35.272384],[129.246136,35.272317],[129.245692,35.272232],[129.244557,35.271342],[129.2441,35.270609],[129.243823,35.270659],[129.243633,35.270187],[129.243487,35.269528],[129.24353,35.269207],[129.24368,35.268912],[129.243902,35.268645],[129.244405,35.267957],[129.244425,35.267928],[129.244437,35.267894],[129.244438,35.267856],[129.244434,35.267832],[129.244399,35.267807],[129.244355,35.267786],[129.244314,35.267751],[129.244299,35.267704],[129.244253,35.26755],[129.244173,35.267263],[129.24417,35.267031],[129.244139,35.266636],[129.244231,35.266295],[129.24384,35.266043],[129.243613,35.26604],[129.243359,35.265788],[129.243325,35.265383],[129.243442,35.264821],[129.243292,35.264598],[129.243115,35.264521],[129.243084,35.26358],[129.242846,35.263563],[129.242844,35.264002],[129.242958,35.264084],[129.242986,35.264624],[129.242288,35.264911],[129.241793,35.265088],[129.241493,35.265125],[129.241235,35.265113],[129.240993,35.265056],[129.240841,35.264995],[129.240701,35.264866],[129.240568,35.264719],[129.240342,35.264428],[129.240255,35.26441],[129.240181,35.264154],[129.240247,35.264138],[129.240063,35.263491],[129.240035,35.263459],[129.239426,35.263144],[129.2389,35.26314],[129.238902,35.263267],[129.239376,35.263267],[129.239888,35.263542],[129.240109,35.264349],[129.239935,35.264379],[129.240005,35.264643],[129.239935,35.264743],[129.239378,35.264793],[129.239056,35.264757],[129.238577,35.264708],[129.238382,35.264616],[129.237824,35.264302],[129.237696,35.264184],[129.23742,35.263652],[129.237255,35.263678],[129.237458,35.264085],[129.237191,35.264364],[129.237384,35.264466],[129.237242,35.264786],[129.23715,35.264838],[129.236611,35.264869],[129.236019,35.264893],[129.235905,35.264875],[129.235579,35.26471],[129.235296,35.264572],[129.235835,35.263757],[129.235761,35.263681],[129.23543,35.264178],[129.235018,35.263914],[129.234678,35.263587],[129.234274,35.263065],[129.234129,35.262669],[129.233973,35.262192],[129.233901,35.261854],[129.233883,35.261615],[129.233889,35.261382],[129.233912,35.261158],[129.233933,35.260953],[129.233985,35.260661],[129.23404,35.260385],[129.234085,35.260118],[129.234588,35.259135],[129.235067,35.25849],[129.235568,35.258086],[129.236398,35.257724],[129.23698,35.25816],[129.237445,35.258175],[129.237643,35.25814],[129.237901,35.257859],[129.238238,35.257654],[129.238862,35.257403],[129.239172,35.257339],[129.239596,35.257376],[129.240096,35.257756],[129.240769,35.258196],[129.240685,35.258209],[129.240731,35.258436],[129.241011,35.258542],[129.241389,35.258988],[129.241873,35.259264],[129.241951,35.259144],[129.242672,35.259082],[129.243378,35.259357],[129.243497,35.259672],[129.24338,35.259803],[129.243829,35.260038],[129.244729,35.259764],[129.24544,35.26024],[129.24561,35.260116],[129.244873,35.259577],[129.245175,35.25813],[129.245876,35.25798],[129.246531,35.258241],[129.247169,35.259158],[129.247774,35.259617],[129.246802,35.261044],[129.245999,35.26106],[129.24598,35.261201],[129.246994,35.261254],[129.248191,35.259463],[129.248615,35.259497],[129.248701,35.259671],[129.248811,35.259672],[129.248774,35.25951],[129.249198,35.259523],[129.249464,35.259611],[129.249815,35.259609],[129.24972,35.259483],[129.249878,35.259252],[129.250238,35.25922],[129.250337,35.258877],[129.250576,35.258825],[129.250943,35.259048],[129.251033,35.25925],[129.250882,35.259344],[129.250926,35.259891],[129.251399,35.260228],[129.251611,35.260207],[129.251805,35.26026],[129.252129,35.260252],[129.252166,35.260048],[129.251946,35.259947],[129.25198,35.259772],[129.252438,35.259865],[129.252525,35.259602],[129.252658,35.25925],[129.252492,35.258943],[129.252151,35.258877],[129.251984,35.258661],[129.252083,35.258327],[129.251966,35.258136],[129.251948,35.257949],[129.252211,35.257804],[129.252132,35.257656],[129.251947,35.257693],[129.251979,35.257394],[129.252194,35.257207],[129.252435,35.257281],[129.252873,35.257077],[129.252998,35.256898],[129.253241,35.256925],[129.253472,35.256758],[129.253376,35.256469],[129.253152,35.256433],[129.252919,35.256303],[129.252543,35.256294],[129.252232,35.256217],[129.252023,35.256016],[129.251889,35.255541],[129.251934,35.254954],[129.25225,35.25448],[129.252578,35.254373],[129.252502,35.25403],[129.252448,35.253714],[129.25256,35.2532],[129.25256,35.25294],[129.252705,35.252632],[129.252901,35.252522],[129.252648,35.252269],[129.252644,35.251955],[129.252864,35.251499],[129.252973,35.251218],[129.253282,35.250322],[129.253346,35.250304],[129.253386,35.250286],[129.253393,35.250279],[129.253399,35.25027],[129.253403,35.250258],[129.253403,35.250238],[129.253401,35.250222],[129.253395,35.250206],[129.253385,35.250191],[129.253368,35.250173],[129.253357,35.250166],[129.253337,35.250156],[129.253308,35.250145],[129.253221,35.250126],[129.253204,35.25],[129.25326,35.249886],[129.253273,35.249098],[129.253194,35.248809],[129.25301,35.24857],[129.252953,35.247802],[129.253035,35.246994],[129.253129,35.246734],[129.253476,35.246681],[129.253479,35.246439],[129.253234,35.246274],[129.25317,35.24599],[129.252788,35.246086],[129.252755,35.245812],[129.25269,35.24561],[129.252298,35.245663],[129.252186,35.245442],[129.25235,35.245374],[129.252451,35.245315],[129.25243,35.245249],[129.252194,35.24513],[129.252091,35.244974],[129.252001,35.244981],[129.251995,35.245144],[129.251813,35.245115],[129.251896,35.244777],[129.251713,35.24486],[129.251566,35.244791],[129.251588,35.24461],[129.251433,35.244532],[129.250924,35.244349],[129.250586,35.244296],[129.249695,35.244416],[129.24955,35.244736],[129.249369,35.244484],[129.249058,35.244564],[129.248718,35.244738],[129.248626,35.244967],[129.248664,35.245219],[129.248029,35.245193],[129.247889,35.245296],[129.247826,35.245363],[129.247827,35.245525],[129.248003,35.24555],[129.247853,35.245728],[129.247768,35.245746],[129.247604,35.245735],[129.247382,35.245947],[129.246656,35.2457],[129.246523,35.245565],[129.24673,35.245094],[129.246554,35.245118],[129.246621,35.244982],[129.246804,35.244856],[129.246839,35.244391],[129.246713,35.244276],[129.24624,35.244103],[129.245982,35.243951],[129.24571,35.243913],[129.24541,35.244016],[129.24533,35.243867],[129.245204,35.243924],[129.244818,35.243745],[129.24473,35.243676],[129.245102,35.243511],[129.245446,35.243438],[129.245476,35.243414],[129.245272,35.243411],[129.24505,35.243469],[129.244765,35.243456],[129.244748,35.243236],[129.244916,35.242679],[129.244972,35.242585],[129.2451,35.242441],[129.245301,35.242253],[129.245469,35.242116],[129.245671,35.242015],[129.245828,35.241974],[129.246105,35.241937],[129.246259,35.241936],[129.246155,35.242446],[129.246698,35.242546],[129.246688,35.242603],[129.247324,35.242874],[129.24746,35.243144],[129.247566,35.243111],[129.24792,35.243788],[129.247953,35.243849],[129.247888,35.243898],[129.247941,35.243957],[129.24803,35.24396],[129.248113,35.243946],[129.248164,35.243899],[129.248192,35.24384],[129.248123,35.243714],[129.247752,35.243081],[129.247606,35.242802],[129.247638,35.242701],[129.247513,35.242528],[129.247454,35.242457],[129.24735,35.242412],[129.247334,35.242341],[129.247339,35.242251],[129.247503,35.241718],[129.247545,35.241633],[129.247569,35.24161],[129.247608,35.241565],[129.247747,35.241496],[129.2482,35.241256],[129.248313,35.241162],[129.248614,35.241261],[129.248697,35.241283],[129.248776,35.241273],[129.248796,35.241243],[129.248824,35.24119],[129.248841,35.241116],[129.248847,35.241096],[129.24884,35.241067],[129.248819,35.241049],[129.248818,35.241019],[129.248746,35.240976],[129.248444,35.240805],[129.248431,35.240679],[129.248411,35.240568],[129.248396,35.240515],[129.248473,35.240482],[129.248531,35.240472],[129.248546,35.240469],[129.248555,35.240465],[129.248559,35.240462],[129.248567,35.240454],[129.248571,35.240448],[129.248573,35.240445],[129.248574,35.240443],[129.248574,35.240435],[129.248573,35.240428],[129.24857,35.240417],[129.248556,35.240388],[129.248553,35.240385],[129.24855,35.240383],[129.248547,35.240381],[129.248541,35.240378],[129.248535,35.240377],[129.248502,35.240376],[129.248566,35.24035],[129.248607,35.240343],[129.248611,35.240315],[129.248585,35.240287],[129.248579,35.240183],[129.248507,35.240179],[129.248354,35.239919],[129.248322,35.239849],[129.248299,35.239863],[129.248283,35.239881],[129.248275,35.239891],[129.248268,35.239902],[129.248265,35.239908],[129.248262,35.239916],[129.248259,35.239927],[129.248268,35.240003],[129.247803,35.239635],[129.247877,35.239464],[129.247584,35.239367],[129.247522,35.239236],[129.247412,35.239201],[129.24736,35.239424],[129.247211,35.239394],[129.247286,35.239197],[129.247038,35.239194],[129.246688,35.239141],[129.246631,35.239118],[129.246597,35.239102],[129.246552,35.239076],[129.246499,35.239036],[129.246478,35.239015],[129.246432,35.238963],[129.246403,35.238922],[129.246386,35.23889],[129.24638,35.238856],[129.246387,35.238702],[129.246402,35.238593],[129.246489,35.238469],[129.246487,35.238441],[129.246472,35.238407],[129.246451,35.238387],[129.246316,35.238318],[129.246316,35.238295],[129.24635,35.238274],[129.246397,35.238271],[129.246408,35.238267],[129.246413,35.238265],[129.246417,35.238262],[129.24642,35.238258],[129.246421,35.238248],[129.246421,35.238221],[129.246361,35.238194],[129.246394,35.238166],[129.246427,35.237989],[129.246452,35.237931],[129.24646,35.237851],[129.24632,35.237658],[129.246201,35.237592],[129.245929,35.237503],[129.245789,35.237474],[129.245511,35.237505],[129.24496,35.23723],[129.244853,35.23737],[129.245303,35.237599],[129.245168,35.237785],[129.245126,35.237765],[129.244852,35.238132],[129.24407,35.237997],[129.243878,35.237833],[129.243925,35.23756],[129.243822,35.237552],[129.243814,35.237892],[129.243586,35.238393],[129.243092,35.238352],[129.243045,35.238268],[129.243089,35.238171],[129.243134,35.238174],[129.243174,35.238068],[129.243197,35.237987],[129.243212,35.237892],[129.243213,35.237805],[129.243195,35.237676],[129.24317,35.237604],[129.24311,35.23751],[129.242989,35.237288],[129.242936,35.237201],[129.242923,35.237131],[129.242921,35.23705],[129.242942,35.236969],[129.242977,35.236859],[129.243047,35.236713],[129.24314,35.236701],[129.243414,35.236762],[129.243505,35.236656],[129.243446,35.236504],[129.243569,35.236275],[129.24345,35.23604],[129.243765,35.235985],[129.243826,35.235885],[129.243834,35.235767],[129.243752,35.235772],[129.243564,35.235837],[129.24369,35.235741],[129.24364,35.235562],[129.243821,35.235071],[129.244312,35.234855],[129.244698,35.234609],[129.245116,35.234217],[129.245275,35.233857],[129.245294,35.233352],[129.24513,35.23278],[129.244719,35.232808],[129.244432,35.232594],[129.244351,35.232369],[129.24436,35.231774],[129.244509,35.231451],[129.244702,35.231467],[129.244778,35.231208],[129.245547,35.231178],[129.245632,35.230916],[129.245518,35.230637],[129.245298,35.230502],[129.244533,35.230377],[129.244441,35.230543],[129.24381,35.230507],[129.243652,35.230409],[129.24348,35.230331],[129.243516,35.230177],[129.243427,35.230039],[129.243628,35.229782],[129.243399,35.229686],[129.243305,35.22983],[129.242867,35.229501],[129.242827,35.229137],[129.242224,35.229237],[129.242069,35.229375],[129.240937,35.229322],[129.240629,35.229181],[129.240588,35.228854],[129.240455,35.228631],[129.240558,35.228365],[129.240737,35.22816],[129.240721,35.227918],[129.240336,35.227783],[129.240197,35.227287],[129.23992,35.22707],[129.239774,35.226786],[129.23985,35.226335],[129.240049,35.226258],[129.239966,35.226002],[129.240507,35.225215],[129.240578,35.224675],[129.240536,35.224323],[129.240281,35.224135],[129.23991,35.223811],[129.240151,35.223648],[129.240142,35.223414],[129.239949,35.223269],[129.240192,35.2231],[129.240178,35.222873],[129.240085,35.2228],[129.240117,35.22259],[129.239945,35.222353],[129.239701,35.22234],[129.239424,35.22245],[129.239526,35.222191],[129.239341,35.222033],[129.239305,35.221727],[129.239381,35.221522],[129.239255,35.221195],[129.239044,35.221022],[129.238925,35.221009],[129.238704,35.220782],[129.238446,35.220752],[129.238133,35.220544],[129.237922,35.220495],[129.237561,35.220472],[129.237353,35.220516],[129.236977,35.22061],[129.23663,35.220565],[129.236019,35.22038],[129.234765,35.216284],[129.233446,35.21521],[129.233136,35.215454],[129.233356,35.215644],[129.233419,35.215631],[129.234438,35.216421],[129.234494,35.216535],[129.234334,35.216569],[129.23454,35.217184],[129.234538,35.217531],[129.234654,35.217909],[129.234897,35.217859],[129.235483,35.219673],[129.234257,35.21986],[129.234279,35.219947],[129.230827,35.220479],[129.230174,35.22144],[129.229618,35.221192],[129.229353,35.221591],[129.230609,35.222163],[129.230431,35.224065],[129.229328,35.22438],[129.22732,35.224341],[129.227283,35.224299],[129.227274,35.223491],[129.227519,35.222212],[129.227654,35.221405],[129.227702,35.221323],[129.228439,35.219844],[129.227646,35.219238],[129.228612,35.218306],[129.228604,35.218258],[129.228511,35.218236],[129.228545,35.217959],[129.228019,35.217647],[129.227705,35.217705],[129.227493,35.217732],[129.227275,35.217695],[129.227072,35.217662],[129.22669,35.21735],[129.226449,35.216986],[129.226448,35.216782],[129.226294,35.216809],[129.225956,35.216675],[129.225673,35.216515],[129.225387,35.216214],[129.22512,35.215869],[129.225061,35.215706],[129.225142,35.215578],[129.225223,35.215466],[129.225032,35.214789],[129.224922,35.214717],[129.224846,35.214448],[129.224828,35.214225],[129.224637,35.214273],[129.224654,35.214505],[129.224741,35.214516],[129.224743,35.214707],[129.224367,35.214723],[129.224354,35.214936],[129.223442,35.214602],[129.223572,35.214362],[129.22317,35.214168],[129.22307,35.213905],[129.223122,35.213796],[129.223472,35.213702],[129.223518,35.213714],[129.223596,35.213847],[129.223688,35.213805],[129.223589,35.213646],[129.22344,35.213599],[129.223099,35.213657],[129.22266,35.213664],[129.222414,35.213498],[129.222176,35.213166],[129.222035,35.212809],[129.22203,35.212406],[129.222247,35.212106],[129.222657,35.212064],[129.223223,35.211801],[129.223016,35.210751],[129.222795,35.210349],[129.223276,35.210241],[129.223171,35.209887],[129.223567,35.209331],[129.223749,35.209018],[129.223951,35.208822],[129.224152,35.20872],[129.224546,35.208333],[129.224833,35.207979],[129.225065,35.207591],[129.225311,35.20741],[129.225724,35.207282],[129.226009,35.207243],[129.226183,35.20721],[129.226269,35.207164],[129.226352,35.207072],[129.226551,35.206719],[129.226615,35.20666],[129.226717,35.206623],[129.226819,35.206601],[129.22707,35.20661],[129.227236,35.206357],[129.227067,35.206226],[129.227317,35.205987],[129.227635,35.205884],[129.228031,35.206174],[129.228192,35.206097],[129.228238,35.20582],[129.229026,35.206138],[129.229121,35.205974],[129.228758,35.205432],[129.229006,35.205098],[129.228689,35.204885],[129.228871,35.204602],[129.229223,35.204631],[129.229471,35.204261],[129.23033,35.2039],[129.23035,35.203655],[129.230219,35.203428],[129.230311,35.203114],[129.22987,35.20261],[129.229514,35.202384],[129.229439,35.201946],[129.229842,35.201354],[129.230293,35.200979],[129.230589,35.200941],[129.231227,35.201289],[129.231514,35.201613],[129.231807,35.201464],[129.231787,35.201104],[129.231243,35.200583],[129.230777,35.200665],[129.230382,35.200598],[129.230124,35.199835],[129.229992,35.199075],[129.230091,35.198393],[129.23019,35.197899],[129.230034,35.197428],[129.229778,35.197022],[129.22928,35.196776],[129.229058,35.196682],[129.228803,35.196536],[129.22855,35.196321],[129.228309,35.196267],[129.228164,35.196246],[129.228,35.196293],[129.227578,35.196208],[129.227486,35.195956],[129.226968,35.195024],[129.22672,35.195119],[129.22679,35.195249],[129.226857,35.195225],[129.227366,35.196091],[129.227197,35.196179],[129.227036,35.196008],[129.226933,35.196075],[129.226974,35.196112],[129.227029,35.196076],[129.227194,35.196245],[129.227121,35.196304],[129.226816,35.196442],[129.226501,35.196527],[129.226135,35.196193],[129.225957,35.196372],[129.226004,35.196402],[129.22605,35.196352],[129.226232,35.196493],[129.226397,35.196607],[129.225964,35.196863],[129.225794,35.196887],[129.225465,35.196716],[129.225841,35.196297],[129.225709,35.196222],[129.225622,35.196319],[129.225535,35.19633],[129.225384,35.196369],[129.225218,35.196235],[129.225016,35.195955],[129.224949,35.195852],[129.224995,35.195131],[129.224956,35.194999],[129.224951,35.194913],[129.224771,35.194853],[129.22485,35.194402],[129.224778,35.19409],[129.224923,35.193818],[129.225369,35.193852],[129.225563,35.193501],[129.225471,35.1931],[129.22603,35.192907],[129.225788,35.192604],[129.225754,35.192163],[129.225421,35.191645],[129.22497,35.19144],[129.224833,35.191602],[129.22474,35.191845],[129.224423,35.191868],[129.224082,35.191623],[129.223808,35.191222],[129.223799,35.191017],[129.224062,35.191086],[129.224227,35.190944],[129.224284,35.190731],[129.224226,35.190489],[129.223861,35.190327],[129.22372,35.190099],[129.223359,35.189786],[129.223424,35.189632],[129.223753,35.189498],[129.223761,35.189319],[129.223642,35.189092],[129.223434,35.188845],[129.223274,35.188769],[129.223362,35.188659],[129.223864,35.188885],[129.223913,35.18885],[129.22387,35.188806],[129.223569,35.188654],[129.223552,35.188583],[129.223801,35.188673],[129.223863,35.188677],[129.223853,35.188629],[129.223632,35.188471],[129.223744,35.188435],[129.223929,35.188436],[129.22417,35.188497],[129.224289,35.188338],[129.224175,35.188064],[129.224019,35.187781],[129.223868,35.187481],[129.223664,35.187323],[129.223485,35.186981],[129.223433,35.18673],[129.223481,35.186571],[129.22402,35.18656],[129.224205,35.186808],[129.224351,35.186516],[129.224351,35.186217],[129.224625,35.186286],[129.224766,35.185976],[129.224274,35.185446],[129.223956,35.185609],[129.223559,35.185286],[129.223499,35.184912],[129.22339,35.18477],[129.222716,35.184701],[129.222491,35.185011],[129.221706,35.184488],[129.22176,35.184149],[129.221403,35.184062],[129.220986,35.184194],[129.220649,35.184056],[129.220576,35.183631],[129.220119,35.18345],[129.219633,35.183788],[129.21932,35.18374],[129.21916,35.18387],[129.218711,35.184463],[129.218391,35.184531],[129.218202,35.185138],[129.218174,35.185396],[129.218098,35.185974],[129.217828,35.186317],[129.217515,35.186416],[129.217378,35.186167],[129.217267,35.186452],[129.217373,35.186657],[129.217162,35.186701],[129.217079,35.187259],[129.216713,35.18735],[129.216296,35.18735],[129.215929,35.187157],[129.215794,35.186776],[129.215944,35.186258],[129.21588,35.18606],[129.215775,35.186],[129.215596,35.18606],[129.215593,35.186501],[129.215137,35.186624],[129.214673,35.186619],[129.214382,35.18638],[129.214323,35.186053],[129.214152,35.185957],[129.214064,35.185781],[129.213797,35.185764],[129.21354,35.185547],[129.21333,35.185548],[129.213241,35.185321],[129.213271,35.185102],[129.213598,35.184884],[129.213705,35.184539],[129.213629,35.184331],[129.213646,35.184177],[129.213349,35.183954],[129.213979,35.183399],[129.213899,35.183208],[129.213751,35.18316],[129.213693,35.18318],[129.213645,35.183206],[129.213593,35.183293],[129.213658,35.18333],[129.213664,35.183467],[129.212637,35.184215],[129.21242,35.184022],[129.212186,35.184258],[129.212274,35.184328],[129.212139,35.184521],[129.212005,35.184628],[129.211671,35.184508],[129.211536,35.184401],[129.21144,35.184285],[129.211366,35.184095],[129.211564,35.184061],[129.212078,35.183839],[129.212302,35.183976],[129.212365,35.183946],[129.212102,35.183779],[129.212015,35.183596],[129.21253,35.1832],[129.213187,35.182831],[129.213254,35.182692],[129.213638,35.182727],[129.213986,35.182785],[129.214019,35.182874],[129.21412,35.18289],[129.214184,35.182795],[129.213992,35.182624],[129.213551,35.182575],[129.213231,35.182575],[129.212989,35.182389],[129.212723,35.182114],[129.212507,35.182087],[129.212381,35.182308],[129.212245,35.182339],[129.212074,35.182248],[129.212029,35.181902],[129.212173,35.181768],[129.212367,35.181739],[129.212524,35.181493],[129.212066,35.181153],[129.211795,35.1813],[129.211577,35.181015],[129.211413,35.181109],[129.211533,35.181451],[129.211262,35.181586],[129.210986,35.181302],[129.210753,35.18146],[129.211029,35.181753],[129.211094,35.182143],[129.21105,35.182357],[129.210906,35.182502],[129.210604,35.18258],[129.21004,35.18256],[129.20954,35.18238],[129.208908,35.182077],[129.207886,35.181733],[129.20689,35.181653],[129.206753,35.18161],[129.206285,35.182025]]],[[[129.307725,35.328067],[129.307334,35.328004],[129.30712,35.32803],[129.306876,35.32818],[129.306881,35.328447],[129.307029,35.328555],[129.307232,35.328601],[129.307411,35.328603],[129.307725,35.328067]]],[[[129.211834,35.179688],[129.211813,35.17972],[129.211746,35.179717],[129.2117,35.179757],[129.211643,35.17974],[129.211586,35.179781],[129.211643,35.179963],[129.211749,35.180053],[129.211838,35.180009],[129.211891,35.179919],[129.211972,35.179795],[129.211976,35.179734],[129.211937,35.179702],[129.211834,35.179688]]],[[[129.229892,35.217184],[129.229856,35.217271],[129.229765,35.217315],[129.229706,35.217237],[129.229567,35.217197],[129.229569,35.217088],[129.229403,35.217092],[129.229245,35.217836],[129.229181,35.21802],[129.22919,35.218112],[129.229238,35.218178],[129.229236,35.218342],[129.229094,35.218806],[129.230189,35.219045],[129.230342,35.21858],[129.230295,35.218429],[129.23029,35.218133],[129.23013,35.218068],[129.23006,35.217925],[129.230308,35.217876],[129.230317,35.217812],[129.230252,35.21778],[129.230231,35.217724],[129.23015,35.217679],[129.229998,35.2177],[129.230057,35.217501],[129.230283,35.217313],[129.230263,35.217174],[129.230119,35.21711],[129.23011,35.217011],[129.230147,35.21694],[129.230325,35.217038],[129.230471,35.216988],[129.230681,35.21681],[129.230574,35.2166],[129.23025,35.216617],[129.230159,35.216679],[129.230143,35.216777],[129.23008,35.216833],[129.229963,35.216698],[129.229813,35.216828],[129.229743,35.216985],[129.229857,35.217098],[129.229892,35.217184]]],[[[129.248261,35.239333],[129.248336,35.23919],[129.248252,35.239148],[129.248219,35.239219],[129.248159,35.23924],[129.248166,35.23932],[129.248219,35.239492],[129.248173,35.2396],[129.248275,35.23969],[129.248327,35.239707],[129.248355,35.239675],[129.248479,35.239804],[129.248581,35.239831],[129.248621,35.239757],[129.248588,35.239669],[129.248696,35.239619],[129.248684,35.239539],[129.248656,35.239497],[129.248619,35.239402],[129.248535,35.239333],[129.248432,35.239299],[129.248261,35.239333]]],[[[129.249569,35.240842],[129.249629,35.240856],[129.249686,35.24086],[129.249687,35.240881],[129.249753,35.240895],[129.249792,35.240913],[129.249829,35.240904],[129.249838,35.240881],[129.249827,35.24086],[129.249849,35.240834],[129.249837,35.240806],[129.249832,35.24079],[129.249807,35.240773],[129.249794,35.240737],[129.249755,35.240703],[129.249724,35.240691],[129.249693,35.240679],[129.249656,35.240665],[129.249669,35.240654],[129.249684,35.240632],[129.249684,35.240615],[129.249658,35.240586],[129.249636,35.240572],[129.249599,35.240554],[129.249553,35.240539],[129.249501,35.240537],[129.249442,35.240493],[129.249405,35.24046],[129.249395,35.240471],[129.249356,35.240435],[129.249316,35.240426],[129.249298,35.240485],[129.24927,35.240553],[129.249247,35.240582],[129.249199,35.240602],[129.249088,35.240634],[129.249088,35.240683],[129.24915,35.240707],[129.249242,35.240727],[129.249324,35.240764],[129.249415,35.240776],[129.249408,35.24081],[129.249438,35.240822],[129.249502,35.240819],[129.249569,35.240842]]],[[[129.249459,35.241137],[129.249448,35.241122],[129.249432,35.241102],[129.249395,35.241081],[129.249359,35.241054],[129.249322,35.24102],[129.24931,35.240981],[129.24929,35.24092],[129.249276,35.240875],[129.249239,35.240855],[129.249182,35.240854],[129.249111,35.240827],[129.249091,35.240802],[129.249039,35.240784],[129.249006,35.240772],[129.24898,35.240773],[129.24896,35.240783],[129.248953,35.240749],[129.24894,35.240719],[129.248899,35.240678],[129.248854,35.24064],[129.248812,35.240611],[129.248786,35.240583],[129.248748,35.240581],[129.248695,35.240566],[129.248668,35.240578],[129.248643,35.240601],[129.248629,35.240626],[129.248615,35.240813],[129.248627,35.24085],[129.248661,35.240879],[129.248694,35.240894],[129.248751,35.240894],[129.24876,35.240879],[129.248758,35.240857],[129.248764,35.240849],[129.248786,35.240862],[129.24884,35.240889],[129.248888,35.240914],[129.248931,35.240934],[129.249003,35.240971],[129.24905,35.240998],[129.249088,35.241041],[129.24916,35.241104],[129.249221,35.241115],[129.249254,35.241123],[129.249248,35.241085],[129.249304,35.241094],[129.249324,35.241117],[129.249367,35.241141],[129.249404,35.241141],[129.249459,35.241137]]],[[[129.246975,35.244045],[129.246877,35.244064],[129.246802,35.244118],[129.246835,35.244152],[129.246863,35.244217],[129.246947,35.244247],[129.247012,35.244263],[129.247124,35.244259],[129.247208,35.244209],[129.247264,35.244133],[129.247189,35.244083],[129.247054,35.244083],[129.246975,35.244045]]],[[[129.262465,35.296937],[129.261999,35.297759],[129.262133,35.297789],[129.262588,35.297035],[129.262717,35.296859],[129.262677,35.296573],[129.262527,35.29631],[129.262417,35.296365],[129.262553,35.296639],[129.262568,35.296815],[129.262465,35.296937]]],[[[129.261297,35.297328],[129.261433,35.297149],[129.261372,35.29713],[129.261148,35.29742],[129.261512,35.297526],[129.261568,35.297408],[129.261297,35.297328]]],[[[129.26248,35.30037],[129.262397,35.300355],[129.262333,35.300374],[129.262288,35.300427],[129.26228,35.300472],[129.262342,35.300504],[129.262007,35.301613],[129.261937,35.301608],[129.261909,35.301703],[129.261946,35.301779],[129.262076,35.301792],[129.262123,35.301722],[129.262531,35.300496],[129.262534,35.300423],[129.26248,35.30037]]]]}},{"type":"Feature","properties":{"role":"district","name":"강서구","nameEn":"Gangseo-gu","adminLevel":6,"osmRelation":3972378,"areaKm2":184.37,"areaKm2BeforeSeaClip":457.0,"polygonCount":35,"pointCount":3880},"geometry":{"type":"MultiPolygon","coordinates":[[[[128.822096,35.09803],[128.822641,35.099197],[128.82288,35.099755],[128.82351,35.101236],[128.823752,35.101932],[128.82448,35.102081],[128.825275,35.102199],[128.826098,35.10223],[128.826869,35.102274],[128.830733,35.102454],[128.831277,35.102438],[128.831728,35.102374],[128.832498,35.102166],[128.833006,35.10196],[128.833557,35.101731],[128.83401,35.101554],[128.834359,35.101463],[128.834702,35.101396],[128.83512,35.101337],[128.835701,35.101323],[128.836569,35.10249],[128.837436,35.103035],[128.838122,35.103404],[128.838523,35.104336],[128.838873,35.104718],[128.839466,35.105064],[128.840694,35.105787],[128.841675,35.10667],[128.842104,35.107158],[128.842837,35.108506],[128.843355,35.109832],[128.8432,35.110874],[128.842913,35.112158],[128.843001,35.112607],[128.842891,35.11336],[128.842678,35.113604],[128.842005,35.114259],[128.841678,35.114616],[128.840304,35.115169],[128.840074,35.1152],[128.839802,35.115152],[128.839263,35.115036],[128.839234,35.115029],[128.83855,35.115118],[128.838346,35.115285],[128.838182,35.115564],[128.837806,35.115912],[128.837617,35.116149],[128.837504,35.116298],[128.837515,35.116609],[128.837287,35.117139],[128.836882,35.117562],[128.836718,35.118066],[128.836803,35.118475],[128.836723,35.118589],[128.836517,35.11865],[128.836262,35.118674],[128.836001,35.118977],[128.835977,35.11911],[128.836166,35.119307],[128.836195,35.119615],[128.836342,35.119651],[128.836446,35.119718],[128.836472,35.119836],[128.83643,35.119912],[128.836411,35.120055],[128.836648,35.120192],[128.836952,35.120254],[128.837146,35.120557],[128.837544,35.120664],[128.837571,35.120807],[128.8375,35.120872],[128.837518,35.120978],[128.837352,35.121281],[128.837607,35.121498],[128.837726,35.121708],[128.837697,35.121877],[128.837571,35.12205],[128.837617,35.122312],[128.837703,35.122663],[128.837831,35.122926],[128.837606,35.123716],[128.837134,35.124532],[128.836297,35.125155],[128.836072,35.125997],[128.835342,35.126875],[128.835267,35.127875],[128.835567,35.128691],[128.835417,35.129086],[128.835964,35.129832],[128.834806,35.130622],[128.83383,35.130095],[128.832971,35.129911],[128.832252,35.129455],[128.831684,35.12877],[128.828572,35.12856],[128.827585,35.129253],[128.827682,35.130104],[128.826148,35.130385],[128.825654,35.130464],[128.82545,35.131209],[128.822918,35.131209],[128.822435,35.131692],[128.821481,35.132096],[128.820408,35.132131],[128.818165,35.132789],[128.817307,35.132859],[128.815859,35.132947],[128.81397,35.134087],[128.812833,35.134789],[128.811846,35.136],[128.810044,35.137211],[128.80734,35.139527],[128.807383,35.140826],[128.80616,35.1423],[128.804057,35.142124],[128.802598,35.142405],[128.802126,35.143598],[128.802512,35.145107],[128.802555,35.145984],[128.801997,35.146546],[128.801911,35.147177],[128.802555,35.147984],[128.802383,35.148827],[128.798778,35.149143],[128.796718,35.149213],[128.795002,35.149809],[128.796118,35.151634],[128.796761,35.152546],[128.795474,35.153037],[128.793886,35.153423],[128.793929,35.154546],[128.794272,35.155178],[128.79453,35.15623],[128.793972,35.157388],[128.795302,35.158546],[128.797448,35.158686],[128.798821,35.158195],[128.80131,35.158476],[128.801997,35.159318],[128.806546,35.160897],[128.806589,35.16023],[128.807876,35.159423],[128.808778,35.159458],[128.811224,35.159739],[128.813412,35.159178],[128.815644,35.16023],[128.817747,35.159283],[128.818906,35.158792],[128.821867,35.15823],[128.822553,35.156722],[128.823755,35.156336],[128.82706,35.158125],[128.828347,35.157844],[128.828862,35.157143],[128.833154,35.157283],[128.835471,35.158897],[128.837531,35.159493],[128.839634,35.161634],[128.840792,35.161949],[128.845084,35.163668],[128.846157,35.164195],[128.846157,35.165493],[128.846758,35.16644],[128.847616,35.167036],[128.849633,35.167001],[128.852895,35.1663],[128.857315,35.167317],[128.860791,35.167598],[128.862508,35.168369],[128.864568,35.166896],[128.867529,35.167457],[128.869245,35.167949],[128.869717,35.167317],[128.870876,35.166756],[128.871906,35.167071],[128.873494,35.164791],[128.873065,35.162756],[128.872078,35.162405],[128.871219,35.161493],[128.870013,35.160055],[128.869971,35.158371],[128.867786,35.158335],[128.866971,35.159107],[128.866409,35.159248],[128.866073,35.159248],[128.865769,35.159248],[128.865422,35.158862],[128.865254,35.15823],[128.871558,35.151178],[128.876927,35.151634],[128.875335,35.153353],[128.875378,35.156862],[128.875421,35.158511],[128.876923,35.159178],[128.880227,35.159143],[128.881429,35.159669],[128.882202,35.16037],[128.882116,35.161353],[128.882034,35.162511],[128.880232,35.16237],[128.879502,35.162826],[128.879288,35.163353],[128.879588,35.16451],[128.879159,35.164826],[128.877657,35.164581],[128.876455,35.165703],[128.878215,35.166072],[128.880464,35.166985],[128.880271,35.167213],[128.879714,35.167142],[128.878211,35.16816],[128.879048,35.1693],[128.873322,35.171702],[128.87358,35.172018],[128.872443,35.172369],[128.87274,35.172878],[128.873537,35.174351],[128.880575,35.171667],[128.880768,35.172018],[128.880468,35.172527],[128.880232,35.175666],[128.880167,35.179735],[128.880593,35.180753],[128.881326,35.181629],[128.881712,35.182208],[128.881452,35.18291],[128.880228,35.184068],[128.878343,35.185979],[128.877056,35.187048],[128.876387,35.187821],[128.876023,35.188663],[128.875768,35.189381],[128.876302,35.192538],[128.876259,35.192889],[128.874757,35.194905],[128.874156,35.195817],[128.872979,35.197833],[128.872525,35.198921],[128.872203,35.199727],[128.870465,35.201709],[128.877245,35.208377],[128.877718,35.208446],[128.878148,35.208972],[128.878959,35.209958],[128.879215,35.210075],[128.879755,35.210213],[128.880444,35.210111],[128.881026,35.210211],[128.881709,35.210528],[128.882482,35.211369],[128.882849,35.211649],[128.883747,35.211965],[128.884035,35.212176],[128.884075,35.212478],[128.884023,35.212958],[128.884026,35.213164],[128.884491,35.213606],[128.886051,35.214319],[128.886472,35.214359],[128.887446,35.214167],[128.88791,35.214244],[128.888859,35.214632],[128.889122,35.21463],[128.88982,35.214527],[128.891061,35.214234],[128.891567,35.214151],[128.893299,35.213849],[128.896438,35.213127],[128.896721,35.213105],[128.901486,35.214388],[128.904893,35.215311],[128.905314,35.215321],[128.908049,35.214892],[128.908606,35.214811],[128.909698,35.214631],[128.910005,35.214452],[128.911092,35.213443],[128.912614,35.212414],[128.912766,35.212557],[128.912025,35.213177],[128.911252,35.213919],[128.910518,35.214694],[128.909714,35.215491],[128.908368,35.216784],[128.907081,35.218056],[128.905046,35.220096],[128.908526,35.222418],[128.909495,35.22305],[128.912594,35.222487],[128.916051,35.217789],[128.916619,35.216954],[128.916804,35.216676],[128.917142,35.215735],[128.917456,35.215022],[128.918372,35.214196],[128.920426,35.213937],[128.928187,35.219396],[128.929756,35.220134],[128.931966,35.221589],[128.933571,35.2233],[128.935708,35.22558],[128.936099,35.225935],[128.937502,35.226586],[128.937635,35.226955],[128.938073,35.227298],[128.939039,35.227833],[128.941208,35.228556],[128.944315,35.228451],[128.946643,35.228086],[128.947836,35.228058],[128.948748,35.22781],[128.949869,35.227202],[128.952672,35.226113],[128.960916,35.225647],[128.96282,35.224822],[128.968776,35.224418],[128.972054,35.224475],[128.975256,35.224852],[128.978329,35.225333],[128.9807,35.225721],[128.98413,35.226539],[128.986326,35.227363],[128.989977,35.230424],[128.993022,35.232546],[128.998356,35.232027],[128.996898,35.224436],[128.994379,35.211387],[128.992805,35.206823],[128.988387,35.201803],[128.985299,35.198923],[128.976845,35.193395],[128.971631,35.19068],[128.969195,35.189412],[128.964491,35.18576],[128.9629,35.183243],[128.96246,35.176963],[128.963035,35.168801],[128.962595,35.163295],[128.961072,35.156931],[128.960226,35.150898],[128.960361,35.144007],[128.959346,35.133627],[128.9585,35.130314],[128.957586,35.126734],[128.955942,35.126009],[128.947514,35.121524],[128.937866,35.111326],[128.9365,35.109881],[128.936141,35.109486],[128.934815,35.109852],[128.934738,35.109886],[128.934376,35.109923],[128.933983,35.110086],[128.933505,35.110195],[128.933069,35.110302],[128.932796,35.110154],[128.932737,35.110062],[128.932776,35.110007],[128.932782,35.10995],[128.932756,35.109872],[128.932689,35.109812],[128.932567,35.109302],[128.932565,35.109177],[128.932551,35.109034],[128.932441,35.108858],[128.932329,35.108544],[128.932171,35.108158],[128.932808,35.108021],[128.932749,35.107904],[128.932121,35.108028],[128.932026,35.107757],[128.931848,35.107258],[128.931631,35.106742],[128.932176,35.106559],[128.932472,35.106806],[128.932578,35.106725],[128.932209,35.106398],[128.93181,35.106516],[128.931626,35.106309],[128.931368,35.105818],[128.931339,35.105826],[128.931062,35.105246],[128.930934,35.105293],[128.931094,35.105635],[128.930845,35.105715],[128.931116,35.106265],[128.930687,35.106691],[128.93064,35.106803],[128.930524,35.106778],[128.930464,35.106765],[128.930501,35.106623],[128.929868,35.106455],[128.929791,35.106222],[128.929389,35.106293],[128.929553,35.106811],[128.92911,35.106902],[128.929009,35.106881],[128.928622,35.106639],[128.928542,35.106315],[128.928587,35.105994],[128.928933,35.105604],[128.929511,35.105477],[128.929747,35.105437],[128.929684,35.105213],[128.929707,35.105112],[128.929968,35.10505],[128.929995,35.105],[128.93082,35.104841],[128.930792,35.104534],[128.930664,35.104156],[128.93065,35.104115],[128.930475,35.1037],[128.930503,35.103596],[128.930474,35.103553],[128.930413,35.103363],[128.930375,35.103279],[128.930361,35.103262],[128.930352,35.103244],[128.930339,35.103187],[128.930329,35.103138],[128.930317,35.103118],[128.9303,35.103099],[128.930285,35.103073],[128.93026,35.10301],[128.930248,35.102994],[128.930227,35.102974],[128.930219,35.102959],[128.930217,35.102933],[128.930213,35.102903],[128.930045,35.102395],[128.929955,35.102195],[128.929845,35.102114],[128.929747,35.102084],[128.929655,35.102078],[128.929596,35.102077],[128.929474,35.102105],[128.929355,35.102131],[128.929175,35.102124],[128.929032,35.102145],[128.928921,35.102186],[128.928782,35.10226],[128.928733,35.10227],[128.928689,35.102257],[128.928665,35.102228],[128.928652,35.102207],[128.928657,35.102161],[128.928679,35.102116],[128.928702,35.102071],[128.928772,35.10201],[128.928862,35.101996],[128.929036,35.102013],[128.929382,35.102075],[128.929461,35.102055],[128.929527,35.102005],[128.929562,35.101928],[128.929568,35.101835],[128.929565,35.101749],[128.929556,35.101678],[128.929504,35.101418],[128.929415,35.100899],[128.929187,35.100704],[128.929153,35.10048],[128.929054,35.100471],[128.928963,35.100079],[128.928957,35.100054],[128.929,35.100031],[128.929186,35.099994],[128.929221,35.099966],[128.929224,35.099937],[128.929181,35.099632],[128.929141,35.099604],[128.92905,35.099607],[128.928808,35.0997],[128.928675,35.099396],[128.928682,35.099274],[128.929258,35.099111],[128.929235,35.099034],[128.928647,35.09918],[128.928528,35.098908],[128.928545,35.098877],[128.928424,35.098518],[128.928393,35.098484],[128.928341,35.098452],[128.928268,35.098438],[128.928243,35.098411],[128.928144,35.098136],[128.927944,35.098025],[128.927852,35.097742],[128.927817,35.097727],[128.92779,35.097718],[128.927714,35.097736],[128.927602,35.097409],[128.927355,35.097479],[128.927169,35.096917],[128.927788,35.096787],[128.928191,35.0969],[128.928211,35.096826],[128.927782,35.096711],[128.927176,35.096844],[128.926747,35.095572],[128.927308,35.09545],[128.927628,35.095698],[128.927729,35.095619],[128.927363,35.095296],[128.926705,35.095429],[128.926576,35.095107],[128.926532,35.095121],[128.926368,35.094652],[128.926039,35.093902],[128.925693,35.093424],[128.925472,35.09316],[128.9252,35.092788],[128.924847,35.092511],[128.924328,35.092187],[128.924362,35.09206],[128.924115,35.091945],[128.923963,35.091986],[128.923061,35.091334],[128.922036,35.090999],[128.921615,35.090688],[128.920417,35.090427],[128.920077,35.090514],[128.919804,35.090473],[128.919546,35.090469],[128.91921,35.090424],[128.918194,35.090086],[128.917011,35.089757],[128.916165,35.089403],[128.915622,35.089074],[128.913153,35.087573],[128.913155,35.08746],[128.912287,35.086419],[128.912266,35.079764],[128.911071,35.078994],[128.895323,35.078966],[128.895269,35.086457],[128.897713,35.092851],[128.897804,35.093381],[128.897808,35.093404],[128.897832,35.093413],[128.897868,35.093411],[128.897887,35.093402],[128.897898,35.093392],[128.897819,35.092836],[128.898984,35.092429],[128.899165,35.092483],[128.899361,35.092552],[128.899367,35.092615],[128.899371,35.092804],[128.899332,35.092862],[128.898548,35.093075],[128.898563,35.093118],[128.899225,35.092945],[128.899287,35.093181],[128.898875,35.093275],[128.898839,35.09331],[128.898447,35.093418],[128.898466,35.093466],[128.898785,35.093383],[128.898887,35.093393],[128.898914,35.094391],[128.89806,35.09448],[128.897956,35.09377],[128.897946,35.09375],[128.897925,35.093738],[128.897883,35.093736],[128.89786,35.093745],[128.897846,35.093761],[128.897841,35.093806],[128.898009,35.094663],[128.898917,35.094572],[128.898921,35.094949],[128.898397,35.09506],[128.898402,35.095108],[128.89816,35.095121],[128.898186,35.095162],[128.898301,35.095167],[128.898451,35.095271],[128.89869,35.096423],[128.898989,35.097417],[128.89935,35.09871],[128.89967,35.10025],[128.89998,35.10154],[128.900262,35.10294],[128.90029,35.10308],[128.9006,35.10462],[128.900668,35.105183],[128.90091,35.10693],[128.901029,35.107639],[128.901018,35.10778],[128.900814,35.108393],[128.900558,35.109282],[128.900503,35.109656],[128.900485,35.110267],[128.90054,35.110964],[128.900674,35.111454],[128.901171,35.112293],[128.90153,35.11285],[128.901817,35.113286],[128.902263,35.113733],[128.903597,35.114579],[128.903984,35.114909],[128.90465,35.115642],[128.904779,35.115892],[128.905326,35.117289],[128.905633,35.118055],[128.904264,35.118465],[128.903009,35.11881],[128.902748,35.118207],[128.902712,35.118175],[128.902658,35.118183],[128.90177,35.118443],[128.901738,35.11847],[128.901723,35.118503],[128.901827,35.118755],[128.901956,35.118718],[128.90186,35.118498],[128.902667,35.118265],[128.902851,35.118694],[128.902305,35.118828],[128.902368,35.118976],[128.899516,35.119786],[128.898891,35.119207],[128.898688,35.119104],[128.898581,35.119087],[128.89854,35.119113],[128.898527,35.119176],[128.89858,35.119965],[128.89849,35.12008],[128.89889,35.120432],[128.898174,35.120623],[128.897644,35.120763],[128.897585,35.120309],[128.897461,35.120283],[128.896779,35.11952],[128.896124,35.119711],[128.895887,35.119601],[128.895373,35.119523],[128.89525,35.11978],[128.895185,35.119981],[128.895197,35.120432],[128.895325,35.120992],[128.895503,35.121063],[128.895675,35.12122],[128.895947,35.121605],[128.894896,35.122124],[128.894516,35.121818],[128.894403,35.121673],[128.894399,35.121508],[128.89412,35.12102],[128.894007,35.120636],[128.893967,35.120094],[128.893956,35.119815],[128.893912,35.119742],[128.893897,35.119518],[128.894075,35.118926],[128.894275,35.118406],[128.894518,35.11814],[128.894485,35.118037],[128.895276,35.116978],[128.895279,35.116873],[128.895205,35.116872],[128.895207,35.11694],[128.894518,35.117834],[128.893907,35.117456],[128.893894,35.117287],[128.894073,35.117268],[128.894061,35.116404],[128.893845,35.116413],[128.893839,35.115753],[128.89396,35.115713],[128.895177,35.116086],[128.89518,35.116161],[128.895147,35.1162],[128.895171,35.116226],[128.895225,35.116231],[128.895274,35.116214],[128.895266,35.116029],[128.894092,35.115652],[128.893839,35.115511],[128.89378,35.115221],[128.893325,35.114222],[128.892376,35.11236],[128.891558,35.111144],[128.891046,35.110663],[128.889668,35.10939],[128.889533,35.10926],[128.88957,35.109157],[128.889498,35.108966],[128.889486,35.108934],[128.889456,35.108748],[128.889457,35.10841],[128.889195,35.105088],[128.888886,35.101689],[128.888591,35.098524],[128.888318,35.095605],[128.888296,35.095425],[128.888272,35.095307],[128.88828,35.095244],[128.888271,35.095195],[128.888253,35.095149],[128.888248,35.094941],[128.888196,35.094834],[128.888217,35.09469],[128.888141,35.093779],[128.88809,35.093691],[128.888122,35.093552],[128.888048,35.092772],[128.888021,35.092516],[128.887884,35.090964],[128.887845,35.09052],[128.887815,35.090091],[128.887772,35.089897],[128.887748,35.089667],[128.887687,35.089253],[128.887503,35.088825],[128.88745,35.088744],[128.887391,35.088667],[128.887234,35.088495],[128.887053,35.088344],[128.885903,35.087576],[128.885855,35.087522],[128.885841,35.087468],[128.886041,35.087088],[128.885937,35.086855],[128.885779,35.086572],[128.885616,35.086215],[128.885072,35.085166],[128.884265,35.084294],[128.884048,35.083869],[128.883402,35.082527],[128.883309,35.082291],[128.883555,35.081751],[128.883447,35.080644],[128.88369,35.080421],[128.883756,35.080231],[128.884333,35.07973],[128.884299,35.079481],[128.88428,35.079433],[128.884261,35.079401],[128.88416,35.079315],[128.884038,35.079293],[128.883906,35.079314],[128.883765,35.079346],[128.883703,35.07933],[128.883331,35.079446],[128.882999,35.079551],[128.882856,35.079655],[128.882598,35.079604],[128.881017,35.079614],[128.879868,35.079628],[128.877744,35.079895],[128.877673,35.079949],[128.877589,35.07997],[128.877522,35.079945],[128.876495,35.080112],[128.876451,35.079924],[128.876427,35.079445],[128.876313,35.079451],[128.876298,35.079887],[128.87623,35.080106],[128.876201,35.080146],[128.874974,35.080391],[128.874716,35.080354],[128.874379,35.080203],[128.871868,35.080646],[128.870318,35.080797],[128.869339,35.081328],[128.869063,35.08153],[128.868894,35.081763],[128.869964,35.083346],[128.870036,35.083613],[128.870539,35.083902],[128.870761,35.084037],[128.871117,35.084075],[128.871537,35.084049],[128.871536,35.083325],[128.872121,35.082849],[128.872403,35.082839],[128.872398,35.084715],[128.872334,35.08477],[128.872395,35.084845],[128.871963,35.085144],[128.871925,35.085096],[128.871548,35.085386],[128.8716,35.085457],[128.871823,35.086624],[128.87097,35.088567],[128.870874,35.08863],[128.870771,35.088639],[128.870682,35.08858],[128.870768,35.088395],[128.870764,35.087139],[128.870807,35.085116],[128.868275,35.083218],[128.865947,35.083218],[128.86588,35.083325],[128.865629,35.08334],[128.865559,35.083219],[128.862289,35.083211],[128.862267,35.083298],[128.862227,35.083343],[128.862005,35.083341],[128.86191,35.083205],[128.861531,35.083158],[128.859408,35.083157],[128.859368,35.083255],[128.859289,35.083328],[128.859072,35.083329],[128.858966,35.083242],[128.858957,35.083157],[128.85739,35.083157],[128.857346,35.083248],[128.857252,35.083319],[128.857028,35.083325],[128.85695,35.083246],[128.856917,35.083155],[128.854535,35.083144],[128.854364,35.083209],[128.852884,35.0832],[128.852883,35.083287],[128.852805,35.083321],[128.852618,35.083306],[128.852556,35.083278],[128.852563,35.08319],[128.849451,35.083183],[128.849434,35.083277],[128.849367,35.083306],[128.849057,35.0833],[128.849112,35.082588],[128.849027,35.082571],[128.848991,35.082629],[128.848956,35.082638],[128.848861,35.083184],[128.846308,35.083178],[128.846277,35.083284],[128.846169,35.083344],[128.845954,35.083345],[128.845878,35.083262],[128.845871,35.083181],[128.842923,35.083183],[128.842897,35.083304],[128.842622,35.083299],[128.8426,35.083178],[128.840043,35.083168],[128.840018,35.081969],[128.840158,35.081637],[128.840154,35.081576],[128.839166,35.081572],[128.839165,35.081501],[128.838714,35.081501],[128.838713,35.081698],[128.838831,35.081701],[128.838953,35.082022],[128.838921,35.083365],[128.837614,35.083345],[128.837382,35.083272],[128.837302,35.083457],[128.837342,35.083475],[128.837178,35.083853],[128.837308,35.083938],[128.83643,35.08552],[128.836413,35.08692],[128.835196,35.088455],[128.834671,35.088399],[128.833165,35.088394],[128.832946,35.088294],[128.832064,35.088392],[128.824474,35.094522],[128.824439,35.095571],[128.82186,35.0977],[128.822096,35.09803]]],[[[128.818243,35.084546],[128.818242,35.08607],[128.828523,35.086069],[128.829014,35.086089],[128.82949,35.086191],[128.830072,35.086389],[128.830657,35.086751],[128.831656,35.087574],[128.831944,35.087403],[128.83267,35.087185],[128.832943,35.087071],[128.833221,35.087258],[128.833434,35.087433],[128.833652,35.087485],[128.833881,35.087193],[128.834233,35.087042],[128.834426,35.087181],[128.834773,35.08707],[128.83485,35.086615],[128.835076,35.08655],[128.835287,35.086357],[128.835025,35.084966],[128.835259,35.083628],[128.835567,35.083578],[128.835687,35.083216],[128.835889,35.08319],[128.836071,35.082605],[128.836088,35.082019],[128.835335,35.081951],[128.835315,35.07763],[128.834927,35.077621],[128.834947,35.074968],[128.835228,35.074965],[128.835226,35.069286],[128.835239,35.068131],[128.835243,35.067604],[128.834955,35.067132],[128.833796,35.066713],[128.833482,35.066313],[128.833868,35.065964],[128.833992,35.065816],[128.834685,35.065877],[128.834718,35.065852],[128.834061,35.06575],[128.83405,35.065443],[128.834139,35.065332],[128.834303,35.065294],[128.834418,35.065274],[128.834583,35.065285],[128.834669,35.065374],[128.83483,35.065612],[128.835001,35.065894],[128.835125,35.065796],[128.835127,35.065594],[128.835017,35.065521],[128.835084,35.065407],[128.835183,35.065356],[128.835114,35.065149],[128.835111,35.065025],[128.835146,35.064999],[128.83511,35.064958],[128.835106,35.064812],[128.835172,35.064765],[128.835144,35.064578],[128.834915,35.06459],[128.834988,35.064464],[128.83521,35.064512],[128.835249,35.064371],[128.835241,35.063674],[128.835021,35.063615],[128.834931,35.063495],[128.835012,35.063468],[128.835043,35.06339],[128.835141,35.063374],[128.835169,35.063281],[128.835253,35.063234],[128.835281,35.063017],[128.835184,35.062994],[128.835141,35.062643],[128.835054,35.062627],[128.83504,35.062576],[128.834884,35.062526],[128.834654,35.062568],[128.83392,35.06214],[128.833366,35.06164],[128.832869,35.060791],[128.832776,35.059524],[128.833013,35.059003],[128.832662,35.058548],[128.83283,35.05803],[128.832842,35.057658],[128.833412,35.057525],[128.833536,35.056605],[128.834063,35.056551],[128.834375,35.056299],[128.833832,35.055924],[128.834587,35.055469],[128.835244,35.055099],[128.836077,35.054659],[128.836517,35.054412],[128.836855,35.054536],[128.837201,35.054605],[128.83758,35.05477],[128.83781,35.054763],[128.837812,35.054733],[128.837817,35.054657],[128.83782,35.054607],[128.83769,35.05444],[128.837136,35.054038],[128.837489,35.053766],[128.837861,35.053789],[128.837914,35.053604],[128.837957,35.053593],[128.838267,35.053617],[128.83846,35.053699],[128.838744,35.054068],[128.838925,35.054008],[128.839048,35.053927],[128.839068,35.05404],[128.83925,35.05406],[128.839611,35.054068],[128.840467,35.054164],[128.840978,35.054091],[128.841293,35.054055],[128.842022,35.054088],[128.842381,35.054284],[128.84259,35.054685],[128.842768,35.054772],[128.842888,35.05496],[128.843317,35.055231],[128.843783,35.055341],[128.844554,35.055684],[128.845157,35.055955],[128.8456,35.05622],[128.845935,35.056472],[128.845828,35.056596],[128.845892,35.05668],[128.845898,35.056782],[128.845852,35.056832],[128.845847,35.057587],[128.845964,35.057642],[128.845706,35.057928],[128.84565,35.0583],[128.84565,35.05856],[128.84549,35.05932],[128.84533,35.0601],[128.845461,35.060413],[128.845766,35.060769],[128.845697,35.060808],[128.845613,35.060794],[128.845701,35.060873],[128.845664,35.060923],[128.84549,35.060965],[128.845822,35.061183],[128.84642,35.06152],[128.84681,35.061844],[128.846743,35.061936],[128.846774,35.061968],[128.846863,35.061905],[128.847105,35.062089],[128.84713,35.062075],[128.847323,35.062181],[128.847367,35.062126],[128.847782,35.062477],[128.847648,35.062592],[128.847624,35.062589],[128.847552,35.062649],[128.847575,35.062672],[128.847504,35.062711],[128.847462,35.062806],[128.847215,35.062935],[128.847187,35.062906],[128.847115,35.0629],[128.84705,35.062938],[128.846968,35.063021],[128.846977,35.06307],[128.846747,35.063267],[128.846521,35.063499],[128.846384,35.06362],[128.8463,35.063684],[128.846202,35.063732],[128.846016,35.063782],[128.845898,35.063798],[128.845815,35.063794],[128.845626,35.063822],[128.845573,35.063768],[128.845396,35.063829],[128.845436,35.063932],[128.845168,35.064061],[128.845106,35.063985],[128.844703,35.064102],[128.844701,35.064072],[128.844448,35.064155],[128.844422,35.064116],[128.844142,35.064196],[128.844107,35.064177],[128.843517,35.064298],[128.843503,35.064246],[128.843362,35.064268],[128.84331,35.064217],[128.843185,35.064258],[128.843247,35.064445],[128.843125,35.064442],[128.843127,35.06427],[128.842869,35.064283],[128.842767,35.064297],[128.842738,35.064166],[128.842604,35.064168],[128.842574,35.064093],[128.842368,35.064135],[128.84234,35.064092],[128.842021,35.064175],[128.842008,35.064267],[128.841922,35.064308],[128.841925,35.064351],[128.84188,35.064375],[128.841835,35.064348],[128.84176,35.064454],[128.841437,35.064508],[128.841346,35.06449],[128.841282,35.064498],[128.841258,35.064455],[128.841043,35.064523],[128.841042,35.064632],[128.841014,35.064677],[128.840951,35.064804],[128.840953,35.064963],[128.840962,35.065081],[128.840823,35.065235],[128.840603,35.065345],[128.840471,35.065395],[128.840392,35.065524],[128.840484,35.065758],[128.840399,35.065873],[128.840425,35.06607],[128.840302,35.06607],[128.840296,35.066187],[128.840238,35.066199],[128.840341,35.066517],[128.840093,35.066658],[128.840168,35.066711],[128.839831,35.066842],[128.839723,35.066919],[128.839534,35.066968],[128.839475,35.066936],[128.839353,35.066972],[128.839279,35.066883],[128.839017,35.066924],[128.839097,35.06706],[128.838485,35.067147],[128.838444,35.066969],[128.838279,35.066935],[128.838114,35.0669],[128.838105,35.066816],[128.837766,35.066868],[128.837684,35.066972],[128.837399,35.067099],[128.83717,35.067231],[128.837103,35.06704],[128.836621,35.067032],[128.836577,35.067124],[128.836745,35.067245],[128.836817,35.067324],[128.83675,35.067423],[128.83666,35.067617],[128.836611,35.067721],[128.836663,35.067745],[128.836648,35.067798],[128.836552,35.067793],[128.836546,35.067971],[128.836639,35.067972],[128.836636,35.06803],[128.836525,35.068031],[128.836462,35.068012],[128.836453,35.068149],[128.836497,35.06815],[128.836567,35.068299],[128.836653,35.068703],[128.836764,35.069037],[128.836798,35.069126],[128.836823,35.069119],[128.836843,35.069159],[128.83679,35.069248],[128.836908,35.069783],[128.836902,35.069843],[128.836982,35.069909],[128.836921,35.06997],[128.836988,35.070319],[128.837159,35.070831],[128.83723,35.071253],[128.837148,35.071967],[128.837132,35.072241],[128.8371,35.072231],[128.837041,35.072421],[128.837025,35.072517],[128.837024,35.072626],[128.837077,35.072656],[128.837105,35.073036],[128.837066,35.073076],[128.837073,35.073374],[128.837083,35.073631],[128.837116,35.073633],[128.837113,35.073714],[128.837015,35.073762],[128.836966,35.073832],[128.837018,35.073882],[128.837044,35.07391],[128.837147,35.074039],[128.837207,35.074168],[128.837385,35.074378],[128.837348,35.074397],[128.837415,35.074484],[128.837465,35.074457],[128.837507,35.074505],[128.83749,35.074663],[128.837547,35.074802],[128.837832,35.074777],[128.837866,35.074851],[128.838026,35.074823],[128.838033,35.074863],[128.838141,35.074844],[128.838167,35.074882],[128.838284,35.074864],[128.838275,35.074833],[128.8384,35.074822],[128.838411,35.074853],[128.838884,35.074735],[128.838998,35.074703],[128.839161,35.074614],[128.839206,35.074631],[128.839288,35.074604],[128.839254,35.074544],[128.839446,35.074471],[128.839484,35.07452],[128.839761,35.074407],[128.839938,35.074231],[128.839977,35.074247],[128.840121,35.074062],[128.840067,35.074024],[128.840186,35.073874],[128.840351,35.073628],[128.840269,35.073586],[128.840417,35.073349],[128.840469,35.07337],[128.84051,35.073302],[128.84092,35.073487],[128.840842,35.073609],[128.840919,35.073647],[128.841031,35.073488],[128.840482,35.073251],[128.840529,35.073168],[128.840608,35.073193],[128.840758,35.072911],[128.840844,35.072936],[128.840913,35.072818],[128.84092,35.072684],[128.840999,35.072554],[128.840934,35.072529],[128.841014,35.072383],[128.841109,35.072432],[128.841299,35.072005],[128.841337,35.072025],[128.841338,35.072052],[128.841389,35.072077],[128.841421,35.072027],[128.841379,35.07201],[128.841464,35.071869],[128.841367,35.07184],[128.841426,35.071596],[128.841481,35.071622],[128.84157,35.07145],[128.841518,35.071417],[128.841503,35.071309],[128.841426,35.071304],[128.841416,35.071095],[128.841522,35.07092],[128.8414,35.070859],[128.841502,35.070641],[128.841597,35.070664],[128.841669,35.070558],[128.841726,35.070581],[128.841795,35.070615],[128.841892,35.070533],[128.841802,35.070468],[128.84196,35.070235],[128.841908,35.070239],[128.842186,35.069888],[128.842016,35.069776],[128.842128,35.069669],[128.842215,35.069647],[128.84226,35.069608],[128.842293,35.069539],[128.842393,35.069502],[128.842521,35.069479],[128.842605,35.069468],[128.842986,35.069467],[128.843055,35.069443],[128.843627,35.069388],[128.844152,35.069303],[128.844253,35.069235],[128.844382,35.069199],[128.844516,35.069164],[128.844626,35.069144],[128.844975,35.069206],[128.845094,35.069229],[128.845159,35.069227],[128.845213,35.069212],[128.845796,35.06896],[128.846012,35.068954],[128.846112,35.068948],[128.846158,35.068938],[128.846213,35.068917],[128.846427,35.068815],[128.84701,35.068607],[128.847116,35.068594],[128.847404,35.068695],[128.847799,35.06878],[128.847855,35.068767],[128.848013,35.068669],[128.848227,35.068583],[128.848445,35.068541],[128.848779,35.068463],[128.848821,35.06855],[128.848915,35.068529],[128.848903,35.068438],[128.849171,35.068405],[128.84947,35.068398],[128.849436,35.068509],[128.849469,35.068518],[128.849524,35.06846],[128.849631,35.068427],[128.849787,35.068466],[128.850117,35.068673],[128.85024,35.068747],[128.85026,35.068822],[128.850504,35.068879],[128.850513,35.068936],[128.850527,35.068964],[128.850634,35.068985],[128.850714,35.068985],[128.850855,35.068983],[128.85094,35.06897],[128.850954,35.06894],[128.851054,35.068956],[128.85106,35.068942],[128.851884,35.069025],[128.851867,35.069417],[128.851912,35.06942],[128.851979,35.069423],[128.85201,35.069236],[128.852098,35.069108],[128.852426,35.069136],[128.852514,35.069086],[128.85252,35.06904],[128.852991,35.069019],[128.852995,35.069137],[128.853142,35.069122],[128.853153,35.069161],[128.853309,35.069147],[128.8533,35.069099],[128.8535,35.069089],[128.853524,35.069168],[128.854119,35.069158],[128.854075,35.069068],[128.854522,35.069038],[128.85451,35.068961],[128.854646,35.068948],[128.854668,35.068979],[128.854861,35.068963],[128.854949,35.06924],[128.855049,35.069221],[128.854937,35.069047],[128.855016,35.068953],[128.855059,35.068477],[128.855071,35.068349],[128.8551,35.068301],[128.855012,35.06798],[128.855266,35.0677],[128.855355,35.06772],[128.855414,35.067563],[128.855525,35.067498],[128.855533,35.067391],[128.85564,35.067276],[128.855718,35.067337],[128.855931,35.067081],[128.856027,35.066893],[128.856098,35.06689],[128.856139,35.066845],[128.856144,35.066762],[128.856051,35.066669],[128.856111,35.066602],[128.856172,35.066616],[128.85626,35.06628],[128.856523,35.065892],[128.856781,35.065784],[128.85673,35.06564],[128.856842,35.065537],[128.857037,35.065455],[128.857432,35.065436],[128.857878,35.06475],[128.858441,35.064498],[128.858473,35.064446],[128.858433,35.064385],[128.858186,35.064376],[128.858637,35.064234],[128.858619,35.064088],[128.858485,35.064084],[128.858422,35.064045],[128.858336,35.063896],[128.858255,35.063773],[128.857978,35.06368],[128.85784,35.063733],[128.857776,35.063678],[128.857515,35.063696],[128.857274,35.063661],[128.857237,35.063669],[128.856955,35.063713],[128.85694,35.063786],[128.855825,35.063613],[128.855744,35.063505],[128.855608,35.063529],[128.855541,35.063482],[128.855557,35.063223],[128.85547,35.063246],[128.855407,35.063362],[128.855299,35.063209],[128.855201,35.063326],[128.855008,35.063339],[128.85517,35.063163],[128.854964,35.063013],[128.8548,35.063147],[128.85475,35.06313],[128.854738,35.06292],[128.854604,35.062933],[128.854591,35.063055],[128.854427,35.063049],[128.854345,35.062873],[128.8541,35.062879],[128.854125,35.063045],[128.853936,35.063067],[128.853745,35.06295],[128.853329,35.062898],[128.852891,35.062987],[128.851625,35.062647],[128.85063,35.062367],[128.85032,35.062493],[128.850024,35.062439],[128.849893,35.062361],[128.849497,35.062266],[128.8494,35.062255],[128.848334,35.061835],[128.848349,35.0618],[128.847319,35.061359],[128.846786,35.060913],[128.845755,35.059652],[128.845784,35.059225],[128.845983,35.058032],[128.846127,35.057757],[128.846342,35.057536],[128.84643,35.05728],[128.846544,35.056964],[128.846483,35.056355],[128.846687,35.055995],[128.847111,35.055518],[128.847201,35.055521],[128.847329,35.055351],[128.847308,35.055278],[128.84765,35.054898],[128.847838,35.054902],[128.847886,35.054842],[128.848296,35.055173],[128.848314,35.055593],[128.848396,35.05561],[128.848391,35.055141],[128.84809,35.054867],[128.848261,35.054566],[128.848257,35.054505],[128.848438,35.054142],[128.848495,35.05395],[128.848582,35.053833],[128.848686,35.053771],[128.848668,35.053698],[128.849141,35.052914],[128.849928,35.052114],[128.850139,35.051384],[128.85035,35.0506],[128.85035,35.05034],[128.85035,35.04777],[128.85036,35.04726],[128.85036,35.04623],[128.85036,35.04546],[128.85067,35.04419],[128.85067,35.04392],[128.85067,35.04341],[128.85068,35.04315],[128.85068,35.04289],[128.851,35.04238],[128.8513,35.04212],[128.851394,35.041821],[128.851138,35.04161],[128.85083,35.04161],[128.85068,35.04032],[128.850341,35.039203],[128.849979,35.039086],[128.849864,35.038755],[128.849648,35.038765],[128.84959,35.038849],[128.849379,35.038782],[128.849008,35.038336],[128.849008,35.037688],[128.849335,35.037495],[128.849054,35.037287],[128.848827,35.037003],[128.848513,35.036842],[128.848298,35.036368],[128.848466,35.036258],[128.848546,35.036149],[128.848702,35.036048],[128.848826,35.035812],[128.848667,35.03566],[128.848707,35.035455],[128.848807,35.035321],[128.848852,35.035206],[128.848605,35.035227],[128.848567,35.034779],[128.848757,35.034489],[128.848633,35.034327],[128.848927,35.034207],[128.84872,35.033976],[128.848695,35.033857],[128.848379,35.033774],[128.84813,35.033593],[128.848008,35.033654],[128.847635,35.033182],[128.84741,35.03299],[128.8471,35.03299],[128.84694,35.03286],[128.846068,35.032517],[128.845922,35.032676],[128.845335,35.032447],[128.844793,35.032183],[128.84485,35.031973],[128.84469,35.031943],[128.844705,35.031714],[128.844462,35.031627],[128.844211,35.031713],[128.84399,35.031583],[128.843431,35.031091],[128.843305,35.030872],[128.843192,35.030679],[128.843003,35.030239],[128.843037,35.02981],[128.843185,35.029463],[128.84351,35.02926],[128.84383,35.02874],[128.843633,35.028485],[128.843522,35.028098],[128.843547,35.027485],[128.84312,35.026531],[128.842951,35.026165],[128.842245,35.025769],[128.841974,35.02466],[128.841853,35.023973],[128.840652,35.023172],[128.840273,35.02255],[128.840146,35.022221],[128.839855,35.022018],[128.839784,35.021376],[128.839956,35.021147],[128.839847,35.020045],[128.839538,35.01996],[128.839122,35.019167],[128.839188,35.018752],[128.838877,35.018682],[128.838436,35.017671],[128.837867,35.017719],[128.837751,35.017482],[128.837216,35.017348],[128.836173,35.016984],[128.835444,35.016464],[128.835057,35.015958],[128.834855,35.015422],[128.834907,35.014293],[128.835034,35.014274],[128.835035,35.014209],[128.835337,35.014215],[128.835618,35.015131],[128.835718,35.015127],[128.835778,35.015088],[128.835481,35.014098],[128.835432,35.014055],[128.83506,35.014064],[128.835079,35.013989],[128.835202,35.013882],[128.835526,35.013723],[128.835563,35.013612],[128.835504,35.0135],[128.835391,35.013478],[128.835373,35.013621],[128.835223,35.013663],[128.834932,35.013598],[128.834665,35.013247],[128.834357,35.012191],[128.834324,35.011762],[128.834695,35.010685],[128.835025,35.010621],[128.8359,35.01049],[128.836203,35.010269],[128.83664,35.009658],[128.837154,35.009446],[128.83805,35.009012],[128.838387,35.008844],[128.83935,35.0087],[128.839944,35.008242],[128.84059,35.00792],[128.84074,35.00767],[128.84106,35.00741],[128.84106,35.00716],[128.841265,35.006776],[128.841375,35.005835],[128.840758,35.004725],[128.840565,35.004792],[128.840226,35.004552],[128.840025,35.003594],[128.839627,35.00304],[128.839823,35.002814],[128.839569,35.002282],[128.839464,35.001848],[128.839099,35.001038],[128.838655,35.000677],[128.83826,35.0002],[128.837523,35.000223],[128.837436,34.999675],[128.83764,34.99944],[128.838097,34.998794],[128.83873,34.99842],[128.83889,34.99816],[128.83919,34.9979],[128.839123,34.997743],[128.83898,34.99774],[128.839012,34.997625],[128.839165,34.997494],[128.839044,34.997433],[128.838938,34.997421],[128.838908,34.997512],[128.838565,34.997509],[128.838078,34.997356],[128.837479,34.997168],[128.837353,34.996255],[128.837059,34.995773],[128.836488,34.995654],[128.836044,34.995887],[128.835766,34.995616],[128.8353,34.99494],[128.834935,34.994826],[128.834769,34.993037],[128.83484,34.99276],[128.83469,34.99263],[128.834408,34.992744],[128.833565,34.992631],[128.833108,34.992782],[128.832827,34.992793],[128.832453,34.992356],[128.832416,34.992245],[128.832215,34.992273],[128.832015,34.992255],[128.832173,34.992143],[128.832286,34.992031],[128.83158,34.99161],[128.831332,34.991594],[128.831407,34.991475],[128.831026,34.991003],[128.83095,34.990921],[128.830544,34.990825],[128.830396,34.990894],[128.829931,34.990817],[128.830403,34.990739],[128.83035,34.990474],[128.829867,34.989776],[128.829781,34.989044],[128.828773,34.988655],[128.82857,34.988593],[128.828311,34.988619],[128.827871,34.988624],[128.82767,34.98864],[128.827716,34.988905],[128.827612,34.988924],[128.827432,34.988818],[128.827419,34.989036],[128.827785,34.989434],[128.82751,34.98941],[128.827128,34.989713],[128.82751,34.98992],[128.828046,34.99006],[128.827899,34.990401],[128.82814,34.991314],[128.82889,34.991909],[128.829089,34.992639],[128.82969,34.99288],[128.82953,34.99301],[128.829965,34.993349],[128.829585,34.99342],[128.829945,34.994064],[128.83,34.99455],[128.83002,34.994772],[128.8298,34.994892],[128.829878,34.995068],[128.82936,34.995401],[128.829171,34.995314],[128.828952,34.995243],[128.82873,34.995146],[128.82843,34.99493],[128.82827,34.99506],[128.828216,34.995336],[128.82821,34.995525],[128.828025,34.995549],[128.828058,34.995731],[128.827977,34.995886],[128.827607,34.995844],[128.82718,34.9957],[128.82703,34.99557],[128.826401,34.995296],[128.826233,34.995503],[128.82531,34.995324],[128.824736,34.99497],[128.823905,34.994992],[128.82375,34.99467],[128.823057,34.994444],[128.822676,34.99465],[128.821861,34.994456],[128.821616,34.994862],[128.821766,34.995252],[128.82219,34.99557],[128.821877,34.997278],[128.82241,34.997599],[128.823,34.997818],[128.82324,34.997929],[128.823097,34.998395],[128.823022,34.998422],[128.822154,34.999091],[128.82218,34.99942],[128.822373,34.999578],[128.822523,35.000177],[128.822242,35.000333],[128.82233,35.00096],[128.822216,35.001196],[128.822023,35.001498],[128.821772,35.001526],[128.821446,35.00158],[128.821019,35.001548],[128.820606,35.001556],[128.820203,35.001823],[128.820168,35.001934],[128.820403,35.001985],[128.82024,35.002099],[128.820001,35.002077],[128.820067,35.002017],[128.819961,35.001837],[128.819792,35.001905],[128.819506,35.002237],[128.819247,35.002401],[128.819112,35.002736],[128.81911,35.003324],[128.819151,35.003484],[128.818889,35.003748],[128.818397,35.004032],[128.81811,35.0043],[128.818825,35.004664],[128.819383,35.004131],[128.82092,35.004346],[128.822102,35.004672],[128.822455,35.004607],[128.822561,35.005093],[128.822617,35.005073],[128.822671,35.005074],[128.822644,35.004818],[128.822609,35.00482],[128.822609,35.004728],[128.822633,35.004651],[128.82297,35.004578],[128.823273,35.004574],[128.823545,35.004919],[128.823709,35.005245],[128.823786,35.005578],[128.82329,35.005648],[128.823295,35.00569],[128.823299,35.005728],[128.823771,35.005646],[128.823835,35.00577],[128.823922,35.006258],[128.823799,35.006927],[128.823595,35.007274],[128.823158,35.007505],[128.823124,35.007508],[128.82248,35.007568],[128.822085,35.008126],[128.82169,35.00816],[128.821598,35.008479],[128.821334,35.008758],[128.820417,35.00899],[128.819752,35.009324],[128.821619,35.009605],[128.823531,35.009996],[128.82465,35.01026],[128.825019,35.010284],[128.825137,35.010354],[128.825222,35.010341],[128.825251,35.01037],[128.825828,35.010996],[128.825903,35.010953],[128.825483,35.010464],[128.825474,35.010401],[128.825539,35.010395],[128.825592,35.010378],[128.825639,35.010416],[128.825691,35.010447],[128.825734,35.010386],[128.825765,35.0103],[128.825915,35.010392],[128.826094,35.010429],[128.82624,35.010425],[128.826282,35.010443],[128.826356,35.010356],[128.826504,35.010451],[128.826561,35.010548],[128.826692,35.01063],[128.82674,35.010674],[128.826765,35.010734],[128.826812,35.010791],[128.826813,35.010841],[128.826831,35.010879],[128.826933,35.010861],[128.827058,35.011187],[128.826936,35.011224],[128.826941,35.011243],[128.826978,35.011235],[128.827006,35.011293],[128.827044,35.011346],[128.82705,35.011467],[128.827104,35.011538],[128.827186,35.011625],[128.827299,35.011916],[128.82709,35.012048],[128.827022,35.012187],[128.826933,35.012191],[128.826932,35.012221],[128.825386,35.01227],[128.825209,35.011817],[128.82528,35.01179],[128.825301,35.011719],[128.825235,35.011656],[128.825164,35.011638],[128.825055,35.01167],[128.82503,35.011734],[128.825249,35.012315],[128.825255,35.012887],[128.825294,35.012922],[128.825368,35.012935],[128.825457,35.012919],[128.825483,35.012864],[128.825432,35.0128],[128.825409,35.012358],[128.827032,35.012313],[128.827129,35.012429],[128.827257,35.012515],[128.82744,35.012555],[128.827437,35.013113],[128.827361,35.013444],[128.827263,35.013676],[128.826754,35.01415],[128.826156,35.014404],[128.82563,35.014547],[128.825518,35.01501],[128.824839,35.015884],[128.823954,35.016678],[128.823235,35.01677],[128.822567,35.016692],[128.822314,35.016299],[128.82214,35.016152],[128.820841,35.016506],[128.819884,35.016737],[128.8198,35.01741],[128.81964,35.01753],[128.81901,35.01779],[128.81886,35.01792],[128.8187,35.01805],[128.817762,35.018368],[128.816742,35.018355],[128.816092,35.018078],[128.81526,35.01843],[128.81464,35.01843],[128.81464,35.01894],[128.813847,35.019076],[128.8137,35.01945],[128.81339,35.01932],[128.81323,35.0192],[128.812509,35.019205],[128.81246,35.019143],[128.812364,35.019121],[128.812219,35.019037],[128.812074,35.019032],[128.811822,35.018979],[128.811672,35.018961],[128.811235,35.019112],[128.811155,35.019166],[128.811077,35.019236],[128.811053,35.019542],[128.811212,35.019608],[128.81104,35.01971],[128.810922,35.020112],[128.811035,35.020233],[128.81096,35.020355],[128.811045,35.020553],[128.811179,35.020637],[128.811251,35.0208],[128.81104,35.02099],[128.811165,35.021405],[128.810944,35.021761],[128.81068,35.021888],[128.810325,35.021822],[128.809982,35.02176],[128.809339,35.021631],[128.80901,35.0215],[128.808433,35.021398],[128.807954,35.021299],[128.807701,35.021346],[128.807457,35.021426],[128.80713,35.02137],[128.806083,35.021206],[128.80593,35.021475],[128.805692,35.021873],[128.806136,35.022107],[128.8065,35.022499],[128.80662,35.022871],[128.806195,35.022978],[128.805916,35.023139],[128.805492,35.023261],[128.804787,35.023654],[128.804871,35.023758],[128.804718,35.023895],[128.804823,35.023925],[128.804805,35.024096],[128.804914,35.024141],[128.80524,35.02413],[128.805282,35.024164],[128.805446,35.024174],[128.805926,35.024195],[128.806339,35.024612],[128.807222,35.024908],[128.807575,35.024873],[128.80891,35.024226],[128.809047,35.024134],[128.809111,35.024143],[128.809345,35.024026],[128.809482,35.023972],[128.809862,35.02391],[128.81004,35.023885],[128.810128,35.02388],[128.810208,35.023945],[128.810294,35.024007],[128.810391,35.024071],[128.81047,35.024119],[128.81057,35.024173],[128.810651,35.024201],[128.810757,35.024215],[128.810879,35.024213],[128.810879,35.024191],[128.810971,35.024184],[128.810969,35.024142],[128.810881,35.024147],[128.810881,35.024133],[128.810726,35.02413],[128.810723,35.024143],[128.810688,35.024139],[128.810652,35.02413],[128.810593,35.024107],[128.81049,35.024045],[128.810377,35.023964],[128.810385,35.023955],[128.810327,35.023892],[128.81031,35.023854],[128.810396,35.02365],[128.810368,35.023584],[128.810441,35.023523],[128.810512,35.023415],[128.810629,35.023337],[128.810689,35.023308],[128.81075,35.023291],[128.81081,35.02329],[128.810862,35.023305],[128.810978,35.023355],[128.81108,35.023346],[128.81109,35.02364],[128.812118,35.023649],[128.81213,35.023389],[128.812841,35.023606],[128.813037,35.023617],[128.813232,35.023629],[128.813435,35.023673],[128.813793,35.024075],[128.814167,35.024431],[128.814425,35.024485],[128.814599,35.024566],[128.814806,35.02483],[128.814877,35.02508],[128.814886,35.025099],[128.81475,35.025132],[128.815185,35.026398],[128.815101,35.026403],[128.815029,35.026423],[128.814955,35.026461],[128.814882,35.026522],[128.814822,35.026582],[128.814781,35.02667],[128.814767,35.026735],[128.814767,35.026812],[128.814787,35.026899],[128.814824,35.026977],[128.81487,35.027039],[128.814942,35.027091],[128.815019,35.027139],[128.815124,35.027178],[128.815197,35.027187],[128.81527,35.027188],[128.815367,35.027167],[128.815384,35.027493],[128.815397,35.027986],[128.815369,35.028034],[128.815331,35.02807],[128.815276,35.028085],[128.815184,35.028087],[128.8151,35.02808],[128.815046,35.028095],[128.814981,35.028122],[128.814948,35.028157],[128.814918,35.028212],[128.81482,35.028444],[128.814684,35.028769],[128.814689,35.028833],[128.814798,35.028863],[128.815145,35.029179],[128.815224,35.029309],[128.815248,35.029322],[128.815275,35.029466],[128.815246,35.029506],[128.81521,35.029501],[128.815177,35.029486],[128.815175,35.029374],[128.815059,35.029348],[128.814732,35.029073],[128.814609,35.029049],[128.814551,35.02914],[128.81438,35.029234],[128.814333,35.029183],[128.813494,35.029617],[128.810748,35.029523],[128.810728,35.029699],[128.810432,35.029699],[128.810423,35.029513],[128.810139,35.029505],[128.810082,35.029584],[128.810104,35.029643],[128.809683,35.02985],[128.809649,35.029808],[128.809627,35.029804],[128.809589,35.02982],[128.809448,35.029636],[128.809071,35.029125],[128.808846,35.028748],[128.8089,35.028741],[128.808748,35.028202],[128.808649,35.027856],[128.808603,35.027859],[128.808595,35.027639],[128.808609,35.027347],[128.808632,35.027188],[128.80868,35.027197],[128.808705,35.027183],[128.808745,35.027008],[128.808723,35.026997],[128.808548,35.026973],[128.808522,35.026982],[128.808479,35.02716],[128.808458,35.027284],[128.808431,35.027486],[128.80843,35.027643],[128.808453,35.027653],[128.808462,35.027889],[128.808511,35.028028],[128.808484,35.028039],[128.808516,35.028149],[128.808645,35.028621],[128.80867,35.028629],[128.808706,35.028769],[128.808842,35.029018],[128.808825,35.029036],[128.80957,35.030017],[128.809741,35.029942],[128.809709,35.029899],[128.810147,35.029689],[128.810418,35.030004],[128.810443,35.030173],[128.810479,35.030315],[128.809688,35.030278],[128.809288,35.030601],[128.80942,35.030727],[128.809528,35.030865],[128.809268,35.031161],[128.809042,35.031213],[128.808872,35.031202],[128.808708,35.031363],[128.80852,35.03127],[128.80836,35.03152],[128.808427,35.031718],[128.808533,35.031862],[128.808553,35.031991],[128.808595,35.032199],[128.808488,35.032355],[128.808673,35.032466],[128.808763,35.032593],[128.808633,35.032927],[128.808358,35.033362],[128.808054,35.033591],[128.80799,35.033681],[128.807893,35.033686],[128.807813,35.033631],[128.807642,35.033659],[128.807594,35.033759],[128.80773,35.03385],[128.807834,35.033879],[128.807926,35.033804],[128.808063,35.033713],[128.808626,35.033719],[128.808952,35.033616],[128.809252,35.033556],[128.80948,35.033513],[128.809807,35.033469],[128.810037,35.03358],[128.81004,35.03367],[128.810013,35.033675],[128.810043,35.033917],[128.810125,35.033908],[128.810096,35.0335],[128.810493,35.03346],[128.810842,35.033402],[128.811038,35.033494],[128.811227,35.033643],[128.811763,35.034386],[128.811993,35.034891],[128.812393,35.036146],[128.812555,35.036777],[128.812689,35.037675],[128.812743,35.03872],[128.812566,35.039457],[128.81232,35.040053],[128.81193,35.04078],[128.81178,35.04091],[128.81162,35.04104],[128.81146,35.04117],[128.810974,35.041755],[128.810045,35.042498],[128.809459,35.042922],[128.808925,35.043259],[128.808621,35.043398],[128.807843,35.043461],[128.807853,35.043326],[128.807681,35.043458],[128.807516,35.043889],[128.807201,35.043912],[128.807555,35.044139],[128.80647,35.044832],[128.806073,35.044944],[128.806449,35.046476],[128.806163,35.046914],[128.805942,35.047325],[128.80552,35.047565],[128.804185,35.04796],[128.803255,35.048061],[128.80239,35.04783],[128.80206,35.04783],[128.80145,35.04758],[128.80051,35.04757],[128.8002,35.04757],[128.799471,35.047637],[128.799194,35.047776],[128.799121,35.047965],[128.79876,35.048186],[128.798772,35.048396],[128.799001,35.048542],[128.798537,35.048963],[128.798,35.048765],[128.797438,35.049168],[128.797422,35.04956],[128.797259,35.04978],[128.797227,35.04996],[128.797154,35.050073],[128.797178,35.050246],[128.797227,35.050605],[128.797406,35.050765],[128.797633,35.050911],[128.797552,35.051144],[128.797682,35.051324],[128.797723,35.051451],[128.79769,35.05155],[128.797641,35.052063],[128.797397,35.052576],[128.79706,35.05271],[128.79717,35.052988],[128.796633,35.052968],[128.796836,35.053201],[128.796836,35.053707],[128.797089,35.05402],[128.797853,35.054107],[128.798495,35.05424],[128.799032,35.054399],[128.799528,35.054692],[128.800146,35.054859],[128.801231,35.055068],[128.802162,35.055214],[128.802952,35.055267],[128.803182,35.055311],[128.80376,35.055413],[128.805269,35.055469],[128.805828,35.055597],[128.806097,35.055724],[128.806384,35.056047],[128.806717,35.056458],[128.806939,35.05691],[128.807048,35.05724],[128.806965,35.057258],[128.806861,35.057029],[128.806735,35.056659],[128.806518,35.05632],[128.806295,35.056039],[128.806137,35.055895],[128.805922,35.055754],[128.805574,35.055624],[128.80536,35.055579],[128.804856,35.055538],[128.802859,35.055475],[128.801147,35.055374],[128.800868,35.055318],[128.800829,35.055265],[128.800768,35.055241],[128.800698,35.055244],[128.800635,35.055277],[128.800132,35.055167],[128.799677,35.055031],[128.798831,35.054727],[128.798564,35.05466],[128.798339,35.05463],[128.79798,35.054621],[128.797886,35.05455],[128.797784,35.054536],[128.797711,35.054563],[128.797632,35.05461],[128.797514,35.054621],[128.797252,35.054605],[128.797125,35.054585],[128.796926,35.054517],[128.796676,35.054354],[128.796539,35.05425],[128.796425,35.054105],[128.796433,35.053917],[128.796396,35.053439],[128.796279,35.053376],[128.790994,35.053408],[128.790947,35.053472],[128.790963,35.053999],[128.790884,35.054159],[128.790855,35.054383],[128.790874,35.054583],[128.790943,35.054744],[128.79094,35.054987],[128.790988,35.055048],[128.79098,35.055416],[128.79088,35.055424],[128.790887,35.055572],[128.79099,35.05558],[128.790974,35.055729],[128.790928,35.055743],[128.790924,35.055871],[128.79098,35.055893],[128.790988,35.056058],[128.790938,35.056066],[128.79094,35.056241],[128.791005,35.056252],[128.791013,35.05638],[128.790943,35.056394],[128.790993,35.061667],[128.791638,35.061834],[128.791782,35.06191],[128.792277,35.062031],[128.792491,35.062131],[128.792778,35.062145],[128.793177,35.062255],[128.793374,35.062336],[128.793671,35.062366],[128.794052,35.062473],[128.794291,35.062517],[128.793755,35.064557],[128.793808,35.064608],[128.793755,35.064875],[128.804752,35.0667],[128.804744,35.066739],[128.804985,35.066782],[128.832394,35.071334],[128.83238,35.077633],[128.818192,35.077634],[128.818243,35.084546]]],[[[128.780124,35.00925],[128.780124,35.009193],[128.780157,35.00915],[128.780272,35.009156],[128.780361,35.009078],[128.780368,35.008866],[128.780331,35.008763],[128.780231,35.008751],[128.780113,35.008839],[128.779888,35.00893],[128.779722,35.008945],[128.779681,35.009008],[128.779681,35.00909],[128.779677,35.009199],[128.779707,35.009265],[128.77964,35.009314],[128.779585,35.009371],[128.779519,35.009356],[128.779412,35.00945],[128.779404,35.009519],[128.77943,35.009583],[128.779637,35.00961],[128.779788,35.009543],[128.77994,35.009441],[128.779917,35.009374],[128.780065,35.009353],[128.780124,35.00925]]],[[[128.776784,35.011164],[128.776723,35.011109],[128.776517,35.011176],[128.776446,35.011297],[128.776428,35.011451],[128.776481,35.011464],[128.776556,35.011424],[128.776643,35.011432],[128.776685,35.011386],[128.776676,35.011316],[128.776704,35.011254],[128.776755,35.011231],[128.776784,35.011164]]],[[[128.77615,35.010755],[128.776122,35.010744],[128.776083,35.010686],[128.776065,35.010647],[128.776027,35.010627],[128.775966,35.010635],[128.77593,35.010666],[128.775938,35.01071],[128.775955,35.010742],[128.775949,35.010789],[128.77597,35.010823],[128.775957,35.010839],[128.77593,35.010854],[128.775923,35.010876],[128.775895,35.010874],[128.775849,35.010839],[128.775784,35.010846],[128.775766,35.010863],[128.775765,35.010916],[128.775754,35.010963],[128.775734,35.011052],[128.775706,35.011134],[128.775687,35.011109],[128.775677,35.011047],[128.775654,35.011002],[128.775632,35.010986],[128.775624,35.011006],[128.775619,35.011035],[128.775615,35.01105],[128.7756,35.011021],[128.775597,35.011],[128.775568,35.010993],[128.77554,35.010933],[128.77555,35.010874],[128.77552,35.010792],[128.775498,35.010811],[128.775485,35.010842],[128.77547,35.010822],[128.775432,35.010807],[128.775384,35.010832],[128.775372,35.010897],[128.775359,35.010908],[128.775367,35.010958],[128.775324,35.010972],[128.775286,35.011007],[128.775253,35.011071],[128.775222,35.011011],[128.775199,35.010979],[128.775203,35.010951],[128.775179,35.010938],[128.775152,35.010952],[128.77512,35.010979],[128.775099,35.011017],[128.775103,35.011071],[128.775092,35.01109],[128.775106,35.01116],[128.77508,35.011198],[128.775097,35.011268],[128.775041,35.011261],[128.775058,35.011178],[128.775029,35.011106],[128.775026,35.010985],[128.775007,35.010872],[128.775018,35.010775],[128.774966,35.010663],[128.774946,35.010561],[128.774809,35.010532],[128.774782,35.010485],[128.774629,35.010398],[128.774565,35.010377],[128.774523,35.010334],[128.774471,35.010337],[128.774435,35.01035],[128.774354,35.010328],[128.774291,35.01032],[128.774271,35.010349],[128.774294,35.01041],[128.774248,35.010422],[128.774197,35.010427],[128.774138,35.010465],[128.774113,35.010469],[128.77412,35.010426],[128.774101,35.010388],[128.774058,35.010351],[128.77406,35.010302],[128.774023,35.010252],[128.773853,35.010291],[128.773702,35.010448],[128.77342,35.01065],[128.77311,35.01052],[128.77296,35.01039],[128.77279,35.01025],[128.77218,35.01013],[128.77202,35.01116],[128.7717,35.01243],[128.77154,35.01296],[128.77123,35.01296],[128.77123,35.01347],[128.771462,35.013967],[128.770944,35.013849],[128.770602,35.013687],[128.769322,35.013416],[128.768858,35.013488],[128.768439,35.013454],[128.768253,35.013121],[128.767867,35.012515],[128.767918,35.012198],[128.767768,35.012068],[128.767608,35.011938],[128.767458,35.011808],[128.766876,35.011682],[128.766394,35.011814],[128.765643,35.011867],[128.765428,35.011938],[128.765418,35.012188],[128.76546,35.012473],[128.765535,35.012965],[128.765471,35.013501],[128.765611,35.014151],[128.766348,35.014768],[128.766498,35.015278],[128.766818,35.015408],[128.767128,35.015668],[128.767448,35.015918],[128.768611,35.016072],[128.769008,35.015797],[128.769158,35.015538],[128.769353,35.015349],[128.769461,35.015369],[128.76945,35.0154],[128.770669,35.015627],[128.770684,35.015543],[128.772113,35.015846],[128.772301,35.015439],[128.771727,35.015286],[128.77185,35.01476],[128.772151,35.014646],[128.77248,35.01489],[128.772579,35.014908],[128.77348,35.014948],[128.773846,35.014951],[128.77435,35.01463],[128.77466,35.01438],[128.77499,35.01412],[128.775135,35.013931],[128.77535,35.013474],[128.77576,35.01296],[128.77607,35.012924],[128.775915,35.012647],[128.77576,35.012583],[128.775738,35.012294],[128.775571,35.012196],[128.77623,35.01143],[128.776371,35.011227],[128.776443,35.010933],[128.776448,35.010843],[128.776407,35.010794],[128.77637,35.010671],[128.776299,35.010652],[128.776234,35.010665],[128.776194,35.010682],[128.77617,35.010729],[128.77615,35.010755]]],[[[128.7631,35.01705],[128.7631,35.0168],[128.76341,35.0168],[128.763361,35.016307],[128.762977,35.016303],[128.762579,35.015895],[128.76216,35.01589],[128.76201,35.01602],[128.76169,35.01654],[128.761325,35.017134],[128.761481,35.01744],[128.761883,35.017709],[128.762795,35.017679],[128.762806,35.017226],[128.7631,35.01705]]],[[[128.831223,34.990989],[128.831311,34.991102],[128.8314,34.991192],[128.831482,34.991283],[128.83157,34.991296],[128.831565,34.991242],[128.831471,34.991134],[128.831493,34.991075],[128.831383,34.990976],[128.831201,34.990917],[128.831223,34.990989]]],[[[128.840429,34.997258],[128.84039,34.997109],[128.840347,34.997058],[128.840347,34.996944],[128.840405,34.996881],[128.840376,34.996806],[128.840223,34.996696],[128.840083,34.99659],[128.839911,34.996559],[128.839704,34.996563],[128.839546,34.996578],[128.839493,34.996641],[128.839397,34.996661],[128.839359,34.996716],[128.839402,34.996806],[128.839224,34.996783],[128.83909,34.996838],[128.839004,34.996952],[128.839033,34.997074],[128.839056,34.997168],[128.839157,34.997129],[128.839186,34.997184],[128.839124,34.997243],[128.839181,34.99731],[128.839268,34.997353],[128.839464,34.997423],[128.839589,34.997447],[128.83981,34.997451],[128.839992,34.997443],[128.840275,34.997384],[128.84041,34.997345],[128.840429,34.997258]]],[[[128.839004,34.997215],[128.838917,34.997203],[128.838821,34.997239],[128.838865,34.997294],[128.839085,34.997333],[128.839056,34.997258],[128.839004,34.997215]]],[[[128.821413,35.001265],[128.821432,35.001225],[128.821379,35.001194],[128.821259,35.001198],[128.821216,35.001225],[128.821317,35.001249],[128.821413,35.001265]]],[[[128.820765,35.001253],[128.820602,35.001265],[128.820467,35.001328],[128.820429,35.001383],[128.820544,35.001434],[128.820621,35.001446],[128.820746,35.00143],[128.820885,35.001379],[128.821024,35.001316],[128.820986,35.001281],[128.820871,35.001257],[128.820765,35.001253]]],[[[128.820952,35.00152],[128.821288,35.00152],[128.82136,35.001434],[128.821384,35.00134],[128.821106,35.001367],[128.820746,35.001477],[128.820822,35.001512],[128.820952,35.00152]]],[[[128.819373,35.001815],[128.819153,35.001795],[128.819335,35.001768],[128.819297,35.001736],[128.819095,35.001713],[128.818946,35.001685],[128.818898,35.001733],[128.818927,35.001846],[128.818994,35.001921],[128.818884,35.00198],[128.818865,35.002055],[128.818874,35.002192],[128.818985,35.00222],[128.819047,35.00224],[128.819148,35.00224],[128.819301,35.00224],[128.819426,35.002208],[128.819479,35.002094],[128.819474,35.001933],[128.819455,35.001886],[128.819373,35.001815]]],[[[128.81851,35.003485],[128.818409,35.003564],[128.818687,35.003564],[128.818807,35.003592],[128.818788,35.003635],[128.818879,35.003619],[128.818894,35.003537],[128.818894,35.003368],[128.818788,35.003403],[128.81851,35.003485]]],[[[128.818505,35.003792],[128.818635,35.003808],[128.818711,35.003788],[128.818783,35.003725],[128.818697,35.003702],[128.818582,35.003702],[128.818423,35.003717],[128.818505,35.003792]]],[[[128.780977,35.008473],[128.780948,35.008431],[128.7809,35.00844],[128.780911,35.008515],[128.780984,35.008552],[128.780984,35.008606],[128.781099,35.008642],[128.781121,35.008576],[128.781121,35.008506],[128.781077,35.008443],[128.780977,35.008473]]],[[[128.780722,35.008857],[128.780804,35.008818],[128.780874,35.008836],[128.780955,35.008921],[128.781033,35.008917],[128.781143,35.008833],[128.781136,35.008784],[128.781184,35.008688],[128.780981,35.008679],[128.780841,35.008676],[128.780733,35.0087],[128.780567,35.008715],[128.780493,35.008763],[128.780442,35.008927],[128.780442,35.009066],[128.780493,35.009066],[128.780549,35.009014],[128.780586,35.009045],[128.780656,35.009045],[128.780671,35.008963],[128.7807,35.008921],[128.780807,35.008884],[128.780722,35.008857]]],[[[128.824482,35.010467],[128.824384,35.010746],[128.824333,35.011005],[128.824355,35.011039],[128.824511,35.011068],[128.824533,35.011015],[128.824461,35.011003],[128.824605,35.010551],[128.824624,35.01053],[128.824641,35.010498],[128.824641,35.010467],[128.824566,35.010451],[128.824523,35.010451],[128.824482,35.010467]]],[[[128.835948,35.013408],[128.835943,35.013463],[128.836006,35.013473],[128.836018,35.013525],[128.836069,35.013531],[128.836115,35.013531],[128.836144,35.013483],[128.83611,35.013456],[128.836106,35.013405],[128.83606,35.013343],[128.835973,35.01336],[128.835948,35.013408]]],[[[128.804164,35.022246],[128.804101,35.022316],[128.804113,35.022354],[128.804249,35.022291],[128.804245,35.022266],[128.804164,35.022246]]],[[[128.804288,35.022488],[128.80437,35.02246],[128.804452,35.022488],[128.804506,35.022459],[128.804557,35.022486],[128.804749,35.022424],[128.804679,35.022318],[128.804609,35.022335],[128.804552,35.02227],[128.804528,35.022306],[128.804484,35.022285],[128.804433,35.022323],[128.804402,35.022303],[128.80424,35.022415],[128.804288,35.022488]]],[[[128.849003,35.033793],[128.848981,35.033902],[128.84903,35.033978],[128.849086,35.034037],[128.849185,35.034082],[128.849279,35.034078],[128.849367,35.03401],[128.849427,35.033938],[128.84956,35.033807],[128.849532,35.033708],[128.849427,35.033712],[128.849301,35.033712],[128.849102,35.033721],[128.849003,35.033793]]],[[[128.849383,35.034159],[128.849279,35.034227],[128.849361,35.034245],[128.849449,35.034204],[128.849549,35.034159],[128.849582,35.034087],[128.849538,35.034042],[128.849444,35.03406],[128.849378,35.034105],[128.849383,35.034159]]],[[[128.793725,35.048162],[128.79406,35.048125],[128.794127,35.047881],[128.793942,35.047776],[128.789599,35.047785],[128.78725,35.0478],[128.787245,35.048156],[128.787559,35.048182],[128.787859,35.048022],[128.793671,35.048057],[128.793725,35.048162]]],[[[128.919154,35.057997],[128.91943,35.058048],[128.919658,35.057942],[128.920066,35.058226],[128.920214,35.058589],[128.920179,35.058854],[128.920308,35.059413],[128.920447,35.059857],[128.920417,35.060246],[128.920559,35.060866],[128.92054,35.061029],[128.920351,35.061135],[128.92036,35.061231],[128.920796,35.061304],[128.921144,35.061277],[128.921382,35.061172],[128.921476,35.061183],[128.921543,35.061202],[128.921658,35.061194],[128.921782,35.061106],[128.921997,35.060427],[128.922191,35.059697],[128.922325,35.059128],[128.922273,35.058771],[128.922119,35.05843],[128.921928,35.058146],[128.921675,35.057897],[128.92073,35.05717],[128.9203,35.056781],[128.919972,35.05644],[128.919454,35.055863],[128.919061,35.055509],[128.918778,35.055332],[128.918354,35.055294],[128.917964,35.055327],[128.916783,35.055469],[128.914821,35.055756],[128.912667,35.056157],[128.911087,35.05657],[128.910095,35.056899],[128.909328,35.057048],[128.9084,35.057091],[128.906804,35.057277],[128.902386,35.058068],[128.897789,35.05872],[128.893778,35.059212],[128.891694,35.059533],[128.889984,35.060046],[128.888914,35.060321],[128.887809,35.060495],[128.887378,35.060567],[128.887117,35.060657],[128.886706,35.0608],[128.885508,35.061056],[128.885054,35.061477],[128.883922,35.06204],[128.883288,35.062164],[128.882422,35.062617],[128.882252,35.062786],[128.882254,35.062966],[128.882487,35.062976],[128.882829,35.062948],[128.883,35.062871],[128.883195,35.062928],[128.883484,35.062922],[128.884034,35.063095],[128.884273,35.063111],[128.884947,35.063376],[128.885455,35.063449],[128.885761,35.063565],[128.886021,35.063796],[128.886232,35.063972],[128.886551,35.064163],[128.886924,35.064343],[128.887523,35.064671],[128.887938,35.064787],[128.888134,35.064774],[128.888257,35.064793],[128.888518,35.064702],[128.888711,35.064606],[128.888657,35.064399],[128.888737,35.064221],[128.888712,35.063914],[128.88875,35.063572],[128.888883,35.063513],[128.888896,35.06339],[128.888936,35.063313],[128.889017,35.063253],[128.889061,35.063005],[128.889139,35.062795],[128.889276,35.062774],[128.889432,35.062617],[128.889456,35.062502],[128.889547,35.062449],[128.889751,35.062338],[128.889772,35.062294],[128.889801,35.06228],[128.889815,35.062251],[128.889844,35.062235],[128.88983,35.062181],[128.890101,35.062051],[128.890929,35.061732],[128.891113,35.061535],[128.891297,35.061483],[128.891611,35.061293],[128.891701,35.061329],[128.891964,35.061247],[128.892123,35.06121],[128.892199,35.061242],[128.892332,35.061172],[128.892485,35.061206],[128.892546,35.061145],[128.892631,35.061191],[128.893644,35.061089],[128.893796,35.061074],[128.894165,35.060973],[128.893712,35.061375],[128.893578,35.061441],[128.893391,35.061646],[128.893402,35.061876],[128.893533,35.061892],[128.893678,35.061775],[128.893766,35.061624],[128.893958,35.061569],[128.894054,35.061656],[128.894219,35.061725],[128.894452,35.061593],[128.894662,35.061361],[128.895105,35.061365],[128.895229,35.061279],[128.895383,35.061305],[128.895402,35.061425],[128.895491,35.061432],[128.895611,35.06136],[128.895605,35.061154],[128.895726,35.061074],[128.89575,35.060975],[128.895936,35.060955],[128.896053,35.060912],[128.896114,35.060942],[128.896243,35.060942],[128.896366,35.061141],[128.896446,35.061158],[128.896497,35.061047],[128.896531,35.060972],[128.896621,35.060955],[128.896756,35.060994],[128.89677,35.061089],[128.896928,35.061161],[128.896985,35.061273],[128.897075,35.061271],[128.897164,35.061207],[128.897266,35.061216],[128.897291,35.061261],[128.897357,35.061269],[128.897438,35.061209],[128.897497,35.061217],[128.897584,35.061129],[128.897579,35.061031],[128.897557,35.060949],[128.897597,35.060925],[128.897658,35.060925],[128.897666,35.060728],[128.897637,35.06069],[128.897804,35.060549],[128.897799,35.060652],[128.897978,35.060623],[128.89805,35.060521],[128.898164,35.060509],[128.898204,35.060467],[128.898202,35.060417],[128.898291,35.060359],[128.898347,35.060342],[128.898448,35.06028],[128.898527,35.060198],[128.89863,35.060161],[128.898727,35.060173],[128.898841,35.060084],[128.898916,35.060056],[128.899108,35.060035],[128.899149,35.059996],[128.899198,35.059965],[128.899204,35.059933],[128.899332,35.059891],[128.899352,35.059915],[128.899401,35.059916],[128.899436,35.059896],[128.899458,35.059868],[128.899703,35.059778],[128.899775,35.059802],[128.899867,35.059801],[128.899991,35.059684],[128.900232,35.059603],[128.900251,35.059531],[128.900321,35.059478],[128.900388,35.059474],[128.900462,35.059501],[128.900746,35.059499],[128.900812,35.059432],[128.900941,35.059372],[128.900979,35.059393],[128.90102,35.059378],[128.901056,35.059338],[128.901191,35.059307],[128.901271,35.059265],[128.901457,35.059283],[128.90152,35.059215],[128.901601,35.059171],[128.90169,35.059185],[128.901766,35.059222],[128.901885,35.059139],[128.901939,35.059154],[128.902059,35.059142],[128.902111,35.05917],[128.902184,35.059152],[128.902267,35.059079],[128.902286,35.059023],[128.902519,35.058908],[128.902556,35.058932],[128.902599,35.05892],[128.902687,35.058872],[128.90279,35.058882],[128.903058,35.058774],[128.903187,35.058815],[128.90329,35.05881],[128.903386,35.058765],[128.90352,35.058679],[128.903604,35.058706],[128.903683,35.058643],[128.903785,35.058659],[128.903867,35.058631],[128.904054,35.058517],[128.904175,35.058338],[128.904548,35.058249],[128.904733,35.058285],[128.904946,35.058335],[128.905184,35.058189],[128.905424,35.058126],[128.90583,35.058124],[128.906514,35.058274],[128.906768,35.058084],[128.907537,35.057982],[128.908204,35.058169],[128.908806,35.058216],[128.909276,35.058106],[128.909464,35.058186],[128.909041,35.058393],[128.908809,35.058523],[128.908381,35.058679],[128.90809,35.058756],[128.907695,35.05907],[128.907493,35.059201],[128.907248,35.059282],[128.907208,35.059421],[128.90704,35.059505],[128.906929,35.059499],[128.906604,35.059659],[128.906566,35.059614],[128.906479,35.059618],[128.906418,35.059804],[128.906312,35.059872],[128.906292,35.060068],[128.906311,35.060182],[128.906144,35.060237],[128.906106,35.060311],[128.905976,35.060404],[128.906054,35.060465],[128.90555,35.060877],[128.905514,35.06105],[128.905392,35.06114],[128.9053,35.061526],[128.90522,35.06166],[128.905135,35.06173],[128.905086,35.061797],[128.905058,35.06208],[128.905107,35.062263],[128.905418,35.062367],[128.90549,35.06248],[128.905733,35.062567],[128.905949,35.062589],[128.906016,35.062568],[128.906066,35.062553],[128.906081,35.062586],[128.90607,35.062637],[128.906164,35.062674],[128.906211,35.062626],[128.906272,35.062704],[128.906533,35.062726],[128.906589,35.062665],[128.906642,35.062734],[128.906765,35.062727],[128.906785,35.062767],[128.906843,35.062779],[128.906874,35.062728],[128.907041,35.062742],[128.907154,35.062734],[128.90719,35.062803],[128.907242,35.062803],[128.907248,35.062754],[128.90731,35.062708],[128.907322,35.062759],[128.907645,35.062913],[128.908011,35.062929],[128.908039,35.063043],[128.908556,35.063159],[128.908598,35.063081],[128.908696,35.063134],[128.908734,35.063055],[128.908808,35.063073],[128.908858,35.063031],[128.908987,35.063155],[128.909043,35.063096],[128.909124,35.063176],[128.90925,35.063237],[128.909134,35.063284],[128.909152,35.063321],[128.909278,35.063289],[128.909342,35.063391],[128.909553,35.063375],[128.909561,35.063308],[128.910014,35.063314],[128.910094,35.063378],[128.910203,35.063392],[128.910343,35.063329],[128.910467,35.063329],[128.910569,35.063357],[128.910626,35.063471],[128.910703,35.063493],[128.911089,35.063359],[128.911334,35.063486],[128.911514,35.063406],[128.911606,35.063382],[128.911673,35.063381],[128.911719,35.063256],[128.911799,35.063231],[128.91184,35.063328],[128.911949,35.0633],[128.912003,35.063218],[128.911895,35.063057],[128.911594,35.063058],[128.911443,35.063021],[128.911361,35.06291],[128.911097,35.062772],[128.910892,35.062734],[128.910811,35.062605],[128.910546,35.062556],[128.910525,35.062415],[128.910681,35.062418],[128.910688,35.062334],[128.910588,35.062087],[128.910802,35.061956],[128.91081,35.06171],[128.911442,35.061523],[128.911692,35.061652],[128.911944,35.061688],[128.911908,35.061819],[128.912097,35.061893],[128.912384,35.061898],[128.912682,35.061808],[128.912699,35.061697],[128.912983,35.0617],[128.912924,35.061841],[128.913141,35.062048],[128.913389,35.062009],[128.913627,35.061937],[128.914071,35.062089],[128.914263,35.062062],[128.914214,35.061895],[128.914466,35.061649],[128.914918,35.061816],[128.915146,35.061824],[128.915191,35.062011],[128.915281,35.062046],[128.915385,35.062041],[128.915451,35.061983],[128.915521,35.06203],[128.915605,35.062017],[128.915521,35.061967],[128.915554,35.061917],[128.915618,35.061911],[128.915641,35.061935],[128.91577,35.061935],[128.915824,35.061977],[128.915873,35.061951],[128.915937,35.061922],[128.915897,35.06181],[128.915987,35.06179],[128.916081,35.061872],[128.916162,35.061863],[128.916242,35.061778],[128.916249,35.061691],[128.916387,35.061701],[128.916465,35.061644],[128.916484,35.061604],[128.916595,35.061572],[128.916612,35.061607],[128.916567,35.061673],[128.916655,35.061712],[128.916669,35.06168],[128.916733,35.061676],[128.91675,35.06172],[128.916797,35.061679],[128.916744,35.061661],[128.916739,35.061638],[128.916816,35.061598],[128.916885,35.061595],[128.916997,35.061615],[128.91698,35.061584],[128.917015,35.061557],[128.91709,35.061612],[128.917042,35.061457],[128.917091,35.061447],[128.917136,35.061489],[128.917192,35.061481],[128.917203,35.061371],[128.917236,35.061338],[128.917318,35.061381],[128.917373,35.061446],[128.917477,35.061482],[128.917679,35.06146],[128.917568,35.06133],[128.917539,35.061344],[128.917331,35.061218],[128.91744,35.061146],[128.917471,35.061105],[128.917537,35.061101],[128.917546,35.061151],[128.91771,35.061174],[128.917752,35.061134],[128.917639,35.061054],[128.917671,35.061006],[128.917747,35.061006],[128.917789,35.060987],[128.917847,35.061009],[128.917932,35.060949],[128.918026,35.060957],[128.91827,35.060758],[128.918337,35.060763],[128.91843,35.060831],[128.918584,35.060879],[128.918683,35.06095],[128.918727,35.060974],[128.918776,35.060896],[128.918816,35.060937],[128.918885,35.060905],[128.918905,35.06095],[128.918911,35.061032],[128.918945,35.061057],[128.91898,35.060981],[128.919066,35.060973],[128.919047,35.061079],[128.919086,35.061108],[128.919173,35.061027],[128.919234,35.061022],[128.91925,35.06108],[128.919175,35.061158],[128.919068,35.06116],[128.91907,35.061236],[128.919466,35.061574],[128.919631,35.061452],[128.919763,35.060944],[128.919516,35.060389],[128.919443,35.060293],[128.919374,35.060055],[128.919322,35.05993],[128.919245,35.059812],[128.919203,35.059552],[128.919045,35.059159],[128.918825,35.058969],[128.918626,35.058551],[128.918633,35.058414],[128.918587,35.058369],[128.918535,35.058203],[128.918549,35.058142],[128.918336,35.057859],[128.91837,35.057763],[128.918431,35.057688],[128.918714,35.057588],[128.918793,35.057584],[128.918813,35.057763],[128.918916,35.057912],[128.919016,35.058017],[128.919154,35.057997]]],[[[128.791968,35.062289],[128.791998,35.062247],[128.791979,35.062184],[128.791925,35.062146],[128.791813,35.062155],[128.791743,35.062188],[128.791708,35.062254],[128.791684,35.062331],[128.791754,35.062377],[128.79181,35.062381],[128.791853,35.062331],[128.791917,35.062307],[128.791968,35.062289]]],[[[128.791582,35.062858],[128.791547,35.063023],[128.791561,35.063167],[128.791617,35.063262],[128.79178,35.063262],[128.791941,35.063231],[128.791968,35.063271],[128.791603,35.063385],[128.791421,35.063462],[128.791346,35.063587],[128.791357,35.063659],[128.791416,35.06371],[128.791473,35.063704],[128.791475,35.063745],[128.791499,35.0638],[128.791625,35.063825],[128.79177,35.063809],[128.791838,35.063848],[128.791929,35.063844],[128.792222,35.063863],[128.792269,35.063902],[128.792361,35.063926],[128.792446,35.063906],[128.792544,35.063796],[128.792727,35.063734],[128.792878,35.063609],[128.79295,35.06344],[128.792961,35.063279],[128.793041,35.063159],[128.793004,35.063117],[128.792936,35.063058],[128.792896,35.063012],[128.793017,35.062959],[128.793073,35.062933],[128.793025,35.062823],[128.79313,35.062794],[128.793178,35.062711],[128.793138,35.062594],[128.793047,35.062472],[128.792878,35.062377],[128.792711,35.062414],[128.792765,35.062586],[128.792738,35.062625],[128.792623,35.062524],[128.792491,35.062509],[128.79243,35.062437],[128.792261,35.062388],[128.791754,35.062636],[128.791582,35.062858]]],[[[128.902992,35.063662],[128.903148,35.063496],[128.903335,35.063382],[128.903451,35.063407],[128.903487,35.063241],[128.903481,35.063102],[128.903255,35.062905],[128.90312,35.06274],[128.902972,35.062724],[128.902862,35.062803],[128.902722,35.062906],[128.902609,35.063189],[128.902473,35.063343],[128.902364,35.063466],[128.902434,35.063598],[128.902547,35.063734],[128.902619,35.063756],[128.902992,35.063662]]],[[[128.916951,35.064497],[128.917046,35.064458],[128.917139,35.064549],[128.917406,35.064556],[128.917531,35.064544],[128.917623,35.064585],[128.917691,35.064505],[128.917661,35.06443],[128.91779,35.064423],[128.917806,35.064365],[128.917981,35.064373],[128.918039,35.064409],[128.918261,35.064429],[128.918517,35.064266],[128.918397,35.063989],[128.918277,35.06391],[128.917939,35.063861],[128.917763,35.063825],[128.917678,35.063865],[128.917547,35.063871],[128.917431,35.063829],[128.917324,35.063758],[128.917279,35.063654],[128.917142,35.063525],[128.916968,35.06352],[128.916779,35.063577],[128.916736,35.063474],[128.916512,35.063434],[128.916349,35.063654],[128.916317,35.063856],[128.916378,35.064103],[128.916357,35.064207],[128.916436,35.064409],[128.916566,35.064504],[128.916959,35.064539],[128.916951,35.064497]]],[[[128.872817,35.064014],[128.872322,35.063804],[128.871957,35.06378],[128.871492,35.063743],[128.870511,35.063721],[128.870164,35.063924],[128.869765,35.06426],[128.869205,35.064375],[128.868878,35.064537],[128.86761,35.064856],[128.866285,35.065673],[128.865563,35.066154],[128.864782,35.066637],[128.863837,35.067017],[128.862237,35.067724],[128.861213,35.06808],[128.859963,35.068322],[128.858869,35.06854],[128.857914,35.068876],[128.857773,35.068996],[128.857671,35.069143],[128.857681,35.06936],[128.857778,35.069583],[128.858067,35.070053],[128.858321,35.070339],[128.858668,35.07057],[128.859122,35.07068],[128.859773,35.070685],[128.860047,35.070825],[128.860134,35.07087],[128.860249,35.070895],[128.860421,35.070875],[128.860539,35.070816],[128.861178,35.070569],[128.861712,35.070317],[128.862028,35.069884],[128.862437,35.069658],[128.863079,35.069374],[128.863548,35.069262],[128.864143,35.069257],[128.864415,35.069482],[128.866458,35.069483],[128.868469,35.069452],[128.871241,35.069346],[128.87141,35.069497],[128.871688,35.069505],[128.871975,35.069565],[128.872249,35.069403],[128.872516,35.069541],[128.872771,35.069457],[128.873569,35.069384],[128.873726,35.069236],[128.873967,35.069115],[128.877689,35.068527],[128.881241,35.068033],[128.88272,35.067618],[128.882806,35.067722],[128.882833,35.067818],[128.882861,35.067901],[128.882903,35.067885],[128.882972,35.067933],[128.883008,35.067931],[128.883056,35.067907],[128.883075,35.067834],[128.883017,35.067788],[128.882952,35.067781],[128.88294,35.067695],[128.882994,35.067662],[128.883064,35.067563],[128.883169,35.067462],[128.883264,35.067416],[128.883299,35.067436],[128.883392,35.067431],[128.883531,35.067388],[128.883655,35.06735],[128.883794,35.067427],[128.88386,35.067525],[128.88383,35.067633],[128.883862,35.067696],[128.883907,35.067714],[128.884015,35.067694],[128.884082,35.067771],[128.884159,35.067804],[128.884267,35.067848],[128.88443,35.067893],[128.884517,35.067954],[128.884597,35.068011],[128.88465,35.068104],[128.884857,35.068145],[128.885008,35.0681],[128.885117,35.06801],[128.885204,35.067892],[128.885351,35.067755],[128.885394,35.06767],[128.885583,35.067636],[128.885687,35.067591],[128.885584,35.067037],[128.885546,35.06646],[128.885603,35.066111],[128.885612,35.065725],[128.885564,35.06558],[128.885409,35.06552],[128.885181,35.065497],[128.884826,35.065497],[128.883905,35.065511],[128.88286,35.065467],[128.881549,35.065379],[128.879945,35.065185],[128.878137,35.064989],[128.877468,35.064893],[128.8767,35.064639],[128.876089,35.064414],[128.875529,35.06443],[128.874912,35.064346],[128.874513,35.06435],[128.87388,35.064127],[128.872817,35.064014]]],[[[128.908868,35.073731],[128.910283,35.074316],[128.910984,35.074798],[128.911679,35.075089],[128.913134,35.075567],[128.913349,35.075601],[128.913612,35.075685],[128.913933,35.075717],[128.914839,35.075981],[128.915416,35.076064],[128.915533,35.076126],[128.91627,35.076119],[128.916986,35.07628],[128.917288,35.076389],[128.917482,35.076543],[128.9177,35.076613],[128.918142,35.076704],[128.918459,35.076716],[128.918527,35.076683],[128.919182,35.076715],[128.919272,35.076782],[128.920593,35.076788],[128.920745,35.076696],[128.920856,35.076646],[128.921047,35.076675],[128.92188,35.076718],[128.921914,35.076922],[128.921861,35.077116],[128.921687,35.077271],[128.920958,35.0773],[128.920414,35.077441],[128.920159,35.077328],[128.919633,35.077357],[128.919375,35.077391],[128.919085,35.077376],[128.918563,35.077407],[128.918191,35.077402],[128.917497,35.077258],[128.9173,35.077179],[128.916151,35.076949],[128.915559,35.077008],[128.915462,35.077101],[128.915444,35.077265],[128.915279,35.077492],[128.915197,35.077724],[128.915359,35.077804],[128.915826,35.077801],[128.91593,35.077747],[128.916025,35.07778],[128.916565,35.077695],[128.91656,35.077626],[128.916641,35.077601],[128.916826,35.077658],[128.916939,35.077666],[128.917083,35.077639],[128.917196,35.077674],[128.917845,35.077747],[128.918029,35.077825],[128.918138,35.077847],[128.918133,35.077758],[128.918296,35.077783],[128.918293,35.07787],[128.918434,35.077919],[128.918763,35.077928],[128.91947,35.077835],[128.919965,35.077807],[128.920762,35.077807],[128.921157,35.077836],[128.921429,35.077908],[128.921612,35.077881],[128.921929,35.077516],[128.922032,35.077497],[128.92206,35.07725],[128.922129,35.077132],[128.922142,35.076968],[128.922293,35.076499],[128.922278,35.076323],[128.922182,35.076229],[128.921986,35.07589],[128.921831,35.075286],[128.921752,35.07527],[128.921204,35.074793],[128.921126,35.074804],[128.921071,35.074865],[128.921115,35.075009],[128.921195,35.07515],[128.921084,35.075215],[128.920904,35.075377],[128.920824,35.075529],[128.920898,35.075806],[128.92085,35.075838],[128.920106,35.075979],[128.919676,35.075979],[128.919368,35.076024],[128.919135,35.07607],[128.918999,35.076035],[128.918893,35.076069],[128.918732,35.076006],[128.918425,35.076024],[128.918237,35.075966],[128.918167,35.07602],[128.917781,35.076005],[128.917538,35.075938],[128.91743,35.075949],[128.91734,35.075898],[128.917034,35.075881],[128.916809,35.075832],[128.91661,35.075853],[128.916403,35.075824],[128.916106,35.075753],[128.916004,35.075768],[128.915905,35.075697],[128.915751,35.075673],[128.915344,35.075552],[128.915137,35.075538],[128.914931,35.075517],[128.914743,35.075471],[128.914667,35.075423],[128.914441,35.075357],[128.914295,35.075349],[128.913908,35.075227],[128.913495,35.075148],[128.913389,35.075098],[128.91324,35.075054],[128.913177,35.075015],[128.912937,35.074943],[128.912837,35.074935],[128.912679,35.074819],[128.912564,35.074809],[128.912235,35.074699],[128.911924,35.074574],[128.911752,35.074509],[128.911666,35.074503],[128.911413,35.074398],[128.911302,35.07433],[128.911166,35.074314],[128.910669,35.074039],[128.910534,35.073999],[128.909547,35.073513],[128.909423,35.073497],[128.90933,35.073406],[128.909319,35.073325],[128.909119,35.073193],[128.908992,35.073187],[128.908906,35.073115],[128.908853,35.073048],[128.908445,35.072947],[128.908239,35.07278],[128.90784,35.072539],[128.907454,35.072452],[128.907138,35.072085],[128.906623,35.071702],[128.906339,35.071601],[128.905694,35.071224],[128.905607,35.071039],[128.90516,35.070257],[128.904784,35.07002],[128.904594,35.069863],[128.903951,35.069585],[128.90383,35.069562],[128.90372,35.069506],[128.9035,35.069467],[128.903326,35.069491],[128.90317,35.069615],[128.90302,35.069791],[128.902937,35.06996],[128.902869,35.070206],[128.902938,35.070648],[128.902898,35.070898],[128.902988,35.070976],[128.903086,35.070919],[128.903305,35.070441],[128.903376,35.070377],[128.903488,35.070377],[128.903905,35.07065],[128.904095,35.07071],[128.904233,35.070724],[128.904646,35.070976],[128.905438,35.071468],[128.905892,35.071878],[128.906422,35.072252],[128.906524,35.072268],[128.907039,35.072589],[128.908132,35.07331],[128.908868,35.073731]]],[[[128.908839,35.074282],[128.908424,35.073967],[128.907985,35.073779],[128.907341,35.073396],[128.9065,35.072876],[128.906349,35.072693],[128.90609,35.072569],[128.905714,35.072292],[128.905549,35.072071],[128.905298,35.071928],[128.905105,35.071769],[128.904588,35.071512],[128.904344,35.071484],[128.904211,35.071356],[128.903829,35.071196],[128.903838,35.071098],[128.903707,35.071062],[128.903309,35.071172],[128.903287,35.071226],[128.903226,35.071254],[128.903132,35.071237],[128.903035,35.07129],[128.90296,35.071388],[128.902961,35.0715],[128.903019,35.071595],[128.903134,35.071628],[128.903211,35.071624],[128.903498,35.071713],[128.903724,35.071852],[128.903896,35.071907],[128.904131,35.072024],[128.904332,35.072021],[128.90452,35.072098],[128.904686,35.072048],[128.904902,35.072108],[128.90514,35.072248],[128.905253,35.072406],[128.905217,35.072481],[128.905318,35.072473],[128.905413,35.072525],[128.905578,35.072803],[128.905506,35.07283],[128.905626,35.072885],[128.905666,35.072942],[128.905847,35.072968],[128.905984,35.073005],[128.906086,35.073093],[128.906388,35.073209],[128.906671,35.073509],[128.906778,35.073588],[128.907033,35.073692],[128.907086,35.073646],[128.907209,35.073744],[128.907266,35.073713],[128.907309,35.073749],[128.907393,35.073786],[128.907424,35.07387],[128.907531,35.073889],[128.907631,35.073955],[128.907691,35.074028],[128.907715,35.074113],[128.90776,35.074102],[128.907735,35.074038],[128.907774,35.074045],[128.907859,35.074111],[128.907928,35.074207],[128.907804,35.074167],[128.907741,35.074204],[128.907677,35.074266],[128.907674,35.07434],[128.9077,35.074411],[128.907781,35.074447],[128.90788,35.074466],[128.907914,35.074507],[128.908167,35.074613],[128.908283,35.074589],[128.908397,35.07463],[128.908749,35.074642],[128.908879,35.074725],[128.90892,35.074742],[128.909011,35.07489],[128.908995,35.074909],[128.909001,35.074933],[128.909064,35.074948],[128.909162,35.075074],[128.909297,35.07515],[128.909496,35.075189],[128.909582,35.075227],[128.9096,35.075199],[128.909619,35.075189],[128.909629,35.075212],[128.90971,35.075218],[128.909737,35.075272],[128.909762,35.075279],[128.909795,35.075316],[128.909841,35.075403],[128.909884,35.075423],[128.909895,35.07547],[128.909917,35.07547],[128.909925,35.07549],[128.909906,35.075517],[128.909957,35.075536],[128.910042,35.075618],[128.910067,35.075588],[128.910116,35.075604],[128.910153,35.075628],[128.910184,35.075581],[128.910229,35.075631],[128.910293,35.075636],[128.91031,35.075701],[128.910426,35.075782],[128.910511,35.075891],[128.910574,35.075952],[128.910659,35.075969],[128.910668,35.075989],[128.910633,35.076002],[128.91064,35.076093],[128.910749,35.076178],[128.911243,35.076302],[128.911251,35.076337],[128.911399,35.076383],[128.911445,35.076313],[128.911508,35.076327],[128.911658,35.07646],[128.91172,35.076467],[128.911761,35.076401],[128.911901,35.076372],[128.912389,35.07651],[128.912508,35.07651],[128.913005,35.076714],[128.913203,35.076711],[128.91331,35.076765],[128.913466,35.076798],[128.913773,35.076955],[128.91392,35.076987],[128.914063,35.076986],[128.914225,35.077064],[128.914661,35.077194],[128.915101,35.077091],[128.915207,35.077105],[128.915235,35.077037],[128.915021,35.077027],[128.91486,35.076988],[128.914735,35.076927],[128.914663,35.076867],[128.914569,35.076629],[128.914006,35.076459],[128.913554,35.076285],[128.912125,35.075875],[128.911507,35.075608],[128.911022,35.075342],[128.910801,35.075241],[128.910386,35.074878],[128.909193,35.074416],[128.908839,35.074282]]],[[[128.921027,35.078898],[128.92109,35.078727],[128.920992,35.078645],[128.921032,35.078502],[128.920916,35.078351],[128.920743,35.078199],[128.920576,35.0782],[128.920384,35.078057],[128.920074,35.078083],[128.919799,35.078156],[128.919641,35.078268],[128.919576,35.07823],[128.91944,35.07828],[128.919466,35.078364],[128.919542,35.078405],[128.919592,35.078542],[128.919305,35.078588],[128.919113,35.078723],[128.919029,35.078925],[128.919062,35.079035],[128.919216,35.079175],[128.919457,35.079287],[128.919706,35.079213],[128.919817,35.079167],[128.919941,35.07922],[128.919922,35.079506],[128.920055,35.079685],[128.920308,35.079609],[128.920394,35.079565],[128.920447,35.079596],[128.920695,35.079533],[128.920869,35.079316],[128.920881,35.079198],[128.920841,35.07908],[128.920885,35.079008],[128.921027,35.078898]]],[[[128.914637,35.087001],[128.914645,35.087115],[128.914734,35.087231],[128.914897,35.087304],[128.915055,35.087286],[128.915232,35.087209],[128.915216,35.087088],[128.915235,35.086974],[128.915052,35.086935],[128.914986,35.086897],[128.9148,35.086922],[128.914637,35.087001]]],[[[128.918256,35.08917],[128.91831,35.089247],[128.918418,35.089315],[128.918656,35.089395],[128.919021,35.089403],[128.919546,35.089406],[128.920457,35.089342],[128.920578,35.089276],[128.92064,35.089237],[128.920645,35.089177],[128.920611,35.089132],[128.920562,35.089102],[128.92047,35.089086],[128.92015,35.08896],[128.919906,35.088753],[128.919826,35.088673],[128.919605,35.088588],[128.919604,35.088513],[128.919645,35.088447],[128.919687,35.088381],[128.919538,35.08808],[128.919324,35.087978],[128.919169,35.087971],[128.91903,35.088052],[128.918611,35.088091],[128.918476,35.088125],[128.918479,35.088017],[128.918292,35.087775],[128.918107,35.087702],[128.917869,35.087726],[128.917681,35.087799],[128.917599,35.087959],[128.917614,35.088226],[128.917403,35.088419],[128.917052,35.088458],[128.916915,35.08864],[128.916951,35.088814],[128.917326,35.089003],[128.917701,35.08903],[128.917789,35.08915],[128.917964,35.089216],[128.91812,35.089237],[128.918256,35.08917]]]]}},{"type":"Feature","properties":{"role":"district","name":"금정구","nameEn":"Geumjeong-gu","adminLevel":6,"osmRelation":4064527,"areaKm2":66.67,"areaKm2BeforeSeaClip":66.67,"polygonCount":1,"pointCount":383},"geometry":{"type":"MultiPolygon","coordinates":[[[[129.03672,35.260953],[129.037942,35.262416],[129.039356,35.262912],[129.039882,35.262912],[129.041437,35.263413],[129.041918,35.263855],[129.042162,35.26452],[129.04234,35.266086],[129.042444,35.268383],[129.043125,35.269151],[129.043525,35.269894],[129.044628,35.270874],[129.045828,35.271412],[129.046235,35.272095],[129.046324,35.273032],[129.047479,35.274483],[129.04067,35.275443],[129.04185,35.275689],[129.043587,35.275566],[129.04518,35.275968],[129.045897,35.276404],[129.046514,35.276543],[129.04671,35.276934],[129.047552,35.276727],[129.047936,35.276983],[129.048367,35.277009],[129.048609,35.277136],[129.048831,35.277413],[129.048819,35.278161],[129.048917,35.278574],[129.049301,35.27878],[129.049733,35.278847],[129.049984,35.279033],[129.049956,35.279719],[129.05,35.279969],[129.050305,35.280355],[129.050751,35.280462],[129.051016,35.280531],[129.051243,35.280681],[129.051161,35.280911],[129.050813,35.281414],[129.050482,35.281675],[129.050473,35.282601],[129.050624,35.283354],[129.050602,35.28386],[129.050537,35.284231],[129.050631,35.284394],[129.050864,35.285073],[129.051317,35.286443],[129.051726,35.287268],[129.052211,35.287946],[129.052421,35.288369],[129.052411,35.288681],[129.052498,35.289224],[129.052644,35.289281],[129.053498,35.289614],[129.054161,35.289509],[129.05455,35.289741],[129.054967,35.290281],[129.055254,35.290695],[129.055528,35.290989],[129.056398,35.291136],[129.056617,35.291367],[129.056756,35.292029],[129.056972,35.292487],[129.057085,35.292637],[129.057391,35.293042],[129.057768,35.293508],[129.058245,35.293816],[129.058509,35.293876],[129.058817,35.294421],[129.058999,35.294958],[129.059262,35.295245],[129.059846,35.295331],[129.060044,35.295416],[129.060192,35.295597],[129.061528,35.295441],[129.063802,35.294916],[129.065326,35.294881],[129.066527,35.29446],[129.067407,35.293742],[129.069188,35.294688],[129.070279,35.295277],[129.070431,35.294709],[129.071591,35.293777],[129.072514,35.292744],[129.0729,35.292201],[129.074638,35.291518],[129.075604,35.291483],[129.077385,35.293304],[129.079613,35.295705],[129.080947,35.297087],[129.083883,35.29877],[129.085088,35.300047],[129.086097,35.30115],[129.087556,35.302586],[129.091804,35.303672],[129.092834,35.303584],[129.096718,35.303742],[129.098306,35.30432],[129.101203,35.305441],[129.103713,35.306544],[129.104314,35.306702],[129.106178,35.306492],[129.106779,35.306125],[129.109589,35.305512],[129.10929,35.304789],[129.112223,35.303743],[129.114457,35.303349],[129.11532,35.302873],[129.116104,35.302075],[129.116463,35.301914],[129.119802,35.301878],[129.121678,35.302068],[129.122701,35.301489],[129.122656,35.301079],[129.123051,35.300354],[129.123365,35.300105],[129.123715,35.30001],[129.124406,35.300112],[129.125843,35.29987],[129.126659,35.299607],[129.127234,35.299219],[129.127503,35.298596],[129.127835,35.298449],[129.128796,35.298303],[129.129491,35.298292],[129.130995,35.298028],[129.131286,35.297651],[129.131686,35.297497],[129.132445,35.294106],[129.13266,35.291344],[129.13004,35.289505],[129.128505,35.288011],[129.127804,35.28637],[129.125965,35.281783],[129.12513,35.280391],[129.124941,35.279688],[129.125094,35.278999],[129.126377,35.277885],[129.126575,35.277277],[129.126072,35.276779],[129.125309,35.27532],[129.124448,35.272998],[129.123389,35.271686],[129.121845,35.269487],[129.1211,35.268183],[129.121046,35.267597],[129.122096,35.265523],[129.120543,35.264182],[129.120157,35.263471],[129.120427,35.260488],[129.121575,35.261257],[129.123128,35.26169],[129.124663,35.261983],[129.125489,35.261968],[129.125812,35.261924],[129.126297,35.261946],[129.127464,35.261177],[129.128639,35.260686],[129.12977,35.260341],[129.130381,35.2604],[129.130542,35.260158],[129.130865,35.260055],[129.131538,35.260407],[129.132274,35.260246],[129.133334,35.259946],[129.133926,35.260143],[129.134895,35.259711],[129.135757,35.25999],[129.13669,35.25985],[129.138207,35.259711],[129.139688,35.260312],[129.141071,35.260568],[129.140828,35.259],[129.140245,35.257439],[129.139527,35.256046],[129.139374,35.254177],[129.141861,35.252367],[129.145424,35.250307],[129.143799,35.248604],[129.143836,35.247103],[129.141628,35.24469],[129.141586,35.242596],[129.14015,35.24113],[129.139252,35.239693],[129.135399,35.236749],[129.133328,35.233799],[129.131233,35.23087],[129.126733,35.227818],[129.12448,35.227656],[129.121941,35.226785],[129.120691,35.22595],[129.119707,35.225292],[129.118235,35.223716],[129.117905,35.222783],[129.117448,35.220646],[129.117495,35.220395],[129.11772,35.219217],[129.117752,35.219049],[129.117904,35.218625],[129.117965,35.218453],[129.119274,35.214768],[129.119871,35.213109],[129.118818,35.212929],[129.118465,35.213263],[129.118261,35.213457],[129.117767,35.213757],[129.117408,35.213499],[129.116711,35.213003],[129.113537,35.212517],[129.11185,35.211832],[129.11107,35.211239],[129.110407,35.210735],[129.110199,35.210056],[129.109463,35.210091],[129.108108,35.210281],[129.107411,35.210749],[129.106373,35.209604],[129.105118,35.210377],[129.104708,35.210133],[129.104163,35.209953],[129.104029,35.210122],[129.103954,35.21037],[129.103728,35.210335],[129.103587,35.210457],[129.103464,35.210508],[129.103071,35.210478],[129.10269,35.210534],[129.102206,35.210667],[129.101905,35.210838],[129.102091,35.210995],[129.101954,35.211096],[129.102011,35.211155],[129.101939,35.211185],[129.10206,35.212077],[129.1004,35.212679],[129.099999,35.21278],[129.100007,35.213234],[129.099941,35.213356],[129.099755,35.213433],[129.098841,35.213414],[129.097743,35.213904],[129.095794,35.214541],[129.094788,35.214937],[129.093564,35.215419],[129.092846,35.215788],[129.092601,35.215913],[129.091956,35.216555],[129.090491,35.217009],[129.089855,35.217129],[129.089224,35.217386],[129.08829,35.217719],[129.088055,35.217264],[129.087851,35.217435],[129.087593,35.217594],[129.087493,35.217747],[129.087393,35.217878],[129.087355,35.217883],[129.087074,35.217925],[129.086318,35.217358],[129.086209,35.217492],[129.085484,35.217779],[129.085164,35.217871],[129.084691,35.218007],[129.085016,35.218421],[129.085333,35.218803],[129.085712,35.219307],[129.086126,35.220019],[129.086244,35.220259],[129.086516,35.220731],[129.087048,35.221694],[129.086604,35.221845],[129.085311,35.222164],[129.085159,35.221794],[129.084729,35.222241],[129.084427,35.222506],[129.083294,35.223339],[129.082569,35.223842],[129.082117,35.224225],[129.08192,35.22441],[129.081653,35.223715],[129.081638,35.223675],[129.08157,35.223489],[129.081082,35.222164],[129.081071,35.222117],[129.080771,35.222259],[129.080374,35.222483],[129.080052,35.222617],[129.07995,35.222707],[129.079892,35.222806],[129.07977,35.222849],[129.079537,35.222867],[129.079435,35.222894],[129.079259,35.223028],[129.079062,35.223286],[129.078876,35.223409],[129.078627,35.223566],[129.078487,35.223625],[129.078406,35.223753],[129.078343,35.223892],[129.078341,35.224117],[129.07826,35.224215],[129.078084,35.224337],[129.077804,35.22497],[129.076761,35.225533],[129.075362,35.225786],[129.07433,35.225749],[129.072721,35.225355],[129.072509,35.225282],[129.072333,35.225219],[129.071909,35.225283],[129.071313,35.225265],[129.070065,35.225233],[129.06807,35.225346],[129.06635,35.225702],[129.065514,35.225664],[129.064292,35.225364],[129.063134,35.225276],[129.061094,35.225482],[129.06017,35.225884],[129.060008,35.226465],[129.059423,35.226652],[129.059149,35.226912],[129.059156,35.227947],[129.059652,35.228939],[129.059592,35.229569],[129.057083,35.228267],[129.056875,35.227765],[129.05649,35.227789],[129.055987,35.227898],[129.054773,35.227771],[129.04916,35.227868],[129.046731,35.229568],[129.04525,35.229925],[129.046006,35.231418],[129.046205,35.232011],[129.045828,35.232918],[129.045731,35.233457],[129.046398,35.234455],[129.047398,35.235616],[129.047945,35.237297],[129.048656,35.238162],[129.04993,35.23899],[129.050759,35.240109],[129.050937,35.241113],[129.05033,35.242153],[129.0503,35.242988],[129.050026,35.243961],[129.049723,35.244312],[129.04973,35.244863],[129.049182,35.24534],[129.04853,35.245975],[129.047316,35.246308],[129.046131,35.246556],[129.045665,35.246925],[129.045583,35.247408],[129.045613,35.24782],[129.046302,35.24837],[129.046198,35.248733],[129.045583,35.249089],[129.045465,35.249664],[129.045479,35.251385],[129.04548,35.252186],[129.045535,35.252258],[129.046909,35.254078],[129.048523,35.255094],[129.047938,35.255813],[129.047716,35.256775],[129.047124,35.257023],[129.045576,35.257101],[129.043688,35.257694],[129.042851,35.257398],[129.042296,35.257519],[129.041126,35.258655],[129.040178,35.259133],[129.039304,35.259024],[129.038942,35.259072],[129.038631,35.259363],[129.037779,35.259629],[129.036868,35.259919],[129.036661,35.260197],[129.03672,35.260953]]]]}},{"type":"Feature","properties":{"role":"district","name":"해운대구","nameEn":"Haeundae-gu","adminLevel":6,"osmRelation":4062934,"areaKm2":51.5,"areaKm2BeforeSeaClip":112.07,"polygonCount":4,"pointCount":648},"geometry":{"type":"MultiPolygon","coordinates":[[[[129.114102,35.194675],[129.114568,35.196878],[129.115146,35.198973],[129.115544,35.19987],[129.115696,35.200091],[129.116447,35.201161],[129.115513,35.201478],[129.115343,35.201519],[129.113821,35.201563],[129.113779,35.201956],[129.113551,35.202298],[129.110846,35.203895],[129.110368,35.204567],[129.110249,35.204736],[129.110232,35.207156],[129.110141,35.207569],[129.109959,35.209271],[129.110199,35.210056],[129.110407,35.210735],[129.11107,35.211239],[129.11185,35.211832],[129.113537,35.212517],[129.116711,35.213003],[129.117408,35.213499],[129.117767,35.213757],[129.118261,35.213457],[129.118465,35.213263],[129.118818,35.212929],[129.119871,35.213109],[129.119274,35.214768],[129.117965,35.218453],[129.117904,35.218625],[129.117752,35.219049],[129.11772,35.219217],[129.117495,35.220395],[129.117448,35.220646],[129.117905,35.222783],[129.118235,35.223716],[129.119707,35.225292],[129.120691,35.22595],[129.121941,35.226785],[129.12448,35.227656],[129.126733,35.227818],[129.131233,35.23087],[129.133328,35.233799],[129.135399,35.236749],[129.139252,35.239693],[129.14015,35.24113],[129.141586,35.242596],[129.141628,35.24469],[129.143836,35.247103],[129.143799,35.248604],[129.145424,35.250307],[129.148126,35.246987],[129.150145,35.247676],[129.151985,35.247632],[129.152976,35.246751],[129.155122,35.244625],[129.156391,35.242677],[129.15712,35.241322],[129.157267,35.241049],[129.156461,35.23986],[129.155515,35.238467],[129.155509,35.238213],[129.155495,35.237582],[129.155452,35.235689],[129.158998,35.235674],[129.160402,35.235668],[129.162789,35.233636],[129.164787,35.231856],[129.166178,35.230722],[129.167191,35.229959],[129.167528,35.229704],[129.169148,35.228483],[129.169195,35.228148],[129.169389,35.226741],[129.168831,35.224511],[129.168736,35.224366],[129.167647,35.222694],[129.167346,35.22223],[129.16647,35.220281],[129.166317,35.218601],[129.165626,35.215931],[129.165416,35.21523],[129.165007,35.214829],[129.164071,35.213913],[129.162433,35.212783],[129.158219,35.209339],[129.156658,35.207732],[129.157508,35.205616],[129.160187,35.204486],[129.162941,35.20433],[129.167079,35.202764],[129.169986,35.201208],[129.17519,35.200285],[129.182096,35.197826],[129.185439,35.1974],[129.186614,35.195625],[129.186193,35.19429],[129.184128,35.190967],[129.184101,35.189859],[129.184505,35.189258],[129.186695,35.188796],[129.189549,35.188979],[129.191398,35.189955],[129.194078,35.195257],[129.194586,35.197207],[129.196236,35.198763],[129.198394,35.199531],[129.199356,35.199887],[129.200177,35.199519],[129.201277,35.198806],[129.20226,35.198305],[129.202679,35.198144],[129.202953,35.198116],[129.203218,35.198136],[129.203588,35.198212],[129.203761,35.198207],[129.203957,35.198168],[129.204142,35.198084],[129.204714,35.197813],[129.205018,35.197688],[129.205664,35.197438],[129.206074,35.197267],[129.207041,35.196819],[129.20685,35.195838],[129.207443,35.194613],[129.207227,35.193762],[129.206384,35.191657],[129.206258,35.191144],[129.206671,35.190388],[129.206832,35.189801],[129.20685,35.188613],[129.206761,35.188246],[129.206177,35.187689],[129.205396,35.18642],[129.205378,35.185737],[129.205998,35.182524],[129.206285,35.182025],[129.206753,35.18161],[129.2065,35.181531],[129.206829,35.18114],[129.207034,35.180944],[129.207144,35.180981],[129.20727,35.180908],[129.207195,35.180809],[129.20704,35.180843],[129.206805,35.180953],[129.20648,35.181353],[129.206278,35.181244],[129.205901,35.180664],[129.205931,35.180486],[129.206579,35.179943],[129.207106,35.180159],[129.207277,35.180315],[129.20746,35.180592],[129.207696,35.180535],[129.207404,35.179997],[129.206411,35.179662],[129.206348,35.17928],[129.206367,35.179145],[129.206501,35.179061],[129.206581,35.178854],[129.206444,35.178761],[129.206308,35.17876],[129.2062,35.178863],[129.206075,35.17859],[129.205948,35.178533],[129.205895,35.178629],[129.205927,35.178734],[129.206036,35.178819],[129.205979,35.178842],[129.205848,35.178769],[129.205751,35.178853],[129.205825,35.178992],[129.205718,35.179083],[129.205575,35.179118],[129.205478,35.179075],[129.205355,35.179087],[129.205185,35.179198],[129.205053,35.179129],[129.204975,35.179242],[129.204929,35.179443],[129.205104,35.17951],[129.205016,35.179725],[129.204998,35.180016],[129.20468,35.180208],[129.204201,35.180347],[129.203705,35.180344],[129.203105,35.180311],[129.202522,35.180152],[129.201527,35.179812],[129.200498,35.179187],[129.199909,35.178706],[129.199149,35.177847],[129.19856,35.17704],[129.197591,35.175166],[129.197803,35.174657],[129.198096,35.174647],[129.198096,35.174091],[129.198267,35.174088],[129.198277,35.174019],[129.197944,35.174015],[129.198049,35.173379],[129.198106,35.173159],[129.198146,35.172931],[129.198258,35.172824],[129.198057,35.172504],[129.197926,35.172458],[129.197921,35.172399],[129.19803,35.172295],[129.198036,35.171778],[129.19806,35.17134],[129.198023,35.171184],[129.197819,35.170954],[129.197658,35.170537],[129.197506,35.169955],[129.197446,35.169761],[129.197688,35.169703],[129.197742,35.169749],[129.197995,35.169681],[129.198205,35.169646],[129.198306,35.169566],[129.198336,35.169444],[129.198139,35.169432],[129.198133,35.169471],[129.198,35.169472],[129.197932,35.169603],[129.19782,35.169591],[129.197432,35.169636],[129.197397,35.169504],[129.197367,35.16917],[129.197776,35.169281],[129.198173,35.169236],[129.198295,35.169223],[129.198295,35.169035],[129.197819,35.169156],[129.197576,35.168822],[129.197486,35.168768],[129.197387,35.168774],[129.19729,35.168498],[129.19749,35.16845],[129.197465,35.168369],[129.197322,35.168198],[129.197239,35.168198],[129.197159,35.168007],[129.196985,35.167611],[129.196821,35.167198],[129.196829,35.166893],[129.196765,35.166608],[129.196926,35.166417],[129.197038,35.166316],[129.196923,35.16608],[129.196875,35.165643],[129.196794,35.164883],[129.196471,35.164287],[129.196446,35.164087],[129.1963,35.163788],[129.1961,35.163584],[129.195728,35.16326],[129.1956,35.163148],[129.195626,35.162937],[129.195299,35.162822],[129.194953,35.162546],[129.194552,35.162361],[129.194436,35.162299],[129.19441,35.162089],[129.194359,35.161962],[129.194289,35.161786],[129.194216,35.161238],[129.19409,35.161133],[129.193956,35.160975],[129.193822,35.160856],[129.193675,35.160701],[129.193457,35.160611],[129.193253,35.160521],[129.193001,35.160446],[129.192843,35.16035],[129.192665,35.160222],[129.192441,35.160035],[129.192265,35.160139],[129.191881,35.160417],[129.190147,35.159935],[129.189856,35.159872],[129.188892,35.159813],[129.188015,35.159784],[129.187608,35.159701],[129.186669,35.159295],[129.186151,35.159058],[129.185979,35.158832],[129.1854,35.158203],[129.184984,35.157547],[129.184853,35.157289],[129.184745,35.157109],[129.184526,35.156624],[129.184275,35.156405],[129.183862,35.156077],[129.183549,35.15583],[129.18326,35.155659],[129.182881,35.15554],[129.182451,35.155279],[129.18202,35.155051],[129.181664,35.154925],[129.18142,35.154841],[129.181366,35.154865],[129.181184,35.154863],[129.18087,35.154775],[129.180537,35.154819],[129.18039,35.154859],[129.180298,35.154861],[129.180019,35.154808],[129.179711,35.15495],[129.179217,35.155017],[129.178533,35.154995],[129.177887,35.154955],[129.177638,35.155069],[129.17752,35.155096],[129.177477,35.155091],[129.177316,35.15505],[129.176801,35.155382],[129.176626,35.155607],[129.176541,35.155648],[129.175942,35.155901],[129.175535,35.156056],[129.173923,35.156598],[129.173404,35.156907],[129.172794,35.157391],[129.172147,35.157551],[129.171845,35.157537],[129.171615,35.157639],[129.171034,35.157507],[129.170991,35.157616],[129.170947,35.157726],[129.171354,35.157799],[129.171633,35.157865],[129.171978,35.15787],[129.17197,35.157947],[129.171712,35.158226],[129.171657,35.158189],[129.171558,35.158293],[129.171317,35.158125],[129.171111,35.158073],[129.170737,35.158394],[129.170629,35.158304],[129.170556,35.158364],[129.170485,35.158421],[129.170615,35.158515],[129.17017,35.158897],[129.169986,35.158966],[129.169861,35.158911],[129.169012,35.158298],[129.16892,35.158375],[129.169222,35.158628],[129.16904,35.158792],[129.168531,35.158904],[129.167785,35.158897],[129.16639,35.158878],[129.165338,35.158731],[129.163137,35.158519],[129.161084,35.158102],[129.159004,35.157602],[129.157119,35.156971],[129.155799,35.156424],[129.154904,35.155879],[129.154773,35.155678],[129.154702,35.155501],[129.154718,35.155161],[129.154645,35.154936],[129.154524,35.154787],[129.154347,35.154637],[129.154156,35.154555],[129.154112,35.154519],[129.154037,35.154472],[129.153965,35.154418],[129.153904,35.154376],[129.153748,35.154245],[129.153612,35.154098],[129.153521,35.154024],[129.153511,35.153961],[129.153521,35.153901],[129.153546,35.15385],[129.153606,35.153759],[129.153549,35.153663],[129.153445,35.153561],[129.153399,35.153429],[129.153339,35.153291],[129.153285,35.153171],[129.153222,35.153122],[129.153176,35.153024],[129.153203,35.152971],[129.153257,35.152911],[129.15332,35.152831],[129.153298,35.152748],[129.153252,35.152601],[129.153195,35.152555],[129.153088,35.15251],[129.152955,35.152443],[129.152961,35.152383],[129.152996,35.152361],[129.153034,35.152272],[129.152993,35.152198],[129.152955,35.152111],[129.152884,35.151991],[129.152805,35.151878],[129.152737,35.151846],[129.152588,35.151826],[129.152495,35.151815],[129.152394,35.151813],[129.152299,35.151822],[129.152182,35.151889],[129.152152,35.151951],[129.152116,35.152027],[129.152046,35.152062],[129.151879,35.15198],[129.151741,35.151866],[129.151627,35.151803],[129.151275,35.151952],[129.150852,35.15194],[129.150548,35.151844],[129.150231,35.152024],[129.150032,35.152338],[129.150034,35.152712],[129.149922,35.152868],[129.15009,35.152984],[129.150404,35.153573],[129.150396,35.153973],[129.150236,35.154337],[129.149977,35.15435],[129.149883,35.154399],[129.14988,35.154657],[129.150447,35.154698],[129.150466,35.154934],[129.150624,35.154916],[129.15097,35.156084],[129.151059,35.156067],[129.151166,35.156485],[129.151186,35.156562],[129.151491,35.156734],[129.151511,35.156709],[129.151629,35.15676],[129.152645,35.157341],[129.152805,35.157432],[129.153457,35.157802],[129.153373,35.157895],[129.153252,35.158029],[129.15264,35.157684],[129.151319,35.157323],[129.151334,35.157274],[129.150516,35.157061],[129.150564,35.156936],[129.15048,35.156919],[129.150427,35.156982],[129.150274,35.156948],[129.150237,35.157],[129.149178,35.156752],[129.148733,35.156593],[129.148777,35.156504],[129.148537,35.156393],[129.14846,35.156479],[129.14804,35.156224],[129.147689,35.155819],[129.147436,35.154575],[129.147549,35.154334],[129.147908,35.154469],[129.147948,35.154462],[129.147974,35.15444],[129.148006,35.154398],[129.148009,35.154362],[129.14799,35.154334],[129.147408,35.154104],[129.147323,35.153801],[129.147233,35.153656],[129.147104,35.153534],[129.146962,35.153456],[129.146774,35.153395],[129.146548,35.153365],[129.14633,35.153371],[129.142414,35.154497],[129.142245,35.15457],[129.142079,35.154657],[129.141897,35.15478],[129.141735,35.154922],[129.141565,35.155096],[129.14141,35.155298],[129.141301,35.155506],[129.141196,35.155732],[129.141059,35.156113],[129.140844,35.156562],[129.140562,35.157028],[129.140086,35.157445],[129.139355,35.157418],[129.139277,35.157454],[129.139284,35.157524],[129.139325,35.157569],[129.140175,35.157612],[129.140687,35.157174],[129.142014,35.158196],[129.142045,35.158574],[129.141787,35.1588],[129.141447,35.159097],[129.141114,35.159388],[129.140758,35.159699],[129.140378,35.159711],[129.140342,35.159738],[129.140262,35.15974],[129.140175,35.159805],[129.140183,35.159878],[129.140151,35.159905],[129.140164,35.160199],[129.140165,35.160218],[129.139875,35.160471],[129.139575,35.160731],[129.139271,35.160996],[129.138877,35.161339],[129.138414,35.161349],[129.137067,35.160316],[129.138292,35.159249],[129.138306,35.159032],[129.13824,35.158962],[129.138145,35.158965],[129.13807,35.15903],[129.138036,35.159269],[129.135855,35.161127],[129.13532,35.161583],[129.134923,35.161512],[129.134874,35.161552],[129.134884,35.161604],[129.135249,35.16167],[129.13518,35.161713],[129.135171,35.161757],[129.135223,35.161765],[129.135747,35.161444],[129.136557,35.162045],[129.135805,35.162704],[129.134385,35.162292],[129.134853,35.161996],[129.134843,35.161951],[129.134794,35.161943],[129.134676,35.162006],[129.134647,35.161911],[129.134609,35.161891],[129.134587,35.161915],[129.134618,35.162054],[129.132982,35.163153],[129.132815,35.163267],[129.132755,35.163223],[129.13264,35.163235],[129.127683,35.166128],[129.127621,35.166189],[129.127218,35.166645],[129.127204,35.166658],[129.126673,35.167616],[129.126332,35.168232],[129.126168,35.168393],[129.126117,35.168471],[129.125772,35.169022],[129.125581,35.169405],[129.124996,35.170319],[129.12447,35.171139],[129.123893,35.172106],[129.122845,35.173919],[129.121454,35.175104],[129.121124,35.175208],[129.120871,35.175462],[129.120719,35.175658],[129.120563,35.175887],[129.120389,35.176283],[129.120155,35.176922],[129.120072,35.177231],[129.119857,35.178136],[129.119734,35.178754],[129.119554,35.179519],[129.119421,35.180134],[129.119435,35.180205],[129.119443,35.180225],[129.119457,35.180238],[129.119554,35.180285],[129.119563,35.180292],[129.119566,35.180302],[129.119542,35.180402],[129.119533,35.180412],[129.119516,35.180415],[129.119487,35.180405],[129.119462,35.180391],[129.119431,35.180373],[129.119373,35.180352],[129.119358,35.180352],[129.119342,35.180358],[129.119321,35.180373],[129.119273,35.180436],[129.119242,35.180514],[129.119203,35.180614],[129.11893,35.181681],[129.118809,35.182038],[129.117942,35.184057],[129.117636,35.185011],[129.117088,35.186279],[129.116845,35.186783],[129.11646,35.18775],[129.115795,35.189576],[129.115708,35.189837],[129.115236,35.191268],[129.114852,35.192459],[129.11464,35.193114],[129.114612,35.193313],[129.11458,35.19373],[129.114569,35.193885],[129.114076,35.193999],[129.114102,35.194675]]],[[[129.117369,35.181888],[129.116325,35.184256],[129.115893,35.185223],[129.115142,35.187022],[129.114879,35.187957],[129.11495,35.188472],[129.115124,35.188378],[129.115206,35.188133],[129.11558,35.186678],[129.116254,35.185007],[129.116543,35.18429],[129.116578,35.18421],[129.116693,35.183953],[129.116968,35.183338],[129.117571,35.181986],[129.117623,35.181792],[129.11777,35.18125],[129.117369,35.181888]]],[[[129.139697,35.15792],[129.139576,35.157907],[129.138957,35.158457],[129.138034,35.158432],[129.137973,35.158493],[129.137971,35.158573],[129.13807,35.158647],[129.138347,35.158656],[129.138347,35.158617],[129.138991,35.158661],[129.139451,35.15826],[129.139531,35.15831],[129.139788,35.158054],[129.139754,35.15797],[129.139697,35.15792]]],[[[129.217499,35.169208],[129.217451,35.169193],[129.217394,35.169222],[129.217396,35.169267],[129.217502,35.169247],[129.217499,35.169208]]]]}},{"type":"Feature","properties":{"role":"district","name":"사하구","nameEn":"Saha-gu","adminLevel":6,"osmRelation":4055199,"areaKm2":41.42,"areaKm2BeforeSeaClip":371.93,"polygonCount":37,"pointCount":3007},"geometry":{"type":"MultiPolygon","coordinates":[[[[128.9365,35.109881],[128.937866,35.111326],[128.947514,35.121524],[128.955942,35.126009],[128.957586,35.126734],[128.956367,35.121308],[128.956057,35.119801],[128.960971,35.118983],[128.96122,35.119167],[128.96254,35.119855],[128.963416,35.119907],[128.964415,35.12124],[128.966187,35.120724],[128.967105,35.120558],[128.967829,35.120638],[128.968679,35.120769],[128.970118,35.119762],[128.971886,35.118862],[128.972809,35.117769],[128.973409,35.117623],[128.974518,35.117513],[128.975093,35.116973],[128.975463,35.116866],[128.975982,35.116717],[128.97968,35.116827],[128.981135,35.117962],[128.981871,35.119548],[128.98292,35.120018],[128.983631,35.120821],[128.984333,35.121589],[128.985696,35.122205],[128.986669,35.123202],[128.987287,35.124489],[128.988666,35.123721],[128.991374,35.123354],[128.993337,35.123001],[128.994961,35.122911],[128.996628,35.123126],[128.998972,35.122309],[128.999339,35.122616],[128.999485,35.12182],[129.00016,35.120924],[129.000343,35.120491],[129.000409,35.119984],[129.000312,35.119541],[129.000081,35.119044],[129.000081,35.118546],[129.000488,35.118024],[129.000659,35.117009],[129.00103,35.116203],[129.000957,35.114885],[129.001115,35.114681],[129.002903,35.114397],[129.003657,35.113706],[129.00356,35.112935],[129.003213,35.111442],[129.003785,35.110492],[129.004685,35.109925],[129.005755,35.109666],[129.00654,35.109492],[129.009745,35.10676],[129.01022,35.106178],[129.010305,35.105696],[129.009696,35.104601],[129.009563,35.104472],[129.009259,35.104347],[129.009119,35.10384],[129.008839,35.103228],[129.008194,35.102775],[129.007671,35.102213],[129.007367,35.101824],[129.007191,35.101133],[129.007282,35.099998],[129.007191,35.099655],[129.007939,35.099735],[129.009867,35.09962],[129.010159,35.099426],[129.010737,35.097844],[129.011187,35.096958],[129.011515,35.09662],[129.012555,35.096097],[129.012902,35.095729],[129.013425,35.095057],[129.013644,35.09444],[129.013721,35.094346],[129.014215,35.093744],[129.014373,35.093176],[129.014373,35.092738],[129.014246,35.091768],[129.014319,35.091176],[129.013948,35.090643],[129.013802,35.09035],[129.013826,35.089996],[129.014124,35.089349],[129.013406,35.088274],[129.012822,35.08707],[129.012292,35.085204],[129.012185,35.084652],[129.012055,35.084216],[129.011875,35.084199],[129.011705,35.08393],[129.01155,35.083891],[129.010769,35.083012],[129.011133,35.082611],[129.01159,35.082407],[129.011687,35.082295],[129.011699,35.082146],[129.011687,35.081862],[129.011614,35.081121],[129.01165,35.080693],[129.011504,35.080093],[129.011751,35.080048],[129.012166,35.080019],[129.012048,35.079434],[129.011166,35.078581],[129.010942,35.078109],[129.01077,35.076856],[129.01022,35.076965],[129.009824,35.077137],[129.00917,35.077627],[129.008775,35.078091],[129.008469,35.07863],[129.008224,35.079006],[129.00776,35.079485],[129.005644,35.079953],[129.005394,35.079935],[129.004225,35.079852],[129.004009,35.081364],[129.005198,35.084459],[129.004814,35.084779],[129.004702,35.084917],[129.004555,35.085073],[129.00434,35.085231],[129.004189,35.085497],[129.004047,35.085509],[129.003842,35.086033],[129.003726,35.086124],[129.00359,35.086175],[129.003198,35.086182],[129.003051,35.086238],[129.002691,35.086157],[129.002593,35.08617],[129.002496,35.086232],[129.002113,35.086158],[129.002212,35.0859],[129.002186,35.085883],[129.002232,35.085721],[129.002292,35.085564],[129.002322,35.085568],[129.002616,35.084706],[129.002605,35.084695],[129.00256,35.084685],[129.002539,35.084641],[129.00252,35.08462],[129.002475,35.084616],[129.001501,35.084847],[129.001196,35.084864],[129.000856,35.084759],[129.000851,35.084712],[129.0009,35.084649],[129.000905,35.084568],[129.00086,35.084508],[129.001095,35.083882],[128.999054,35.083317],[128.999663,35.081673],[129.001682,35.081233],[129.001657,35.08111],[129.001684,35.080916],[129.001618,35.08074],[129.001542,35.080594],[129.001447,35.080462],[129.001217,35.079831],[128.998272,35.08047],[128.997314,35.083036],[128.996575,35.083185],[128.993059,35.08389],[128.992634,35.080091],[128.99295,35.079488],[128.992887,35.079414],[128.993058,35.079072],[128.99319,35.079052],[128.994932,35.075771],[128.994983,35.074578],[128.994625,35.07436],[128.994621,35.074546],[128.993701,35.073814],[128.993697,35.073759],[128.993695,35.073547],[128.993697,35.073442],[128.993517,35.073424],[128.993527,35.073211],[128.993703,35.073223],[128.993714,35.072643],[128.994068,35.072661],[128.994078,35.072544],[128.993555,35.072508],[128.993573,35.072251],[128.994055,35.072287],[128.994256,35.072151],[128.994338,35.07138],[128.995303,35.071395],[128.995322,35.063358],[128.997656,35.057402],[128.998228,35.057533],[128.99842,35.057063],[128.9983,35.057025],[128.998376,35.056823],[128.998458,35.056847],[128.998509,35.056725],[128.998354,35.056683],[128.998386,35.056613],[128.998535,35.056655],[128.998575,35.056572],[128.998367,35.056513],[128.998592,35.056008],[128.998677,35.056025],[128.998888,35.055403],[128.998707,35.055346],[128.998833,35.055022],[128.999028,35.055077],[128.99913,35.05503],[128.999202,35.054971],[128.999242,35.054882],[128.99921,35.054876],[128.999407,35.054384],[128.999335,35.054333],[129.000277,35.051827],[129.000487,35.051329],[129.000517,35.051254],[129.000677,35.050912],[129.000505,35.050888],[129.000708,35.050458],[129.000974,35.050532],[129.001212,35.049837],[129.001118,35.049803],[129.00136,35.049097],[129.000959,35.048982],[129.001235,35.048218],[129.006872,35.049202],[129.00694,35.048984],[129.001415,35.048019],[129.00126,35.047885],[129.000169,35.047712],[129.000518,35.04711],[129.000441,35.046834],[129.000161,35.046661],[128.999761,35.046698],[128.99941,35.046842],[128.999275,35.046898],[128.998824,35.046674],[128.99842,35.046471],[128.998412,35.046146],[128.99848,35.04581],[128.99848,35.0453],[128.99879,35.04504],[128.998899,35.044751],[128.998652,35.044429],[128.998155,35.044418],[128.997957,35.044679],[128.997504,35.044551],[128.997001,35.044714],[128.996882,35.04451],[128.996647,35.04427],[128.996047,35.044504],[128.99598,35.04478],[128.995888,35.04505],[128.995529,35.045248],[128.995012,35.045683],[128.994573,35.045127],[128.994138,35.045321],[128.993892,35.045397],[128.993636,35.045243],[128.993118,35.045174],[128.992471,35.045387],[128.992433,35.04569],[128.992392,35.046156],[128.992265,35.046402],[128.991962,35.046895],[128.992065,35.047053],[128.992197,35.047195],[128.99261,35.047338],[128.992517,35.048059],[128.992535,35.048217],[128.992366,35.048323],[128.992299,35.048439],[128.992116,35.04849],[128.992024,35.048624],[128.992412,35.048698],[128.992415,35.048847],[128.992299,35.049247],[128.992342,35.049331],[128.98861,35.057556],[128.98853,35.057672],[128.988413,35.057925],[128.988184,35.057864],[128.987574,35.057937],[128.987045,35.058048],[128.986677,35.058216],[128.985849,35.058726],[128.984807,35.059495],[128.984528,35.059691],[128.980361,35.05806],[128.980318,35.057892],[128.979858,35.057706],[128.979849,35.057618],[128.979798,35.057538],[128.980593,35.056153],[128.980579,35.056074],[128.9805,35.056024],[128.980071,35.055861],[128.980004,35.055869],[128.979946,35.0559],[128.979902,35.055977],[128.979912,35.056038],[128.97996,35.056074],[128.980024,35.056089],[128.980084,35.056067],[128.980356,35.056165],[128.979483,35.05762],[128.978998,35.057431],[128.978979,35.057458],[128.978095,35.0571],[128.977949,35.057116],[128.97767,35.057075],[128.977374,35.056717],[128.977372,35.056645],[128.977354,35.056078],[128.977268,35.055946],[128.977163,35.055965],[128.977287,35.055553],[128.977239,35.055484],[128.977023,35.055386],[128.976795,35.055384],[128.976385,35.055468],[128.97635,35.055381],[128.976331,35.055395],[128.976331,35.055532],[128.975962,35.055747],[128.975844,35.055786],[128.975891,35.055988],[128.975564,35.056032],[128.975585,35.056621],[128.974659,35.056942],[128.974664,35.056693],[128.97461,35.056693],[128.974595,35.056937],[128.973847,35.056883],[128.973485,35.056793],[128.973567,35.056704],[128.973508,35.056675],[128.973391,35.056802],[128.972778,35.0568],[128.972642,35.056011],[128.972809,35.055972],[128.972819,35.05589],[128.97313,35.05585],[128.97304,35.055334],[128.972512,35.0554],[128.972371,35.054441],[128.973242,35.053545],[128.973627,35.053291],[128.97399,35.053225],[128.974292,35.053251],[128.974651,35.053134],[128.974701,35.053072],[128.974767,35.053202],[128.974876,35.053316],[128.975032,35.053362],[128.975301,35.053292],[128.97529,35.053157],[128.975863,35.052985],[128.975921,35.052837],[128.976253,35.052841],[128.976573,35.052741],[128.978014,35.052826],[128.978064,35.05263],[128.97822,35.052685],[128.978237,35.052941],[128.978581,35.052921],[128.978547,35.053206],[128.978639,35.053229],[128.97878,35.053314],[128.97885,35.053302],[128.978871,35.053229],[128.979014,35.053168],[128.979106,35.05316],[128.979146,35.053262],[128.979203,35.053253],[128.979164,35.052952],[128.979532,35.052923],[128.979701,35.053973],[128.980397,35.053912],[128.980251,35.052855],[128.980471,35.052821],[128.982628,35.05166],[128.983755,35.053112],[128.983752,35.053268],[128.983612,35.053675],[128.983449,35.05371],[128.983363,35.053794],[128.983352,35.053884],[128.983418,35.053975],[128.983565,35.054036],[128.983698,35.053969],[128.983788,35.053873],[128.984014,35.053344],[128.984034,35.053186],[128.984,35.053019],[128.982733,35.05144],[128.982786,35.051341],[128.982317,35.050749],[128.982308,35.050576],[128.982188,35.050059],[128.981824,35.049545],[128.981892,35.048927],[128.981985,35.048468],[128.98216,35.047322],[128.98223,35.0471],[128.98218,35.046786],[128.982247,35.04665],[128.982255,35.046546],[128.982129,35.046442],[128.981769,35.046557],[128.981108,35.046613],[128.980403,35.046942],[128.979933,35.047398],[128.979834,35.048311],[128.978259,35.048024],[128.978183,35.048024],[128.978145,35.048057],[128.97814,35.048085],[128.978154,35.048117],[128.978202,35.048147],[128.978066,35.048514],[128.97665,35.048316],[128.976365,35.047841],[128.976201,35.047714],[128.976,35.047704],[128.975818,35.047807],[128.97556,35.047713],[128.975341,35.047721],[128.975084,35.047481],[128.975025,35.04752],[128.974884,35.047419],[128.974847,35.047433],[128.974823,35.047474],[128.974973,35.047564],[128.974948,35.047608],[128.974931,35.047649],[128.974491,35.048659],[128.974069,35.048749],[128.973441,35.049126],[128.973291,35.049121],[128.973188,35.049155],[128.973094,35.049241],[128.972465,35.049075],[128.972414,35.048993],[128.972362,35.048823],[128.973994,35.047331],[128.974051,35.047304],[128.974123,35.047304],[128.974226,35.047362],[128.97426,35.04735],[128.974273,35.04731],[128.97417,35.047235],[128.974158,35.047195],[128.974165,35.047154],[128.975382,35.046042],[128.975498,35.046058],[128.975616,35.046042],[128.975741,35.045962],[128.975787,35.04591],[128.975981,35.046067],[128.976233,35.046233],[128.976344,35.046239],[128.976364,35.046177],[128.975797,35.045733],[128.975822,35.045575],[128.975741,35.045555],[128.975665,35.045602],[128.97509,35.04623],[128.97478,35.04649],[128.972558,35.048563],[128.972482,35.048547],[128.97222,35.048492],[128.971966,35.048418],[128.971637,35.04827],[128.971319,35.048118],[128.97103,35.04794],[128.97069,35.047709],[128.970607,35.047711],[128.970572,35.047683],[128.97053,35.047651],[128.970543,35.047585],[128.970158,35.046945],[128.970046,35.046642],[128.969839,35.04619],[128.969746,35.045944],[128.969683,35.045694],[128.9696,35.045511],[128.969529,35.045464],[128.969652,35.0452],[128.969952,35.044899],[128.97023,35.044782],[128.970416,35.044684],[128.970604,35.044629],[128.970689,35.044614],[128.970823,35.044574],[128.97091,35.044544],[128.971,35.044478],[128.971074,35.044403],[128.97219,35.043697],[128.972348,35.043681],[128.972374,35.04367],[128.972395,35.043672],[128.972523,35.043643],[128.972568,35.043633],[128.972593,35.0436],[128.972691,35.043529],[128.972715,35.043521],[128.9729,35.043494],[128.972918,35.043514],[128.97294,35.043509],[128.972951,35.043491],[128.973005,35.043495],[128.97314,35.043494],[128.973282,35.043487],[128.973389,35.043478],[128.973443,35.043478],[128.973469,35.043512],[128.973529,35.043516],[128.973547,35.043507],[128.973597,35.043483],[128.97369,35.043458],[128.973796,35.043409],[128.973865,35.043392],[128.973946,35.043361],[128.973983,35.043332],[128.974027,35.043276],[128.974045,35.043253],[128.974088,35.043204],[128.97412,35.04314],[128.974168,35.042991],[128.974305,35.042866],[128.974366,35.042783],[128.97442,35.042764],[128.974451,35.042722],[128.974439,35.042685],[128.974466,35.042652],[128.974554,35.042604],[128.974711,35.042477],[128.974779,35.042451],[128.974835,35.042431],[128.974861,35.042406],[128.974837,35.0424],[128.974861,35.042372],[128.974988,35.042294],[128.975141,35.04224],[128.97518,35.042228],[128.975202,35.042212],[128.975276,35.042195],[128.975434,35.042196],[128.975671,35.042217],[128.97588,35.042179],[128.976044,35.042149],[128.976091,35.042135],[128.976114,35.042143],[128.9762,35.042129],[128.976225,35.042113],[128.976262,35.042099],[128.976286,35.042079],[128.976337,35.04209],[128.97634,35.042114],[128.97636,35.042137],[128.976397,35.042117],[128.976427,35.042115],[128.976463,35.042091],[128.976484,35.042061],[128.976508,35.04204],[128.976572,35.041989],[128.976615,35.041963],[128.976774,35.041872],[128.976783,35.041844],[128.976798,35.041843],[128.976818,35.041848],[128.976833,35.041858],[128.97685,35.041855],[128.976856,35.041841],[128.976841,35.041822],[128.976832,35.041785],[128.976838,35.041774],[128.976856,35.041761],[128.976906,35.041765],[128.976941,35.041745],[128.976975,35.041728],[128.976984,35.041707],[128.977031,35.041688],[128.977198,35.041568],[128.977274,35.041519],[128.977308,35.041446],[128.977339,35.041429],[128.977393,35.041375],[128.97744,35.041351],[128.977445,35.041306],[128.977428,35.041281],[128.977362,35.041255],[128.977366,35.041229],[128.977331,35.041207],[128.977362,35.041189],[128.97742,35.041198],[128.977459,35.041166],[128.977445,35.041138],[128.977473,35.041112],[128.977505,35.041066],[128.977692,35.040991],[128.97791,35.040895],[128.97797,35.040758],[128.97797,35.040725],[128.977988,35.04069],[128.97797,35.040657],[128.97796,35.040613],[128.977942,35.040513],[128.977936,35.040427],[128.977936,35.040376],[128.977969,35.040329],[128.977954,35.040294],[128.977957,35.040277],[128.977983,35.040281],[128.978,35.040279],[128.978026,35.040273],[128.978039,35.040264],[128.978049,35.040247],[128.978034,35.040225],[128.978021,35.040176],[128.977991,35.040147],[128.97798,35.040142],[128.97796,35.04005],[128.977962,35.039975],[128.977962,35.03993],[128.977947,35.039907],[128.977957,35.039871],[128.977929,35.039847],[128.977928,35.039828],[128.977893,35.039794],[128.97783,35.039752],[128.97779,35.039754],[128.977751,35.039775],[128.977694,35.039792],[128.977676,35.039765],[128.977602,35.039746],[128.977528,35.039773],[128.977518,35.039797],[128.977475,35.039795],[128.977437,35.039824],[128.977406,35.039827],[128.977386,35.039837],[128.977357,35.039859],[128.977316,35.039878],[128.977299,35.039906],[128.977259,35.039941],[128.977222,35.039952],[128.977126,35.039986],[128.977039,35.040025],[128.97701,35.040044],[128.976933,35.040109],[128.976843,35.04018],[128.976844,35.040276],[128.976821,35.040275],[128.976768,35.040196],[128.976733,35.040168],[128.976694,35.040171],[128.976633,35.040159],[128.976576,35.040164],[128.97654,35.040172],[128.976502,35.04018],[128.976411,35.040192],[128.976379,35.04021],[128.976339,35.04021],[128.976305,35.04022],[128.976262,35.040214],[128.976219,35.040217],[128.976201,35.040229],[128.976178,35.040242],[128.976156,35.040257],[128.976113,35.040272],[128.976067,35.04025],[128.976045,35.040273],[128.97604,35.040299],[128.976029,35.0403],[128.975995,35.040311],[128.975977,35.040336],[128.975942,35.040341],[128.9759,35.04036],[128.975864,35.040404],[128.975861,35.040462],[128.975839,35.040501],[128.975873,35.040507],[128.97588,35.040546],[128.975871,35.040577],[128.975861,35.04062],[128.975839,35.040664],[128.975742,35.040676],[128.975636,35.040707],[128.975579,35.040768],[128.975581,35.040821],[128.975545,35.040865],[128.975481,35.040843],[128.975422,35.040846],[128.975372,35.04087],[128.975341,35.040881],[128.975275,35.040919],[128.975202,35.040919],[128.975164,35.040931],[128.975117,35.040941],[128.975109,35.040951],[128.975079,35.040977],[128.975069,35.041011],[128.975084,35.041025],[128.975046,35.04105],[128.975036,35.041073],[128.975043,35.041094],[128.975013,35.041192],[128.974989,35.041238],[128.974957,35.041283],[128.974912,35.041324],[128.974856,35.041345],[128.974814,35.041401],[128.974726,35.041477],[128.97463,35.041513],[128.97449,35.04152],[128.974348,35.041514],[128.974094,35.041423],[128.973972,35.041385],[128.973974,35.041361],[128.973977,35.041328],[128.973951,35.041317],[128.973846,35.041321],[128.973784,35.041337],[128.973332,35.041149],[128.972885,35.040895],[128.972717,35.040729],[128.972619,35.040646],[128.97251,35.040495],[128.972508,35.040403],[128.972584,35.040368],[128.972601,35.040325],[128.972565,35.040313],[128.972558,35.040277],[128.972587,35.040153],[128.972549,35.040109],[128.972536,35.040053],[128.972336,35.039962],[128.972197,35.039904],[128.972053,35.039828],[128.971841,35.03969],[128.97149,35.039442],[128.971297,35.039209],[128.971204,35.039093],[128.971148,35.038927],[128.971253,35.038782],[128.971247,35.038652],[128.971241,35.038607],[128.97121,35.03859],[128.971179,35.038612],[128.97119,35.03864],[128.971163,35.038636],[128.97113,35.038597],[128.97107,35.038473],[128.971043,35.038399],[128.971036,35.038266],[128.971031,35.038201],[128.97107,35.038062],[128.971114,35.038034],[128.97113,35.038042],[128.971182,35.038048],[128.971202,35.038018],[128.971227,35.038014],[128.971258,35.037993],[128.971285,35.037948],[128.971294,35.03798],[128.971338,35.037977],[128.97137,35.037943],[128.971412,35.037871],[128.971495,35.037803],[128.971501,35.037764],[128.971552,35.037695],[128.971569,35.037707],[128.971627,35.037667],[128.971709,35.037605],[128.97174,35.03756],[128.971764,35.037523],[128.971741,35.037523],[128.971733,35.037509],[128.971812,35.037381],[128.971851,35.037333],[128.971834,35.037298],[128.97178,35.037256],[128.971724,35.037271],[128.971715,35.037263],[128.971747,35.037247],[128.97174,35.037198],[128.971693,35.037168],[128.97171,35.037145],[128.971713,35.037089],[128.971686,35.037044],[128.971635,35.037022],[128.971566,35.037094],[128.971563,35.037132],[128.971504,35.037117],[128.971465,35.037126],[128.971416,35.037117],[128.971455,35.037088],[128.971484,35.037048],[128.971438,35.037029],[128.971429,35.036976],[128.97129,35.036946],[128.971216,35.037025],[128.971261,35.037065],[128.971287,35.037155],[128.971211,35.037213],[128.971125,35.037276],[128.971042,35.037366],[128.970969,35.037466],[128.970905,35.037559],[128.970934,35.03759],[128.970928,35.037619],[128.970897,35.037695],[128.970873,35.037749],[128.97065,35.037729],[128.970554,35.037709],[128.97051,35.037647],[128.970405,35.037555],[128.970251,35.037486],[128.97022,35.037469],[128.9702,35.037385],[128.970155,35.037277],[128.970117,35.037194],[128.970055,35.037059],[128.969943,35.037018],[128.969828,35.036962],[128.969685,35.036955],[128.969576,35.036911],[128.969496,35.036918],[128.969435,35.036952],[128.96938,35.037022],[128.969323,35.03705],[128.96929,35.037082],[128.969211,35.037091],[128.969142,35.037096],[128.96908,35.037103],[128.969014,35.037124],[128.968909,35.037106],[128.968832,35.037111],[128.968786,35.037104],[128.968727,35.03709],[128.968629,35.037176],[128.968531,35.037156],[128.968349,35.037111],[128.967985,35.036995],[128.967702,35.036864],[128.96768,35.036762],[128.967669,35.036688],[128.967588,35.036605],[128.967576,35.036548],[128.967457,35.03647],[128.967378,35.036361],[128.967343,35.036262],[128.967291,35.036276],[128.967113,35.036095],[128.96705,35.036],[128.96712,35.035885],[128.967101,35.035835],[128.967185,35.035782],[128.967172,35.035677],[128.967048,35.035642],[128.967006,35.035686],[128.966973,35.035692],[128.966933,35.035581],[128.966943,35.035338],[128.96694,35.035279],[128.966996,35.035206],[128.966982,35.035172],[128.966996,35.035116],[128.967066,35.035122],[128.967047,35.034982],[128.967008,35.03491],[128.966999,35.034893],[128.96708,35.034893],[128.966965,35.034725],[128.966942,35.034626],[128.966903,35.034522],[128.966828,35.03452],[128.966821,35.034478],[128.966863,35.034396],[128.966978,35.034369],[128.967038,35.034224],[128.96705,35.034099],[128.967038,35.034009],[128.967008,35.033983],[128.96715,35.033893],[128.967244,35.033826],[128.967178,35.033744],[128.967008,35.033729],[128.966942,35.033683],[128.966887,35.033639],[128.966789,35.033608],[128.966854,35.033516],[128.966982,35.033424],[128.966971,35.03331],[128.967108,35.033201],[128.967092,35.033143],[128.967036,35.033055],[128.967062,35.032977],[128.967001,35.032851],[128.966936,35.032845],[128.966789,35.032893],[128.966746,35.032948],[128.966793,35.033082],[128.966873,35.033128],[128.96676,35.033216],[128.966735,35.033218],[128.966749,35.033178],[128.966725,35.033063],[128.966632,35.033065],[128.966555,35.033042],[128.966562,35.033021],[128.966597,35.032962],[128.966604,35.032887],[128.966676,35.032814],[128.966532,35.032661],[128.966382,35.032564],[128.966303,35.032608],[128.966336,35.032673],[128.966261,35.032703],[128.966244,35.032629],[128.966097,35.032531],[128.965929,35.032443],[128.965836,35.032457],[128.965759,35.032411],[128.965658,35.032424],[128.965525,35.032417],[128.965539,35.032461],[128.965574,35.032514],[128.965616,35.032547],[128.96567,35.032642],[128.965705,35.032686],[128.965756,35.032734],[128.965794,35.032751],[128.96581,35.032797],[128.965775,35.032814],[128.965658,35.032826],[128.965658,35.032782],[128.9656,35.032726],[128.965523,35.032675],[128.965493,35.032696],[128.965486,35.032753],[128.965523,35.032862],[128.965532,35.032895],[128.965509,35.032967],[128.965479,35.033006],[128.965434,35.032952],[128.965371,35.032964],[128.96539,35.033021],[128.965406,35.033067],[128.965411,35.033132],[128.96549,35.033292],[128.965528,35.033336],[128.965542,35.033378],[128.965514,35.033396],[128.965465,35.033359],[128.965411,35.033285],[128.965383,35.033288],[128.965098,35.033189],[128.964797,35.033336],[128.964792,35.033386],[128.964724,35.033464],[128.964769,35.033549],[128.96478,35.033598],[128.96468,35.033774],[128.964659,35.03392],[128.964556,35.033904],[128.964526,35.033973],[128.9645,35.034032],[128.964563,35.034082],[128.964496,35.034124],[128.964465,35.034206],[128.964496,35.034332],[128.964576,35.034386],[128.96465,35.034489],[128.964712,35.03454],[128.964799,35.034675],[128.9647,35.034753],[128.96459,35.034727],[128.964537,35.034695],[128.964441,35.034721],[128.964452,35.034782],[128.964512,35.034854],[128.964498,35.034898],[128.964402,35.034944],[128.964303,35.034979],[128.964264,35.035199],[128.964353,35.035231],[128.964413,35.035243],[128.964434,35.035309],[128.964516,35.035286],[128.964646,35.035234],[128.964643,35.035269],[128.9646,35.035321],[128.964385,35.035428],[128.96442,35.035492],[128.964409,35.035564],[128.964445,35.03566],[128.964484,35.035721],[128.964565,35.035761],[128.964558,35.03581],[128.964629,35.03586],[128.9647,35.035854],[128.964788,35.035886],[128.965015,35.035955],[128.965128,35.036007],[128.965216,35.036167],[128.965269,35.036399],[128.965294,35.036509],[128.965446,35.036662],[128.965577,35.036778],[128.965673,35.036859],[128.966037,35.037598],[128.96603,35.037656],[128.966066,35.037804],[128.966052,35.037935],[128.966154,35.038036],[128.966388,35.038256],[128.966597,35.038497],[128.966706,35.038639],[128.966844,35.038807],[128.966926,35.038957],[128.967021,35.03916],[128.967124,35.039363],[128.967163,35.039502],[128.967128,35.039572],[128.967046,35.039752],[128.966965,35.039815],[128.966904,35.039879],[128.966904,35.039975],[128.966876,35.040062],[128.966823,35.040038],[128.966851,35.040128],[128.966813,35.040233],[128.966731,35.04025],[128.96665,35.040296],[128.966696,35.040412],[128.966724,35.040444],[128.966699,35.040502],[128.966745,35.040574],[128.966823,35.04065],[128.966841,35.040754],[128.966756,35.040792],[128.966657,35.040821],[128.966646,35.040908],[128.966699,35.040986],[128.966841,35.041073],[128.96682,35.04116],[128.96674,35.041236],[128.96665,35.041233],[128.966583,35.041225],[128.966498,35.041296],[128.966508,35.041395],[128.966593,35.041435],[128.96688,35.041502],[128.967005,35.041488],[128.967353,35.04181],[128.967343,35.042005],[128.967265,35.0422],[128.967209,35.042209],[128.967198,35.042267],[128.967223,35.042423],[128.967265,35.042429],[128.967361,35.042519],[128.967336,35.042585],[128.967365,35.04269],[128.967453,35.042773],[128.967587,35.042886],[128.967713,35.043092],[128.967799,35.043147],[128.967806,35.043152],[128.967729,35.043203],[128.967601,35.043181],[128.966924,35.04374],[128.965362,35.044559],[128.963394,35.045364],[128.961705,35.046417],[128.960644,35.047629],[128.95968,35.048008],[128.959261,35.048086],[128.958898,35.04832],[128.958809,35.048509],[128.958861,35.048821],[128.958751,35.049364],[128.958588,35.04982],[128.958399,35.050209],[128.958368,35.050495],[128.958583,35.050678],[128.958557,35.051022],[128.958274,35.05151],[128.958551,35.051626],[128.958498,35.051673],[128.958323,35.051626],[128.957917,35.052155],[128.957933,35.052262],[128.957628,35.052871],[128.957632,35.053021],[128.957225,35.054409],[128.95729,35.054538],[128.955627,35.060814],[128.9555,35.061273],[128.957582,35.061619],[128.957535,35.061741],[128.957918,35.061814],[128.957869,35.061996],[128.955376,35.061595],[128.954998,35.062811],[128.954175,35.066334],[128.953912,35.067351],[128.95342,35.069188],[128.95335,35.069306],[128.953291,35.069476],[128.953161,35.069597],[128.953074,35.069667],[128.952876,35.070375],[128.953044,35.07055],[128.952957,35.070903],[128.952866,35.071295],[128.952696,35.071968],[128.952778,35.072015],[128.955677,35.072518],[128.956913,35.07277],[128.957772,35.072887],[128.957883,35.072847],[128.95795,35.072798],[128.957972,35.072809],[128.957967,35.072859],[128.958014,35.072915],[128.958333,35.073088],[128.958162,35.073272],[128.958281,35.073372],[128.95827,35.073413],[128.958181,35.07347],[128.958096,35.07347],[128.957878,35.073401],[128.957878,35.073339],[128.957824,35.073286],[128.957829,35.073247],[128.95781,35.073203],[128.957782,35.073155],[128.957687,35.073089],[128.956417,35.072858],[128.952624,35.072211],[128.9525,35.072752],[128.952157,35.07403],[128.951978,35.074738],[128.951794,35.075444],[128.951168,35.077908],[128.950967,35.078561],[128.950683,35.079129],[128.950681,35.079218],[128.950716,35.079267],[128.95081,35.079314],[128.951989,35.079587],[128.954423,35.08025],[128.957078,35.080954],[128.957455,35.081012],[128.957733,35.081021],[128.957762,35.08112],[128.957829,35.081109],[128.957913,35.081127],[128.957944,35.081171],[128.957858,35.081418],[128.957918,35.081437],[128.957885,35.081535],[128.957824,35.081715],[128.95767,35.081712],[128.957572,35.081777],[128.957535,35.081769],[128.957528,35.081661],[128.957242,35.081581],[128.957151,35.081666],[128.957084,35.081527],[128.954817,35.080952],[128.951344,35.080114],[128.951215,35.080063],[128.951059,35.080006],[128.950662,35.079914],[128.950601,35.079925],[128.950558,35.079965],[128.950522,35.080047],[128.950481,35.080271],[128.950483,35.080468],[128.950494,35.080494],[128.950525,35.080504],[128.950541,35.080578],[128.950539,35.080688],[128.950487,35.08101],[128.950446,35.081324],[128.950397,35.081539],[128.950371,35.08178],[128.950368,35.082174],[128.950388,35.082668],[128.950399,35.082776],[128.9504,35.082832],[128.950471,35.083519],[128.950621,35.084076],[128.950771,35.084351],[128.950894,35.084566],[128.951029,35.08491],[128.951141,35.085173],[128.951196,35.085294],[128.951333,35.085558],[128.951483,35.085835],[128.951714,35.086205],[128.951861,35.086439],[128.952109,35.086864],[128.95221,35.087059],[128.952517,35.087488],[128.95257,35.087615],[128.952793,35.088036],[128.952987,35.088416],[128.953212,35.088857],[128.953425,35.089327],[128.953496,35.089488],[128.95359,35.089683],[128.954175,35.091187],[128.954321,35.091637],[128.95465,35.092756],[128.954749,35.093112],[128.954845,35.093526],[128.955012,35.094297],[128.95517,35.095306],[128.955234,35.095795],[128.955282,35.096263],[128.955298,35.096412],[128.955459,35.097836],[128.955512,35.098266],[128.955504,35.098896],[128.955568,35.099443],[128.955611,35.099768],[128.955738,35.100929],[128.955771,35.101425],[128.955827,35.101921],[128.955902,35.102371],[128.955959,35.103023],[128.955976,35.103043],[128.955991,35.103059],[128.95602,35.103083],[128.956025,35.103102],[128.956023,35.103117],[128.955993,35.103153],[128.955988,35.103171],[128.955985,35.103194],[128.956007,35.103296],[128.956086,35.103345],[128.956079,35.103368],[128.956093,35.103416],[128.956144,35.103458],[128.95665,35.103424],[128.95716,35.103344],[128.957333,35.103317],[128.957429,35.103316],[128.957561,35.103327],[128.957656,35.103362],[128.957816,35.103424],[128.957912,35.103462],[128.958011,35.103572],[128.957945,35.103879],[128.957496,35.103699],[128.957232,35.103641],[128.957115,35.103645],[128.957071,35.103643],[128.956884,35.103644],[128.956696,35.103638],[128.956224,35.103668],[128.956134,35.103723],[128.956195,35.104211],[128.956211,35.104247],[128.956349,35.104321],[128.956404,35.104828],[128.956344,35.104823],[128.9563,35.104846],[128.956286,35.104878],[128.956271,35.104897],[128.956256,35.104899],[128.95624,35.104895],[128.956221,35.104905],[128.956201,35.104923],[128.956185,35.104944],[128.956187,35.104958],[128.956214,35.104961],[128.956229,35.10493],[128.956242,35.104924],[128.956267,35.104922],[128.956288,35.104974],[128.956301,35.105042],[128.956312,35.105102],[128.956326,35.105235],[128.956359,35.10549],[128.956385,35.105738],[128.956388,35.105801],[128.956382,35.105845],[128.956367,35.105877],[128.956355,35.105921],[128.956334,35.105953],[128.956292,35.106012],[128.95626,35.106042],[128.956233,35.106064],[128.956209,35.106072],[128.956151,35.106099],[128.956093,35.106112],[128.956032,35.106116],[128.955978,35.106151],[128.956013,35.106172],[128.956023,35.106252],[128.956016,35.106328],[128.956011,35.106375],[128.956016,35.10639],[128.956023,35.106404],[128.956063,35.106577],[128.956093,35.106747],[128.956052,35.106859],[128.953177,35.107326],[128.950609,35.107746],[128.950569,35.107601],[128.950502,35.107391],[128.950437,35.107221],[128.950376,35.107035],[128.950357,35.106975],[128.950337,35.106959],[128.950315,35.106956],[128.950278,35.106959],[128.950212,35.106962],[128.950126,35.106948],[128.950036,35.106912],[128.949965,35.10686],[128.949909,35.106783],[128.949862,35.106685],[128.949795,35.106463],[128.949722,35.106247],[128.949484,35.105527],[128.949358,35.105161],[128.949182,35.104593],[128.949006,35.104058],[128.948871,35.103629],[128.948716,35.103071],[128.948558,35.102515],[128.948518,35.102448],[128.948479,35.102419],[128.948429,35.102407],[128.948378,35.10241],[128.948331,35.102429],[128.9483,35.102458],[128.948286,35.102495],[128.948287,35.102531],[128.948295,35.102567],[128.94833,35.102655],[128.948536,35.103287],[128.948734,35.103888],[128.948939,35.104529],[128.949038,35.10486],[128.949213,35.105436],[128.94934,35.10585],[128.949526,35.106388],[128.949718,35.107008],[128.949318,35.107061],[128.949309,35.107208],[128.949316,35.107246],[128.94933,35.107244],[128.949339,35.107299],[128.949321,35.107298],[128.949344,35.107388],[128.949253,35.107397],[128.949232,35.107317],[128.949221,35.107317],[128.94921,35.107263],[128.94922,35.107262],[128.949217,35.107249],[128.949212,35.107249],[128.949205,35.107236],[128.949218,35.107225],[128.94916,35.10709],[128.948713,35.10715],[128.948518,35.106411],[128.948263,35.105662],[128.947898,35.104567],[128.947394,35.103025],[128.947217,35.102393],[128.947147,35.102092],[128.947113,35.101859],[128.947091,35.101653],[128.947078,35.101478],[128.94707,35.101335],[128.947059,35.101162],[128.947064,35.100732],[128.947131,35.100203],[128.947244,35.099713],[128.947351,35.099323],[128.947426,35.099094],[128.947426,35.098985],[128.9474,35.098895],[128.947147,35.098104],[128.947011,35.097701],[128.946865,35.097182],[128.946797,35.096949],[128.946694,35.096612],[128.946509,35.096092],[128.946093,35.094789],[128.945774,35.093781],[128.945294,35.092344],[128.944819,35.090957],[128.944556,35.090176],[128.944422,35.089818],[128.944294,35.08944],[128.944251,35.089254],[128.944221,35.089111],[128.944106,35.088778],[128.94405,35.088624],[128.944036,35.088585],[128.943859,35.088178],[128.943728,35.087919],[128.943607,35.087676],[128.943451,35.087375],[128.943148,35.086662],[128.942947,35.086284],[128.94277,35.086014],[128.942676,35.085881],[128.942625,35.085815],[128.94255,35.085791],[128.942472,35.085786],[128.942368,35.085795],[128.942244,35.085795],[128.942121,35.085769],[128.941992,35.085716],[128.94189,35.08563],[128.941791,35.085494],[128.941716,35.085334],[128.941638,35.085191],[128.94155,35.085073],[128.941416,35.084906],[128.941297,35.084748],[128.941078,35.0845],[128.940876,35.084263],[128.940737,35.084094],[128.940664,35.083956],[128.940579,35.083723],[128.940458,35.083477],[128.940268,35.083233],[128.940013,35.082915],[128.939916,35.082768],[128.939785,35.082564],[128.939715,35.082465],[128.939651,35.082434],[128.939602,35.082428],[128.939554,35.082432],[128.939506,35.082465],[128.939474,35.082531],[128.939468,35.082623],[128.939543,35.082737],[128.939677,35.082832],[128.939884,35.083038],[128.939989,35.083194],[128.94009,35.083466],[128.940149,35.083701],[128.940214,35.083916],[128.940259,35.084039],[128.940302,35.084164],[128.940445,35.084436],[128.940648,35.084875],[128.940799,35.085224],[128.940882,35.085448],[128.940965,35.085674],[128.941016,35.0859],[128.941107,35.086232],[128.941228,35.086543],[128.941301,35.086834],[128.941324,35.087052],[128.94134,35.08739],[128.941338,35.087678],[128.941306,35.087788],[128.941264,35.087845],[128.94119,35.087915],[128.941048,35.087993],[128.940867,35.088052],[128.940666,35.088137],[128.94048,35.088257],[128.940408,35.088332],[128.940359,35.088401],[128.940324,35.088471],[128.940308,35.088532],[128.940305,35.08859],[128.940304,35.088648],[128.940296,35.088714],[128.940268,35.088786],[128.940263,35.088856],[128.940286,35.088915],[128.940349,35.088996],[128.940408,35.089097],[128.940462,35.089244],[128.940512,35.089455],[128.940561,35.089697],[128.940614,35.089914],[128.94063,35.089978],[128.940619,35.090003],[128.940592,35.090031],[128.940541,35.090046],[128.940439,35.090042],[128.940353,35.090011],[128.940249,35.08995],[128.940101,35.089842],[128.9399,35.089719],[128.939696,35.089653],[128.939527,35.089633],[128.939396,35.089623],[128.939321,35.089594],[128.939256,35.089533],[128.939208,35.08939],[128.939141,35.089135],[128.939053,35.088802],[128.938959,35.088556],[128.938817,35.08835],[128.93869,35.088227],[128.938548,35.088093],[128.938409,35.087955],[128.938293,35.087814],[128.938202,35.087682],[128.938157,35.087542],[128.938151,35.087428],[128.938098,35.087228],[128.93802,35.087077],[128.937883,35.086919],[128.937717,35.086807],[128.937518,35.086703],[128.937298,35.086638],[128.937116,35.086611],[128.937001,35.086576],[128.93692,35.086539],[128.936685,35.086325],[128.9366,35.086266],[128.936521,35.086216],[128.936425,35.086177],[128.936338,35.086129],[128.936242,35.08607],[128.936095,35.085966],[128.935973,35.085888],[128.935795,35.085795],[128.935599,35.085686],[128.935385,35.08557],[128.935133,35.085447],[128.934958,35.085331],[128.934832,35.085235],[128.934721,35.085131],[128.934644,35.08508],[128.93458,35.085068],[128.93451,35.085075],[128.934442,35.085122],[128.934367,35.085211],[128.934294,35.085367],[128.934192,35.08565],[128.934141,35.085834],[128.934117,35.085995],[128.934117,35.086115],[128.934124,35.086241],[128.934129,35.086335],[128.93412,35.086435],[128.9341,35.086517],[128.934066,35.086632],[128.934018,35.086852],[128.933868,35.08745],[128.933723,35.088082],[128.933594,35.088653],[128.933433,35.08932],[128.93317,35.090061],[128.932948,35.090582],[128.932757,35.091021],[128.932688,35.091288],[128.932637,35.091493],[128.932621,35.091681],[128.932637,35.091973],[128.932693,35.092103],[128.932803,35.092234],[128.932932,35.092416],[128.933079,35.092686],[128.933187,35.092921],[128.933219,35.093081],[128.933232,35.093233],[128.933197,35.093536],[128.933079,35.093889],[128.932999,35.09442],[128.933052,35.094846],[128.933213,35.095329],[128.933365,35.095824],[128.933541,35.096386],[128.933754,35.097048],[128.933917,35.097621],[128.934101,35.098174],[128.934171,35.098346],[128.934203,35.09839],[128.93434,35.098525],[128.934355,35.098577],[128.934357,35.098628],[128.934348,35.098763],[128.934333,35.098943],[128.934349,35.099108],[128.934383,35.099244],[128.934619,35.099878],[128.93479,35.100318],[128.934872,35.100579],[128.934934,35.100938],[128.934746,35.100959],[128.934686,35.100963],[128.934607,35.100969],[128.934554,35.100987],[128.934507,35.101045],[128.934491,35.101157],[128.934512,35.101318],[128.934581,35.101557],[128.934774,35.102022],[128.93493,35.102404],[128.935043,35.102711],[128.935139,35.102979],[128.935209,35.103255],[128.935265,35.103553],[128.935289,35.103821],[128.935316,35.104058],[128.935354,35.104142],[128.935397,35.104199],[128.935483,35.104258],[128.935571,35.104335],[128.935627,35.104444],[128.93566,35.104624],[128.935684,35.10485],[128.935727,35.105142],[128.935796,35.105368],[128.935869,35.105491],[128.935968,35.105625],[128.936051,35.105807],[128.936118,35.106116],[128.936217,35.106402],[128.936354,35.106628],[128.93648,35.10674],[128.936657,35.106812],[128.936842,35.106838],[128.937119,35.10688],[128.93736,35.106928],[128.93765,35.107025],[128.937888,35.107146],[128.938267,35.107358],[128.938519,35.107545],[128.938698,35.107784],[128.938843,35.108111],[128.938945,35.108403],[128.93903,35.108672],[128.939028,35.108689],[128.93902,35.108702],[128.938999,35.108716],[128.938907,35.108738],[128.938862,35.108749],[128.938849,35.108759],[128.938844,35.108774],[128.938843,35.108795],[128.938847,35.108856],[128.938849,35.1089],[128.938841,35.108928],[128.93883,35.108943],[128.938813,35.108955],[128.938777,35.108963],[128.938757,35.108965],[128.938743,35.10896],[128.938727,35.108947],[128.938678,35.108865],[128.938654,35.108831],[128.938641,35.108816],[128.938625,35.108808],[128.938605,35.10881],[128.938574,35.108817],[128.938246,35.108889],[128.936226,35.109462],[128.936141,35.109486],[128.9365,35.109881]]],[[[128.951234,34.885381],[128.951278,34.885397],[128.951316,34.885393],[128.951315,34.885358],[128.951332,34.885337],[128.951382,34.885335],[128.951431,34.885336],[128.95141,34.885289],[128.95141,34.885261],[128.951451,34.885296],[128.951478,34.885327],[128.951522,34.885327],[128.951536,34.885264],[128.951446,34.885183],[128.951416,34.885197],[128.951377,34.885191],[128.951366,34.885157],[128.95134,34.885116],[128.951217,34.885041],[128.951167,34.885066],[128.951171,34.885128],[128.951188,34.885159],[128.951154,34.885187],[128.951151,34.885229],[128.951212,34.885285],[128.951234,34.885326],[128.951234,34.885381]]],[[[128.931357,35.048983],[128.930071,35.048816],[128.929087,35.04863],[128.928406,35.048484],[128.928246,35.048733],[128.928365,35.049326],[128.928379,35.050967],[128.928258,35.051451],[128.928136,35.052068],[128.927972,35.052649],[128.927724,35.053587],[128.927657,35.054063],[128.927887,35.055029],[128.928353,35.055813],[128.929017,35.05654],[128.929703,35.057085],[128.930313,35.05728],[128.930989,35.057097],[128.931125,35.056856],[128.930987,35.056585],[128.931054,35.056356],[128.930623,35.05615],[128.930238,35.05634],[128.930048,35.055988],[128.929564,35.055822],[128.929684,35.055452],[128.929821,35.055064],[128.929715,35.054722],[128.929586,35.054146],[128.929521,35.053196],[128.929707,35.052444],[128.929847,35.052073],[128.930278,35.051816],[128.930666,35.051577],[128.931103,35.051599],[128.931858,35.051312],[128.933071,35.051219],[128.934104,35.051303],[128.93566,35.051402],[128.937214,35.051091],[128.938119,35.051479],[128.938944,35.051145],[128.940148,35.05151],[128.941067,35.051123],[128.941699,35.051197],[128.941981,35.051622],[128.94238,35.051803],[128.942829,35.051746],[128.94373,35.051572],[128.94459,35.051648],[128.945387,35.05115],[128.946033,35.051332],[128.946926,35.051137],[128.94746,35.051143],[128.948022,35.05089],[128.948302,35.051102],[128.949039,35.051052],[128.950242,35.051127],[128.950927,35.051261],[128.951636,35.051195],[128.952134,35.051071],[128.952562,35.050883],[128.953044,35.05051],[128.953323,35.050161],[128.953749,35.049849],[128.9544,35.050047],[128.954608,35.050219],[128.954467,35.050731],[128.954948,35.051207],[128.95581,35.051315],[128.956034,35.051184],[128.955388,35.050532],[128.954965,35.050047],[128.954476,35.049702],[128.954172,35.049442],[128.953873,35.049266],[128.952575,35.049472],[128.952192,35.049546],[128.95083,35.049497],[128.949788,35.04949],[128.94829,35.049574],[128.94722,35.049597],[128.945877,35.049539],[128.944071,35.049495],[128.942764,35.049458],[128.941662,35.049484],[128.940839,35.049488],[128.93965,35.049438],[128.938117,35.049339],[128.935315,35.049253],[128.933897,35.049234],[128.932669,35.049092],[128.931357,35.048983]]],[[[128.939868,35.052726],[128.939648,35.052717],[128.939294,35.052713],[128.938428,35.0527],[128.938066,35.052838],[128.937776,35.053053],[128.937712,35.05328],[128.937736,35.053363],[128.93772,35.053506],[128.937819,35.053561],[128.937972,35.053376],[128.93831,35.053121],[128.938495,35.053104],[128.938661,35.05304],[128.938828,35.052948],[128.939021,35.052963],[128.939353,35.052939],[128.939667,35.05297],[128.939815,35.052992],[128.940794,35.053042],[128.941103,35.053042],[128.941488,35.053343],[128.941848,35.053492],[128.942006,35.053503],[128.94206,35.053354],[128.942054,35.053295],[128.942009,35.053185],[128.941904,35.053146],[128.941698,35.053031],[128.941271,35.052902],[128.940448,35.052799],[128.940198,35.052759],[128.939868,35.052726]]],[[[128.94366,35.053959],[128.943802,35.053957],[128.943885,35.05404],[128.944166,35.054134],[128.944401,35.054129],[128.944592,35.054192],[128.944766,35.054204],[128.944951,35.054305],[128.945158,35.054358],[128.945312,35.054479],[128.945495,35.054508],[128.945595,35.054554],[128.945649,35.054614],[128.94577,35.054667],[128.945911,35.054636],[128.946188,35.054713],[128.946244,35.05483],[128.94654,35.054969],[128.94667,35.054946],[128.946912,35.054976],[128.9471,35.05512],[128.947258,35.055068],[128.947385,35.05497],[128.94751,35.054949],[128.94764,35.054876],[128.947594,35.054682],[128.947709,35.054541],[128.947465,35.054442],[128.94733,35.0544],[128.947175,35.054283],[128.94697,35.054179],[128.946955,35.054081],[128.946788,35.054028],[128.946592,35.053892],[128.946419,35.053872],[128.946272,35.053796],[128.94585,35.053907],[128.945344,35.053807],[128.944961,35.053676],[128.944654,35.053602],[128.944427,35.053495],[128.944173,35.053454],[128.943938,35.05356],[128.94379,35.053555],[128.943559,35.053415],[128.94337,35.053418],[128.943157,35.053425],[128.943036,35.053499],[128.942976,35.053563],[128.942937,35.053653],[128.942957,35.053731],[128.943128,35.053736],[128.943301,35.053817],[128.943367,35.053793],[128.943458,35.053799],[128.94366,35.053959]]],[[[128.935596,35.054123],[128.935404,35.054375],[128.935407,35.054819],[128.935338,35.054933],[128.935297,35.055203],[128.935416,35.055647],[128.935472,35.055905],[128.935398,35.056092],[128.935416,35.056317],[128.935423,35.056538],[128.935372,35.056611],[128.935304,35.056631],[128.935297,35.056712],[128.935359,35.056748],[128.935601,35.057256],[128.935543,35.057354],[128.935514,35.057549],[128.935396,35.057646],[128.935332,35.057585],[128.935245,35.057609],[128.935154,35.057752],[128.935032,35.057824],[128.934975,35.057896],[128.935,35.057983],[128.934944,35.058147],[128.935073,35.058284],[128.935193,35.058757],[128.935133,35.058787],[128.935061,35.058766],[128.934942,35.058843],[128.934819,35.059013],[128.934852,35.05917],[128.934917,35.05926],[128.934957,35.059474],[128.935042,35.059476],[128.935072,35.059566],[128.935004,35.059629],[128.935105,35.05996],[128.935196,35.060089],[128.93517,35.06016],[128.935208,35.060352],[128.935276,35.060401],[128.93537,35.060446],[128.935449,35.060431],[128.93549,35.060388],[128.935606,35.060417],[128.935712,35.060485],[128.935877,35.060563],[128.935964,35.060743],[128.936025,35.060733],[128.936085,35.060724],[128.936128,35.060631],[128.936259,35.06062],[128.936305,35.060563],[128.936291,35.060506],[128.936229,35.060451],[128.935894,35.060278],[128.935797,35.060246],[128.93574,35.06021],[128.935731,35.060115],[128.935783,35.060073],[128.935679,35.059947],[128.935623,35.059719],[128.935477,35.059528],[128.935512,35.059353],[128.93567,35.05929],[128.935951,35.059341],[128.936196,35.059349],[128.936421,35.059287],[128.936479,35.059121],[128.936559,35.059112],[128.936636,35.059158],[128.936668,35.059243],[128.936784,35.059328],[128.936915,35.059318],[128.936896,35.059258],[128.937005,35.059255],[128.937109,35.059225],[128.937245,35.059243],[128.937286,35.05928],[128.937297,35.059342],[128.937374,35.059343],[128.937624,35.059063],[128.937744,35.059091],[128.937729,35.059222],[128.93778,35.059242],[128.937761,35.059317],[128.937711,35.05934],[128.937906,35.059479],[128.938217,35.05944],[128.938267,35.059369],[128.938377,35.059341],[128.938438,35.059227],[128.938508,35.059202],[128.938613,35.059184],[128.938697,35.059356],[128.938927,35.059448],[128.938978,35.059435],[128.93902,35.05947],[128.939076,35.059426],[128.939048,35.059325],[128.93907,35.059254],[128.939656,35.059135],[128.939711,35.059017],[128.939841,35.059092],[128.939843,35.058976],[128.939961,35.058928],[128.940091,35.058963],[128.940284,35.058927],[128.94058,35.058922],[128.940614,35.059019],[128.940842,35.059017],[128.941088,35.058976],[128.94112,35.058899],[128.941429,35.058867],[128.941456,35.05894],[128.941544,35.058941],[128.941612,35.058878],[128.941685,35.058886],[128.941708,35.059],[128.941786,35.059019],[128.941856,35.058938],[128.942048,35.058947],[128.942094,35.058992],[128.942144,35.058897],[128.942222,35.058881],[128.942267,35.05891],[128.942476,35.058866],[128.942517,35.05878],[128.942556,35.058785],[128.942647,35.058932],[128.943142,35.059051],[128.943232,35.059036],[128.94341,35.05909],[128.943524,35.059032],[128.94357,35.058923],[128.943895,35.059106],[128.94399,35.059208],[128.944056,35.059102],[128.944318,35.059127],[128.944385,35.059203],[128.944493,35.059114],[128.945153,35.059167],[128.94521,35.059127],[128.945381,35.059214],[128.945593,35.058991],[128.945658,35.058915],[128.945732,35.058918],[128.945885,35.058947],[128.945963,35.059011],[128.946288,35.058898],[128.946621,35.058847],[128.946723,35.058755],[128.946845,35.058794],[128.946874,35.058864],[128.947039,35.05882],[128.947071,35.058872],[128.947055,35.058934],[128.947231,35.058855],[128.947374,35.058778],[128.947399,35.058807],[128.947631,35.058756],[128.947802,35.058779],[128.948203,35.058622],[128.948299,35.058579],[128.948151,35.058509],[128.948036,35.058459],[128.947807,35.05833],[128.947636,35.058224],[128.947327,35.05806],[128.947134,35.057954],[128.946879,35.05784],[128.946515,35.057693],[128.946089,35.057474],[128.945997,35.057389],[128.945713,35.057317],[128.945458,35.057338],[128.945335,35.057301],[128.945229,35.057296],[128.945186,35.057142],[128.944868,35.057095],[128.94464,35.057097],[128.944346,35.057056],[128.944166,35.057107],[128.9439,35.057144],[128.943723,35.057144],[128.943428,35.057157],[128.943108,35.057116],[128.942874,35.057192],[128.942415,35.057157],[128.942346,35.057098],[128.941928,35.057058],[128.941892,35.057081],[128.941757,35.057069],[128.941688,35.057027],[128.940829,35.056849],[128.940341,35.056709],[128.939866,35.056509],[128.939247,35.056289],[128.939066,35.056156],[128.938863,35.056109],[128.938638,35.055973],[128.938463,35.055929],[128.938261,35.055763],[128.938156,35.055737],[128.938113,35.055669],[128.937984,35.055523],[128.937837,35.055462],[128.937719,35.055355],[128.937621,35.055259],[128.937453,35.055137],[128.937285,35.055125],[128.936978,35.055275],[128.936838,35.055346],[128.936583,35.055385],[128.936454,35.055458],[128.936336,35.055493],[128.936194,35.055469],[128.936138,35.055429],[128.936063,35.055278],[128.936076,35.055144],[128.936194,35.054944],[128.936387,35.054693],[128.9365,35.054514],[128.93647,35.054419],[128.936257,35.054228],[128.936173,35.054062],[128.936189,35.053987],[128.936153,35.053885],[128.935927,35.053846],[128.935763,35.053901],[128.935665,35.054025],[128.935708,35.054082],[128.935596,35.054123]]],[[[128.949187,35.06549],[128.949205,35.065389],[128.949134,35.065273],[128.949039,35.065298],[128.94899,35.065386],[128.949034,35.065493],[128.949147,35.065515],[128.949187,35.06549]]],[[[128.948367,35.067791],[128.948373,35.067558],[128.948503,35.067172],[128.948429,35.067117],[128.948318,35.067104],[128.948034,35.067194],[128.947972,35.067124],[128.947865,35.06716],[128.947961,35.067305],[128.947879,35.067358],[128.947673,35.067194],[128.947421,35.067186],[128.947253,35.067423],[128.947405,35.067636],[128.947251,35.067824],[128.947231,35.067979],[128.94706,35.067983],[128.946823,35.068017],[128.946604,35.068166],[128.946459,35.068572],[128.946377,35.069204],[128.946163,35.069826],[128.946081,35.070152],[128.946124,35.070172],[128.946139,35.070296],[128.946075,35.070343],[128.946225,35.070758],[128.946372,35.070821],[128.946617,35.070712],[128.946906,35.070305],[128.947157,35.069812],[128.947389,35.069317],[128.947492,35.069202],[128.947874,35.068419],[128.948059,35.068277],[128.948186,35.067953],[128.948367,35.067791]]],[[[128.94506,35.068936],[128.945069,35.069018],[128.945149,35.069156],[128.945412,35.069338],[128.945516,35.069287],[128.945504,35.069211],[128.945594,35.069137],[128.945601,35.068894],[128.94551,35.068799],[128.945299,35.068788],[128.945247,35.068816],[128.94506,35.068936]]],[[[128.943467,35.070771],[128.943406,35.070971],[128.9433,35.07111],[128.94315,35.07124],[128.943008,35.071522],[128.943051,35.071791],[128.943409,35.072355],[128.943595,35.072616],[128.94391,35.072865],[128.944151,35.07308],[128.944487,35.073202],[128.944623,35.073323],[128.944797,35.073313],[128.94496,35.073069],[128.945209,35.072751],[128.94539,35.072724],[128.945648,35.072139],[128.945648,35.072137],[128.945771,35.071879],[128.94562,35.071733],[128.945872,35.071673],[128.945999,35.071553],[128.946052,35.071395],[128.946033,35.07119],[128.946024,35.070999],[128.94594,35.070724],[128.94583,35.070579],[128.945682,35.070309],[128.9455,35.07008],[128.94534,35.06996],[128.94519,35.06983],[128.945014,35.069818],[128.944759,35.069764],[128.944528,35.069796],[128.944149,35.070013],[128.944006,35.070337],[128.943969,35.070463],[128.94396,35.070495],[128.94362,35.070445],[128.943494,35.070503],[128.943388,35.070712],[128.943467,35.070771]]],[[[128.951807,34.884751],[128.951685,34.884767],[128.951695,34.884802],[128.951769,34.884864],[128.95184,34.884865],[128.951854,34.884898],[128.951818,34.884913],[128.951916,34.885016],[128.951961,34.885019],[128.952019,34.885031],[128.952078,34.885031],[128.952077,34.884986],[128.952135,34.884969],[128.952157,34.884904],[128.952177,34.884872],[128.952206,34.884855],[128.952213,34.884838],[128.952215,34.884804],[128.952234,34.884802],[128.952241,34.884799],[128.952247,34.884792],[128.952247,34.884743],[128.952275,34.884721],[128.952272,34.884688],[128.952249,34.884678],[128.952221,34.884673],[128.952211,34.884649],[128.952217,34.88444],[128.952162,34.884395],[128.952066,34.884378],[128.952037,34.884402],[128.952057,34.884471],[128.951902,34.884462],[128.951899,34.884531],[128.951858,34.884528],[128.95177,34.884408],[128.951711,34.884384],[128.951668,34.88449],[128.951737,34.884565],[128.951732,34.88465],[128.951768,34.8847],[128.951815,34.884716],[128.951807,34.884751]]],[[[128.951821,34.885714],[128.951849,34.885582],[128.951799,34.885576],[128.951796,34.885492],[128.951793,34.885414],[128.95178,34.885357],[128.9517,34.885349],[128.951667,34.885396],[128.951641,34.885421],[128.95163,34.885471],[128.951671,34.885545],[128.951656,34.885597],[128.951684,34.885692],[128.951739,34.885734],[128.951821,34.885714]]],[[[128.951968,34.887015],[128.951993,34.887056],[128.952028,34.887053],[128.952075,34.88703],[128.952067,34.887011],[128.952048,34.886986],[128.952005,34.886978],[128.951975,34.886982],[128.951968,34.887015]]],[[[128.973358,34.93309],[128.973334,34.933146],[128.973367,34.933178],[128.973299,34.933184],[128.973296,34.933224],[128.973354,34.933265],[128.973344,34.933303],[128.973193,34.933307],[128.973138,34.933325],[128.9732,34.933379],[128.973395,34.93346],[128.973506,34.933507],[128.973817,34.933611],[128.973857,34.933582],[128.973976,34.933608],[128.974102,34.933625],[128.974208,34.933617],[128.974285,34.933607],[128.974307,34.93357],[128.974253,34.933554],[128.974222,34.933563],[128.974135,34.933556],[128.974014,34.933452],[128.974515,34.93333],[128.974639,34.933341],[128.97447,34.93321],[128.974348,34.933167],[128.974546,34.93286],[128.974388,34.932863],[128.974328,34.932798],[128.974153,34.932783],[128.974037,34.932869],[128.973927,34.932948],[128.973876,34.932933],[128.973943,34.932826],[128.973717,34.932759],[128.973381,34.932709],[128.973329,34.932764],[128.973386,34.93281],[128.973402,34.932849],[128.973694,34.933095],[128.973662,34.933144],[128.973484,34.933095],[128.973358,34.93309]]],[[[128.976129,34.93367],[128.97651,34.933639],[128.976619,34.933554],[128.97644,34.933345],[128.976499,34.933231],[128.976839,34.933227],[128.976554,34.933016],[128.975854,34.933196],[128.975401,34.933299],[128.97519,34.93385],[128.975513,34.934069],[128.976204,34.93405],[128.976129,34.933793],[128.975716,34.933639],[128.976129,34.93367]]],[[[128.988553,34.978085],[128.988687,34.978008],[128.988681,34.977962],[128.988515,34.977867],[128.988419,34.977971],[128.988553,34.978085]]],[[[128.997433,34.97998],[128.997455,34.979945],[128.997348,34.979907],[128.997276,34.979931],[128.997314,34.979973],[128.997369,34.980008],[128.997399,34.980057],[128.997437,34.980029],[128.997518,34.980092],[128.997557,34.98006],[128.99751,34.979997],[128.997433,34.97998]]],[[[128.996883,34.979907],[128.996939,34.979987],[128.997045,34.98005],[128.997105,34.980081],[128.997203,34.980116],[128.997246,34.980053],[128.997203,34.980001],[128.997186,34.979956],[128.997088,34.979945],[128.997007,34.9799],[128.996883,34.979907]]],[[[128.996023,34.98006],[128.99592,34.980043],[128.995857,34.980102],[128.995895,34.980123],[128.995899,34.980186],[128.995844,34.980259],[128.995942,34.980329],[128.996057,34.980148],[128.996023,34.98006]]],[[[128.997203,34.980158],[128.997096,34.980102],[128.996956,34.980088],[128.996926,34.980151],[128.996986,34.980242],[128.997114,34.980308],[128.997212,34.980305],[128.997339,34.980308],[128.997258,34.980238],[128.997203,34.980158]]],[[[128.988298,34.97852],[128.98802,34.97848],[128.987996,34.978717],[128.987946,34.978788],[128.987947,34.978863],[128.988115,34.978885],[128.988191,34.978995],[128.987984,34.979023],[128.987969,34.979085],[128.988008,34.979188],[128.988169,34.979259],[128.988348,34.979459],[128.988736,34.979615],[128.988933,34.979863],[128.98896,34.98002],[128.989148,34.980334],[128.989078,34.980289],[128.989015,34.980289],[128.989012,34.980332],[128.989028,34.980377],[128.989081,34.980395],[128.98912,34.980456],[128.989194,34.980504],[128.988995,34.980489],[128.989083,34.980551],[128.989069,34.980645],[128.989309,34.980883],[128.989317,34.981001],[128.989603,34.981099],[128.989682,34.981102],[128.989714,34.981175],[128.989593,34.981155],[128.989513,34.981212],[128.989545,34.981459],[128.989582,34.981521],[128.989625,34.981571],[128.98966,34.981597],[128.989705,34.981635],[128.989714,34.981663],[128.98967,34.981666],[128.98968,34.981688],[128.989698,34.981723],[128.989657,34.981713],[128.989612,34.981732],[128.989611,34.981755],[128.989582,34.981778],[128.989594,34.981835],[128.989667,34.981864],[128.989746,34.981883],[128.989884,34.981861],[128.990056,34.981949],[128.990136,34.981908],[128.990205,34.9818],[128.990049,34.981731],[128.990049,34.981627],[128.989984,34.981588],[128.989956,34.981507],[128.990093,34.981581],[128.990144,34.981563],[128.990152,34.981468],[128.990179,34.981463],[128.990199,34.981403],[128.990183,34.981341],[128.990213,34.98128],[128.990015,34.981111],[128.990178,34.981089],[128.990339,34.981116],[128.99036,34.98105],[128.99068,34.98079],[128.990776,34.980878],[128.991268,34.981009],[128.99139,34.980944],[128.991422,34.980939],[128.991478,34.980972],[128.991514,34.980917],[128.991467,34.98087],[128.99158,34.980893],[128.99159,34.980932],[128.991634,34.980951],[128.991733,34.980974],[128.991888,34.980968],[128.991958,34.980942],[128.992095,34.980994],[128.992086,34.981029],[128.991989,34.981056],[128.991928,34.981126],[128.991978,34.981299],[128.992059,34.981343],[128.992089,34.981396],[128.992169,34.981432],[128.992211,34.981413],[128.99232,34.981495],[128.992412,34.9815],[128.992382,34.981554],[128.992406,34.981594],[128.9925,34.981633],[128.992532,34.981681],[128.992672,34.981749],[128.992749,34.981742],[128.992804,34.981768],[128.992814,34.981834],[128.992663,34.981838],[128.992574,34.981835],[128.992498,34.981911],[128.992513,34.98198],[128.992597,34.982107],[128.992663,34.982078],[128.992817,34.982122],[128.993062,34.982171],[128.993351,34.982147],[128.993283,34.982097],[128.993049,34.98205],[128.993337,34.982032],[128.993144,34.981964],[128.993061,34.981897],[128.993007,34.981957],[128.992931,34.981855],[128.992845,34.981843],[128.992859,34.981819],[128.992927,34.981794],[128.993055,34.981821],[128.993068,34.981763],[128.99318,34.981759],[128.993251,34.981806],[128.993392,34.981828],[128.993403,34.981887],[128.993513,34.981904],[128.993496,34.981862],[128.993859,34.981946],[128.993815,34.981907],[128.993693,34.981852],[128.993612,34.981836],[128.993562,34.981867],[128.993426,34.981854],[128.993405,34.981801],[128.993516,34.981773],[128.993374,34.981693],[128.993494,34.981701],[128.993586,34.981779],[128.993635,34.981762],[128.993708,34.981798],[128.993722,34.981763],[128.993795,34.981778],[128.993933,34.981783],[128.993951,34.981719],[128.993881,34.981657],[128.993885,34.981617],[128.993847,34.981592],[128.993921,34.981573],[128.993908,34.981528],[128.993968,34.981552],[128.994023,34.981543],[128.99401,34.981487],[128.993898,34.981396],[128.993724,34.98126],[128.993461,34.981064],[128.993503,34.981045],[128.993597,34.981109],[128.993738,34.981153],[128.993748,34.981201],[128.993979,34.981309],[128.994004,34.981267],[128.993947,34.981216],[128.993928,34.981168],[128.993898,34.981157],[128.993901,34.981129],[128.993941,34.981139],[128.993954,34.981119],[128.99395,34.981081],[128.993875,34.981033],[128.993766,34.980993],[128.993715,34.981002],[128.993669,34.980976],[128.993597,34.980953],[128.993537,34.980956],[128.993468,34.980935],[128.993466,34.980916],[128.993513,34.980908],[128.993551,34.980918],[128.993583,34.980893],[128.993543,34.980868],[128.993596,34.980868],[128.993733,34.980911],[128.993745,34.980885],[128.993833,34.980939],[128.993886,34.980922],[128.99386,34.980867],[128.993927,34.980889],[128.993916,34.980828],[128.99382,34.980774],[128.9938,34.980722],[128.993797,34.980696],[128.993689,34.98066],[128.993668,34.980619],[128.993589,34.980567],[128.993513,34.98055],[128.993474,34.980514],[128.993378,34.980502],[128.993287,34.980486],[128.993177,34.980439],[128.993085,34.980421],[128.993086,34.980451],[128.992975,34.980458],[128.992944,34.980414],[128.99287,34.980391],[128.992795,34.980382],[128.992785,34.980422],[128.992845,34.980469],[128.992765,34.980462],[128.992808,34.98051],[128.992875,34.980567],[128.992925,34.980579],[128.992921,34.980607],[128.993051,34.980681],[128.993051,34.980693],[128.993224,34.980819],[128.993128,34.980788],[128.99297,34.98069],[128.992755,34.980591],[128.992829,34.980659],[128.992798,34.980697],[128.992759,34.980704],[128.992759,34.980762],[128.992762,34.980798],[128.992779,34.980828],[128.992764,34.980855],[128.992726,34.980866],[128.992725,34.98084],[128.992753,34.980821],[128.992672,34.980784],[128.992702,34.980841],[128.99267,34.980866],[128.992455,34.980685],[128.992558,34.980422],[128.992341,34.980189],[128.992211,34.980138],[128.992061,34.98013],[128.991956,34.979911],[128.992194,34.979756],[128.992205,34.979529],[128.991994,34.979309],[128.991848,34.979269],[128.991635,34.979346],[128.991632,34.979463],[128.991449,34.97963],[128.991503,34.979434],[128.991417,34.979157],[128.99124,34.979034],[128.991146,34.979162],[128.99113,34.979316],[128.990972,34.979281],[128.990908,34.979124],[128.990831,34.979162],[128.990795,34.97919],[128.990766,34.979171],[128.990739,34.979221],[128.990764,34.979251],[128.990713,34.979242],[128.990719,34.979309],[128.990766,34.979347],[128.990823,34.979369],[128.990893,34.979384],[128.990939,34.979412],[128.990995,34.979418],[128.991007,34.979448],[128.991032,34.979451],[128.991039,34.979478],[128.99093,34.979452],[128.990864,34.979412],[128.990807,34.979419],[128.990826,34.979382],[128.990702,34.979339],[128.990623,34.979392],[128.990546,34.979313],[128.990529,34.979278],[128.990501,34.979257],[128.990531,34.979211],[128.990505,34.979163],[128.990454,34.979141],[128.990455,34.979108],[128.990424,34.979087],[128.990413,34.97905],[128.990322,34.979029],[128.990472,34.979006],[128.990517,34.978927],[128.990472,34.978865],[128.990426,34.97882],[128.990469,34.978775],[128.990416,34.978732],[128.990414,34.978708],[128.990325,34.978636],[128.990146,34.97861],[128.990092,34.978645],[128.990044,34.978623],[128.990051,34.978591],[128.98998,34.97859],[128.989884,34.978679],[128.989998,34.978786],[128.989915,34.9789],[128.989803,34.978804],[128.989529,34.978795],[128.98927,34.97861],[128.989086,34.978654],[128.988941,34.9786],[128.988821,34.978478],[128.988815,34.978445],[128.988791,34.978406],[128.988679,34.978375],[128.988736,34.978374],[128.988791,34.978377],[128.988801,34.978361],[128.988844,34.978372],[128.98885,34.978319],[128.988826,34.978303],[128.988797,34.97825],[128.988696,34.97824],[128.988637,34.978244],[128.988602,34.978255],[128.988544,34.978251],[128.988451,34.978303],[128.988376,34.978276],[128.98833,34.978347],[128.988403,34.978404],[128.988494,34.97838],[128.988483,34.978478],[128.988392,34.978456],[128.988298,34.97852]]],[[[128.996525,34.980158],[128.996466,34.980186],[128.996445,34.980242],[128.996496,34.980364],[128.996572,34.980451],[128.996683,34.980507],[128.996798,34.9805],[128.996837,34.980441],[128.996781,34.980371],[128.996692,34.98035],[128.996692,34.980287],[128.996632,34.980266],[128.996662,34.980207],[128.996649,34.980134],[128.996572,34.980113],[128.996491,34.980074],[128.996525,34.980158]]],[[[128.99699,34.98065],[128.996871,34.980689],[128.996888,34.980759],[128.99699,34.980814],[128.997084,34.980856],[128.997212,34.980895],[128.997224,34.980818],[128.997109,34.980751],[128.99699,34.98065]]],[[[128.99647,34.980779],[128.996487,34.980832],[128.996568,34.980877],[128.996658,34.980877],[128.996683,34.980811],[128.996585,34.980755],[128.996496,34.980682],[128.99647,34.980779]]],[[[128.996312,34.981034],[128.9963,34.980982],[128.996317,34.98093],[128.996261,34.980877],[128.996159,34.980821],[128.996125,34.980748],[128.995993,34.980692],[128.995899,34.980724],[128.995903,34.980807],[128.995886,34.98086],[128.995882,34.980926],[128.995899,34.980999],[128.995963,34.981034],[128.996065,34.981066],[128.996151,34.981062],[128.996231,34.981038],[128.996312,34.981034]]],[[[128.995805,34.980933],[128.995835,34.980856],[128.995801,34.980755],[128.995737,34.980748],[128.995665,34.9808],[128.995652,34.98087],[128.995712,34.980926],[128.995716,34.980999],[128.995746,34.981069],[128.995857,34.981087],[128.995835,34.981006],[128.995805,34.980933]]],[[[128.996707,34.98153],[128.996758,34.981519],[128.996672,34.981488],[128.996815,34.981484],[128.996901,34.981543],[128.996949,34.981567],[128.996981,34.981521],[128.996933,34.981495],[128.996957,34.981473],[128.996911,34.98144],[128.996925,34.981409],[128.996903,34.981378],[128.996815,34.98135],[128.996632,34.981279],[128.996627,34.981255],[128.996506,34.981237],[128.996436,34.981244],[128.996476,34.981319],[128.996517,34.981343],[128.996522,34.981389],[128.996525,34.981438],[128.996511,34.981504],[128.996562,34.981532],[128.996613,34.981543],[128.996707,34.98153]]],[[[128.993426,34.982279],[128.993392,34.982272],[128.993367,34.982284],[128.993359,34.982303],[128.993336,34.982304],[128.993357,34.982344],[128.993383,34.982336],[128.993433,34.982351],[128.993471,34.982358],[128.993522,34.982352],[128.99351,34.982325],[128.993469,34.9823],[128.993426,34.982279]]],[[[128.994695,34.982654],[128.994724,34.982654],[128.99473,34.982614],[128.994631,34.982562],[128.994582,34.982621],[128.994569,34.982683],[128.994671,34.982694],[128.994695,34.982654]]],[[[128.972017,35.026798],[128.972012,35.026963],[128.971549,35.026918],[128.971332,35.027167],[128.971203,35.027152],[128.971127,35.026743],[128.970878,35.026543],[128.97074,35.026429],[128.970458,35.026475],[128.970262,35.026317],[128.970111,35.026358],[128.970067,35.026663],[128.970189,35.027294],[128.970613,35.027423],[128.970988,35.027362],[128.971151,35.027219],[128.971062,35.027572],[128.971291,35.028081],[128.971982,35.028123],[128.971483,35.02845],[128.971564,35.02917],[128.971928,35.02963],[128.972178,35.029479],[128.972056,35.029865],[128.972221,35.030027],[128.972545,35.029943],[128.972762,35.03051],[128.973451,35.031088],[128.974106,35.031207],[128.974428,35.031022],[128.974606,35.030428],[128.975032,35.030184],[128.97536,35.02963],[128.975199,35.029202],[128.974903,35.028845],[128.974829,35.028616],[128.974744,35.028175],[128.974472,35.02789],[128.974293,35.027494],[128.974219,35.027233],[128.974078,35.027176],[128.973883,35.027187],[128.973861,35.026728],[128.973892,35.026452],[128.973893,35.025993],[128.973803,35.025532],[128.973659,35.025261],[128.973471,35.025174],[128.97333,35.02512],[128.97318,35.02526],[128.97302,35.02538],[128.97286,35.0255],[128.972341,35.026127],[128.97225,35.02655],[128.97239,35.02705],[128.972218,35.027123],[128.972017,35.026798]]],[[[128.977838,35.030824],[128.978064,35.030851],[128.978115,35.030744],[128.97811,35.030524],[128.977927,35.030504],[128.977693,35.030378],[128.977747,35.030225],[128.977769,35.02978],[128.977656,35.029578],[128.977545,35.029529],[128.977474,35.029934],[128.977246,35.029292],[128.977066,35.029112],[128.977075,35.028962],[128.976946,35.028835],[128.976703,35.028761],[128.9766,35.02898],[128.97664,35.02967],[128.976898,35.030419],[128.977184,35.030581],[128.977415,35.030541],[128.977658,35.0304],[128.977737,35.03057],[128.977838,35.030824]]],[[[128.974914,35.035619],[128.975056,35.035571],[128.975035,35.035502],[128.974821,35.035269],[128.97488,35.035201],[128.974821,35.035156],[128.974725,35.035156],[128.974658,35.035242],[128.974654,35.035334],[128.974771,35.035448],[128.9747,35.035537],[128.9747,35.035578],[128.974914,35.035619]]],[[[128.982525,35.038021],[128.982901,35.037915],[128.983063,35.037816],[128.983179,35.037933],[128.983346,35.037938],[128.983496,35.037742],[128.983417,35.037633],[128.983168,35.037624],[128.982919,35.037471],[128.983096,35.037382],[128.98335,35.037414],[128.983503,35.037386],[128.983569,35.037225],[128.983268,35.037214],[128.983081,35.037305],[128.983013,35.037068],[128.982777,35.036978],[128.982859,35.036474],[128.982782,35.036105],[128.982416,35.036048],[128.981731,35.036243],[128.981566,35.036554],[128.981518,35.036902],[128.981775,35.037208],[128.981902,35.037596],[128.982082,35.03761],[128.982346,35.037874],[128.982525,35.038021]]],[[[128.99178,35.043777],[128.991849,35.043888],[128.992001,35.043883],[128.992142,35.043698],[128.992048,35.043575],[128.991888,35.043588],[128.99178,35.043777]]],[[[128.982132,35.045495],[128.982223,35.045252],[128.982396,35.045169],[128.982316,35.045059],[128.982166,35.045141],[128.98199,35.044576],[128.981888,35.0444],[128.981592,35.044403],[128.981452,35.044093],[128.98132,35.044101],[128.981233,35.044308],[128.981416,35.044518],[128.981383,35.044686],[128.98145,35.045066],[128.981291,35.045242],[128.98132,35.045405],[128.981459,35.045561],[128.98181,35.045734],[128.982132,35.045495]]],[[[128.982546,35.046425],[128.982459,35.046373],[128.982395,35.046449],[128.982366,35.046578],[128.982337,35.046654],[128.982261,35.046807],[128.982296,35.04685],[128.982436,35.046883],[128.982587,35.046854],[128.982762,35.046816],[128.982744,35.04674],[128.982715,35.046654],[128.982692,35.046544],[128.982546,35.046425]]],[[[128.951464,35.061971],[128.951478,35.061916],[128.951473,35.061869],[128.951389,35.061857],[128.951337,35.061887],[128.95133,35.061951],[128.951386,35.061991],[128.951464,35.061971]]]]}},{"type":"Feature","properties":{"role":"district","name":"북구","nameEn":"Buk-gu","adminLevel":6,"osmRelation":4061473,"areaKm2":39.55,"areaKm2BeforeSeaClip":39.55,"polygonCount":1,"pointCount":197},"geometry":{"type":"MultiPolygon","coordinates":[[[[128.988387,35.201803],[128.992805,35.206823],[128.994379,35.211387],[128.996898,35.224436],[128.998356,35.232027],[129.0011,35.235669],[129.003788,35.242881],[129.014256,35.270954],[129.01284,35.273511],[129.016574,35.275141],[129.017099,35.275412],[129.018033,35.275535],[129.018301,35.275386],[129.019242,35.275545],[129.022321,35.276386],[129.023987,35.276787],[129.024728,35.276875],[129.025607,35.276778],[129.0277,35.276227],[129.029362,35.276402],[129.03036,35.276682],[129.03271,35.276831],[129.033965,35.276638],[129.036272,35.276419],[129.037557,35.27602],[129.038891,35.27602],[129.04067,35.275443],[129.047479,35.274483],[129.046324,35.273032],[129.046235,35.272095],[129.045828,35.271412],[129.044628,35.270874],[129.043525,35.269894],[129.043125,35.269151],[129.042444,35.268383],[129.04234,35.266086],[129.042162,35.26452],[129.041918,35.263855],[129.041437,35.263413],[129.039882,35.262912],[129.039356,35.262912],[129.037942,35.262416],[129.03672,35.260953],[129.036661,35.260197],[129.036868,35.259919],[129.037779,35.259629],[129.038631,35.259363],[129.038942,35.259072],[129.039304,35.259024],[129.040178,35.259133],[129.041126,35.258655],[129.042296,35.257519],[129.042851,35.257398],[129.043688,35.257694],[129.045576,35.257101],[129.047124,35.257023],[129.047716,35.256775],[129.047938,35.255813],[129.048523,35.255094],[129.046909,35.254078],[129.045535,35.252258],[129.04548,35.252186],[129.045479,35.251385],[129.045465,35.249664],[129.045583,35.249089],[129.046198,35.248733],[129.046302,35.24837],[129.045613,35.24782],[129.045583,35.247408],[129.045665,35.246925],[129.046131,35.246556],[129.047316,35.246308],[129.04853,35.245975],[129.049182,35.24534],[129.04973,35.244863],[129.049723,35.244312],[129.050026,35.243961],[129.0503,35.242988],[129.05033,35.242153],[129.050937,35.241113],[129.050759,35.240109],[129.04993,35.23899],[129.048656,35.238162],[129.047945,35.237297],[129.047398,35.235616],[129.046398,35.234455],[129.045731,35.233457],[129.045828,35.232918],[129.046205,35.232011],[129.046006,35.231418],[129.04525,35.229925],[129.046731,35.229568],[129.04916,35.227868],[129.054773,35.227771],[129.055987,35.227898],[129.05649,35.227789],[129.056875,35.227765],[129.057083,35.228267],[129.059592,35.229569],[129.059652,35.228939],[129.059156,35.227947],[129.059149,35.226912],[129.059423,35.226652],[129.060008,35.226465],[129.06017,35.225884],[129.06,35.225557],[129.059356,35.225243],[129.057275,35.2222],[129.056898,35.220767],[129.056224,35.21998],[129.056135,35.218879],[129.055728,35.218208],[129.055061,35.217524],[129.054728,35.216762],[129.054373,35.216423],[129.053499,35.21603],[129.052995,35.215262],[129.052596,35.214615],[129.051692,35.213828],[129.051381,35.212636],[129.051417,35.212076],[129.051522,35.210459],[129.051677,35.21012],[129.051589,35.209545],[129.051115,35.209194],[129.050974,35.208547],[129.05053,35.208305],[129.050322,35.207192],[129.049959,35.206659],[129.048234,35.20528],[129.047834,35.204481],[129.046909,35.203549],[129.046235,35.202351],[129.04622,35.201958],[129.04608,35.201783],[129.045672,35.201668],[129.04508,35.201892],[129.044636,35.201934],[129.043747,35.202236],[129.043518,35.20214],[129.043421,35.201613],[129.043769,35.200591],[129.043606,35.199538],[129.043806,35.198382],[129.041452,35.199042],[129.040193,35.199387],[129.039282,35.19938],[129.038475,35.199126],[129.037364,35.198267],[129.036417,35.198334],[129.035965,35.198461],[129.035336,35.198406],[129.033847,35.19768],[129.033033,35.196277],[129.031833,35.19529],[129.029871,35.194975],[129.028163,35.193898],[129.02665,35.193481],[129.02568,35.193566],[129.024406,35.191133],[129.02357,35.190697],[129.022866,35.189469],[129.021244,35.187607],[129.01931,35.187579],[129.017985,35.187752],[129.015537,35.189477],[129.014592,35.189513],[129.01332,35.189246],[129.011156,35.188062],[129.009716,35.187622],[129.008294,35.187564],[129.007498,35.187961],[129.006138,35.189939],[129.005343,35.190033],[129.004071,35.189629],[129.0015,35.189434],[129.001041,35.189578],[129.000465,35.190081],[128.999401,35.191009],[128.998196,35.192062],[128.994459,35.194087],[128.994904,35.194692],[128.993932,35.195067],[128.993401,35.194178],[128.992617,35.194297],[128.992064,35.194109],[128.991792,35.194129],[128.99153,35.193981],[128.991217,35.193787],[128.990354,35.193902],[128.990628,35.195619],[128.989685,35.195698],[128.9893,35.195734],[128.987986,35.195857],[128.988181,35.196641],[128.985299,35.198923],[128.988387,35.201803]]]]}},{"type":"Feature","properties":{"role":"district","name":"사상구","nameEn":"Sasang-gu","adminLevel":6,"osmRelation":4010399,"areaKm2":36.86,"areaKm2BeforeSeaClip":36.86,"polygonCount":1,"pointCount":167},"geometry":{"type":"MultiPolygon","coordinates":[[[[128.956367,35.121308],[128.957586,35.126734],[128.9585,35.130314],[128.959346,35.133627],[128.960361,35.144007],[128.960226,35.150898],[128.961072,35.156931],[128.962595,35.163295],[128.963035,35.168801],[128.96246,35.176963],[128.9629,35.183243],[128.964491,35.18576],[128.969195,35.189412],[128.971631,35.19068],[128.976845,35.193395],[128.985299,35.198923],[128.988181,35.196641],[128.987986,35.195857],[128.9893,35.195734],[128.989685,35.195698],[128.990628,35.195619],[128.990354,35.193902],[128.991217,35.193787],[128.99153,35.193981],[128.991792,35.194129],[128.992064,35.194109],[128.992617,35.194297],[128.993401,35.194178],[128.993932,35.195067],[128.994904,35.194692],[128.994459,35.194087],[128.998196,35.192062],[128.999401,35.191009],[129.000465,35.190081],[129.001041,35.189578],[129.0015,35.189434],[129.004071,35.189629],[129.005343,35.190033],[129.006138,35.189939],[129.007498,35.187961],[129.008294,35.187564],[129.009716,35.187622],[129.011156,35.188062],[129.01332,35.189246],[129.014592,35.189513],[129.015537,35.189477],[129.017985,35.187752],[129.01931,35.187579],[129.021244,35.187607],[129.021889,35.184828],[129.021881,35.183246],[129.021377,35.181961],[129.020343,35.180856],[129.01923,35.179759],[129.019127,35.179721],[129.018002,35.179304],[129.016765,35.178546],[129.015423,35.177311],[129.014,35.176105],[129.012993,35.175925],[129.011933,35.174589],[129.01112,35.173636],[129.010387,35.17326],[129.009901,35.172516],[129.010007,35.171664],[129.010608,35.170928],[129.010546,35.170408],[129.011014,35.169794],[129.011677,35.169295],[129.01196,35.168602],[129.012066,35.167526],[129.012631,35.166725],[129.012695,35.165975],[129.012764,35.165157],[129.012154,35.163475],[129.011792,35.162651],[129.011253,35.161445],[129.011156,35.160846],[129.011465,35.15956],[129.011425,35.159463],[129.011765,35.158361],[129.013958,35.1564],[129.015481,35.156231],[129.016467,35.154064],[129.016522,35.153623],[129.016506,35.153354],[129.016705,35.153018],[129.016729,35.152796],[129.016464,35.1526],[129.016679,35.152007],[129.016409,35.151646],[129.016296,35.151321],[129.016508,35.151231],[129.017153,35.151402],[129.01705,35.150487],[129.016259,35.150485],[129.016328,35.148241],[129.01636,35.147234],[129.016307,35.147162],[129.014189,35.145599],[129.014269,35.145507],[129.014912,35.143801],[129.016061,35.143229],[129.016423,35.142596],[129.016336,35.141635],[129.014674,35.139939],[129.012394,35.138588],[129.011033,35.13797],[129.010345,35.138076],[129.00705,35.139384],[129.005992,35.139904],[129.005812,35.140179],[129.005476,35.140193],[129.005184,35.139855],[129.004449,35.13822],[129.004054,35.137817],[129.004054,35.137599],[129.004358,35.137181],[129.004376,35.136907],[129.004182,35.13638],[129.003324,35.135659],[129.003178,35.135127],[129.003172,35.134624],[129.004072,35.133968],[129.005027,35.132988],[129.004948,35.132013],[129.005197,35.131217],[129.004861,35.128565],[129.004308,35.127326],[129.003967,35.126739],[129.001115,35.125212],[128.999564,35.123635],[128.999339,35.122616],[128.998972,35.122309],[128.996628,35.123126],[128.994961,35.122911],[128.993337,35.123001],[128.991374,35.123354],[128.988666,35.123721],[128.987287,35.124489],[128.986669,35.123202],[128.985696,35.122205],[128.984333,35.121589],[128.983631,35.120821],[128.98292,35.120018],[128.981871,35.119548],[128.981135,35.117962],[128.97968,35.116827],[128.975982,35.116717],[128.975463,35.116866],[128.975093,35.116973],[128.974518,35.117513],[128.973409,35.117623],[128.972809,35.117769],[128.971886,35.118862],[128.970118,35.119762],[128.968679,35.120769],[128.967829,35.120638],[128.967105,35.120558],[128.966187,35.120724],[128.964415,35.12124],[128.963416,35.119907],[128.96254,35.119855],[128.96122,35.119167],[128.960971,35.118983],[128.956057,35.119801],[128.956367,35.121308]]]]}},{"type":"Feature","properties":{"role":"district","name":"부산진구","nameEn":"Busanjin-gu","adminLevel":6,"osmRelation":4114426,"areaKm2":29.65,"areaKm2BeforeSeaClip":29.65,"polygonCount":3,"pointCount":316},"geometry":{"type":"MultiPolygon","coordinates":[[[[129.010387,35.17326],[129.01112,35.173636],[129.011933,35.174589],[129.012993,35.175925],[129.014,35.176105],[129.015423,35.177311],[129.016765,35.178546],[129.018002,35.179304],[129.019127,35.179721],[129.01923,35.179759],[129.020343,35.180856],[129.021377,35.181961],[129.021881,35.183246],[129.021889,35.184828],[129.021244,35.187607],[129.022866,35.189469],[129.02357,35.190697],[129.024406,35.191133],[129.02568,35.193566],[129.02665,35.193481],[129.028163,35.193898],[129.029871,35.194975],[129.031833,35.19529],[129.033033,35.196277],[129.033847,35.19768],[129.035336,35.198406],[129.035965,35.198461],[129.036417,35.198334],[129.037364,35.198267],[129.038475,35.199126],[129.039282,35.19938],[129.040193,35.199387],[129.041452,35.199042],[129.043806,35.198382],[129.04458,35.19751],[129.04547,35.196914],[129.047357,35.194122],[129.04655,35.192344],[129.046527,35.191387],[129.04876,35.188822],[129.049896,35.187549],[129.050325,35.187067],[129.050663,35.18672],[129.050742,35.185917],[129.050907,35.185088],[129.051112,35.184824],[129.054108,35.184014],[129.055005,35.184059],[129.055258,35.184169],[129.05587,35.184271],[129.056247,35.184271],[129.057081,35.183982],[129.058913,35.183969],[129.059582,35.184098],[129.060203,35.184078],[129.061013,35.183674],[129.061304,35.183397],[129.061595,35.183044],[129.06191,35.182215],[129.062208,35.181122],[129.062146,35.180723],[129.06176,35.180434],[129.06176,35.180132],[129.062051,35.17983],[129.062177,35.179386],[129.062625,35.178776],[129.062775,35.178165],[129.062893,35.177901],[129.063074,35.177785],[129.063514,35.177721],[129.064985,35.177766],[129.06574,35.177467],[129.066396,35.177127],[129.066853,35.176535],[129.066856,35.176384],[129.067143,35.176362],[129.067214,35.176616],[129.069102,35.176436],[129.070285,35.175822],[129.070668,35.176307],[129.071964,35.177949],[129.071654,35.178579],[129.071594,35.178781],[129.071779,35.179173],[129.072058,35.179827],[129.075306,35.178097],[129.074866,35.1775],[129.076282,35.176802],[129.075908,35.176413],[129.077006,35.175838],[129.077312,35.175288],[129.077839,35.175458],[129.07859,35.175536],[129.078793,35.17518],[129.079261,35.174361],[129.079498,35.173947],[129.079923,35.173234],[129.080055,35.172956],[129.080092,35.17288],[129.08021,35.17263],[129.08049,35.172418],[129.080549,35.172199],[129.081756,35.171945],[129.082593,35.171444],[129.082821,35.171228],[129.082837,35.170984],[129.082444,35.170197],[129.082055,35.16902],[129.082019,35.168149],[129.08173,35.167804],[129.081652,35.167485],[129.081508,35.167394],[129.08084,35.167376],[129.079995,35.166703],[129.079439,35.166403],[129.079217,35.165949],[129.078227,35.164776],[129.078182,35.162803],[129.078638,35.162175],[129.079083,35.160993],[129.079439,35.160621],[129.080862,35.159711],[129.082267,35.158952],[129.083012,35.158409],[129.082339,35.157921],[129.082034,35.157434],[129.081991,35.156176],[129.08186,35.155725],[129.081562,35.155345],[129.080052,35.154467],[129.079958,35.15417],[129.08003,35.153357],[129.079929,35.152828],[129.079697,35.152615],[129.078579,35.15236],[129.077933,35.152092],[129.076764,35.151303],[129.076136,35.151083],[129.075242,35.150816],[129.07367,35.150096],[129.072343,35.149842],[129.072028,35.149621],[129.071494,35.149122],[129.071367,35.148915],[129.071129,35.148205],[129.070585,35.148133],[129.068817,35.147898],[129.068532,35.147902],[129.067478,35.147917],[129.066556,35.147771],[129.066492,35.14795],[129.066276,35.148334],[129.065812,35.148973],[129.065461,35.149376],[129.065238,35.149329],[129.063097,35.148612],[129.063137,35.146476],[129.063193,35.143543],[129.063338,35.143091],[129.064533,35.141444],[129.059678,35.141341],[129.05918,35.141339],[129.05798,35.142044],[129.057949,35.142062],[129.057707,35.142048],[129.05749,35.142062],[129.057503,35.14437],[129.056945,35.143889],[129.056762,35.143633],[129.056668,35.143361],[129.056599,35.142512],[129.056567,35.14235],[129.056181,35.142116],[129.055311,35.141916],[129.055007,35.141933],[129.054703,35.141906],[129.05446,35.141908],[129.05398,35.142048],[129.053254,35.142072],[129.052945,35.142144],[129.052799,35.142136],[129.052611,35.142079],[129.052535,35.142009],[129.052407,35.141957],[129.052072,35.141947],[129.051882,35.142033],[129.051781,35.142085],[129.050703,35.143169],[129.050625,35.143206],[129.049414,35.143399],[129.048663,35.143492],[129.048384,35.143695],[129.048256,35.143843],[129.048078,35.144207],[129.04796,35.144404],[129.047791,35.144601],[129.047402,35.144889],[129.046749,35.145257],[129.0464,35.145505],[129.045716,35.145645],[129.045224,35.145807],[129.044437,35.145906],[129.044141,35.145891],[129.043227,35.145807],[129.04243,35.145914],[129.041973,35.145902],[129.041572,35.145792],[129.041344,35.14565],[129.040992,35.145508],[129.040825,35.145416],[129.040327,35.144934],[129.040084,35.144504],[129.039746,35.144176],[129.039407,35.143847],[129.039093,35.143687],[129.038972,35.143597],[129.03889,35.143462],[129.038803,35.143269],[129.038595,35.143135],[129.038805,35.142978],[129.038961,35.142608],[129.038952,35.142335],[129.039217,35.142187],[129.039219,35.142087],[129.039235,35.141988],[129.039212,35.14186],[129.039237,35.141768],[129.038749,35.140324],[129.037951,35.139454],[129.03747,35.13893],[129.036823,35.138505],[129.034663,35.136663],[129.033718,35.136605],[129.032126,35.136936],[129.029803,35.136628],[129.028211,35.136227],[129.027529,35.135489],[129.027117,35.135042],[129.025481,35.134673],[129.025312,35.134858],[129.025016,35.134988],[129.024469,35.13526],[129.023353,35.135906],[129.022373,35.136455],[129.021393,35.136719],[129.020948,35.136752],[129.020201,35.136626],[129.018483,35.136069],[129.01735,35.135674],[129.016642,35.135061],[129.016164,35.135739],[129.015972,35.136086],[129.015156,35.136584],[129.01443,35.136592],[129.013381,35.136831],[129.011729,35.137499],[129.011033,35.13797],[129.012394,35.138588],[129.014674,35.139939],[129.016336,35.141635],[129.016423,35.142596],[129.016061,35.143229],[129.014912,35.143801],[129.014269,35.145507],[129.014189,35.145599],[129.016307,35.147162],[129.01636,35.147234],[129.016328,35.148241],[129.016259,35.150485],[129.01705,35.150487],[129.017153,35.151402],[129.016508,35.151231],[129.016296,35.151321],[129.016409,35.151646],[129.016679,35.152007],[129.016464,35.1526],[129.016729,35.152796],[129.016705,35.153018],[129.016506,35.153354],[129.016522,35.153623],[129.016467,35.154064],[129.015481,35.156231],[129.013958,35.1564],[129.011765,35.158361],[129.011425,35.159463],[129.011465,35.15956],[129.011156,35.160846],[129.011253,35.161445],[129.011792,35.162651],[129.012154,35.163475],[129.012764,35.165157],[129.012695,35.165975],[129.012631,35.166725],[129.012066,35.167526],[129.01196,35.168602],[129.011677,35.169295],[129.011014,35.169794],[129.010546,35.170408],[129.010608,35.170928],[129.010007,35.171664],[129.009901,35.172516],[129.010387,35.17326]]],[[[129.056738,35.143269],[129.056799,35.14349],[129.056923,35.143698],[129.057058,35.143862],[129.057137,35.143929],[129.057147,35.142722],[129.056733,35.142721],[129.056717,35.142959],[129.056738,35.143269]]],[[[129.057088,35.142278],[129.057091,35.142131],[129.056806,35.142127],[129.056804,35.142276],[129.057088,35.142278]]]]}},{"type":"Feature","properties":{"role":"district","name":"남구","nameEn":"Nam-gu","adminLevel":6,"osmRelation":4068408,"areaKm2":27.37,"areaKm2BeforeSeaClip":86.88,"polygonCount":7,"pointCount":1098},"geometry":{"type":"MultiPolygon","coordinates":[[[[129.066424,35.129258],[129.066305,35.130358],[129.065869,35.134419],[129.065429,35.135221],[129.066075,35.136981],[129.066239,35.137429],[129.06626,35.138272],[129.065912,35.139387],[129.064533,35.141444],[129.063338,35.143091],[129.063193,35.143543],[129.063137,35.146476],[129.063097,35.148612],[129.065238,35.149329],[129.065461,35.149376],[129.065812,35.148973],[129.066276,35.148334],[129.066492,35.14795],[129.066556,35.147771],[129.067478,35.147917],[129.068532,35.147902],[129.068817,35.147898],[129.070585,35.148133],[129.071129,35.148205],[129.071367,35.148915],[129.071494,35.149122],[129.072028,35.149621],[129.072343,35.149842],[129.07367,35.150096],[129.075242,35.150816],[129.076136,35.151083],[129.076764,35.151303],[129.077933,35.152092],[129.078579,35.15236],[129.079697,35.152615],[129.079929,35.152828],[129.08003,35.153357],[129.079958,35.15417],[129.080052,35.154467],[129.081562,35.155345],[129.08186,35.155725],[129.081991,35.156176],[129.082034,35.157434],[129.082339,35.157921],[129.083012,35.158409],[129.083856,35.15877],[129.084589,35.158954],[129.085504,35.158971],[129.085933,35.159126],[129.087718,35.160538],[129.088459,35.160871],[129.08896,35.160912],[129.089475,35.160865],[129.090383,35.160556],[129.090688,35.160532],[129.091254,35.16055],[129.091726,35.160503],[129.092219,35.160408],[129.092851,35.160414],[129.093599,35.160758],[129.094721,35.161079],[129.095382,35.160488],[129.096489,35.159139],[129.096609,35.158994],[129.096775,35.15876],[129.096817,35.158623],[129.09696,35.158151],[129.097044,35.157893],[129.097506,35.157379],[129.097585,35.157209],[129.097622,35.156543],[129.097678,35.156062],[129.097835,35.15582],[129.098802,35.155113],[129.099042,35.154814],[129.099209,35.154265],[129.09972,35.153449],[129.099903,35.153191],[129.100648,35.152132],[129.101597,35.151591],[129.10165,35.151529],[129.101962,35.151167],[129.102129,35.150573],[129.102457,35.148969],[129.102888,35.14702],[129.103221,35.145677],[129.103406,35.144394],[129.103429,35.144236],[129.103337,35.143679],[129.103131,35.143116],[129.103093,35.142944],[129.102992,35.142489],[129.102873,35.142367],[129.102774,35.142266],[129.103623,35.141362],[129.104189,35.140849],[129.104698,35.140413],[129.105615,35.139679],[129.105817,35.139525],[129.106042,35.139346],[129.106231,35.13921],[129.106645,35.138911],[129.106772,35.138816],[129.107189,35.138548],[129.108959,35.137391],[129.109453,35.137022],[129.110918,35.135978],[129.111459,35.135573],[129.111523,35.135532],[129.111612,35.135457],[129.11138,35.135335],[129.111273,35.135277],[129.111184,35.135233],[129.111076,35.135168],[129.11075,35.134991],[129.110679,35.134951],[129.110618,35.134879],[129.10938,35.133428],[129.109409,35.133409],[129.108926,35.132843],[129.108976,35.132814],[129.109051,35.132769],[129.109163,35.132702],[129.110185,35.133898],[129.11043,35.134185],[129.110734,35.134439],[129.111038,35.13464],[129.111335,35.134784],[129.111617,35.134881],[129.111923,35.134973],[129.112135,35.135039],[129.112272,35.135087],[129.112315,35.135098],[129.11258,35.135071],[129.112855,35.134962],[129.117806,35.132122],[129.117244,35.131449],[129.117663,35.131211],[129.117107,35.13063],[129.117066,35.130542],[129.116913,35.130181],[129.1168,35.130007],[129.116662,35.129845],[129.11651,35.129671],[129.116251,35.129413],[129.115844,35.128971],[129.115541,35.128668],[129.1149,35.127995],[129.11452,35.127609],[129.113961,35.127001],[129.113619,35.126651],[129.113314,35.12633],[129.113242,35.12624],[129.113161,35.126084],[129.112884,35.125338],[129.112764,35.125023],[129.112769,35.124994],[129.112793,35.124985],[129.112807,35.124981],[129.113225,35.125839],[129.113405,35.126191],[129.115348,35.128186],[129.115433,35.128253],[129.1155,35.128281],[129.116493,35.127644],[129.117201,35.128439],[129.117149,35.12925],[129.116727,35.129284],[129.116675,35.129225],[129.11662,35.129266],[129.116694,35.129344],[129.117108,35.129335],[129.117161,35.12941],[129.117239,35.13023],[129.118323,35.131486],[129.118796,35.131227],[129.118889,35.131378],[129.118851,35.131477],[129.119213,35.131495],[129.119674,35.131985],[129.11918,35.132271],[129.118652,35.131715],[129.118323,35.131695],[129.118325,35.131733],[129.118601,35.131773],[129.120524,35.13388],[129.121396,35.134865],[129.121311,35.13535],[129.121512,35.135374],[129.121594,35.134933],[129.121495,35.134776],[129.12093,35.134144],[129.120942,35.134088],[129.120608,35.133681],[129.120756,35.133479],[129.120836,35.133498],[129.121052,35.133183],[129.120966,35.132967],[129.121101,35.132942],[129.121193,35.132899],[129.121144,35.13282],[129.121187,35.132784],[129.121083,35.132484],[129.121048,35.132356],[129.121141,35.132272],[129.121325,35.132391],[129.121622,35.132182],[129.121659,35.13196],[129.121488,35.131837],[129.121609,35.131778],[129.121808,35.131752],[129.121655,35.131503],[129.121686,35.131422],[129.121834,35.131476],[129.121888,35.13127],[129.121745,35.13117],[129.121597,35.131258],[129.121247,35.130771],[129.121341,35.130633],[129.121282,35.130559],[129.121321,35.130435],[129.121706,35.130427],[129.12176,35.130291],[129.121687,35.130146],[129.122096,35.129872],[129.121963,35.129756],[129.122114,35.129676],[129.122165,35.129792],[129.12243,35.129669],[129.122415,35.129548],[129.122305,35.129545],[129.122284,35.129349],[129.122361,35.129297],[129.122263,35.12901],[129.122391,35.128882],[129.122392,35.128723],[129.122232,35.128621],[129.122132,35.128583],[129.122257,35.128348],[129.122434,35.128295],[129.122532,35.128219],[129.123184,35.128187],[129.123189,35.128039],[129.12341,35.127862],[129.122834,35.127677],[129.122584,35.127131],[129.12262,35.126813],[129.122758,35.126469],[129.123087,35.125865],[129.123484,35.125467],[129.123846,35.125299],[129.124002,35.125169],[129.123921,35.125001],[129.124052,35.124651],[129.124211,35.124524],[129.124406,35.12449],[129.124424,35.124288],[129.124223,35.124007],[129.12422,35.12362],[129.124191,35.123151],[129.124421,35.122764],[129.124661,35.122535],[129.125286,35.12252],[129.125472,35.122369],[129.125696,35.122435],[129.125739,35.122291],[129.125582,35.122003],[129.125577,35.121577],[129.126242,35.121209],[129.126772,35.120749],[129.12692,35.120206],[129.127135,35.119754],[129.12751,35.11924],[129.127904,35.119263],[129.128009,35.119126],[129.127869,35.119034],[129.128143,35.119043],[129.128329,35.118796],[129.12867,35.11871],[129.128853,35.118437],[129.129044,35.118183],[129.128886,35.118032],[129.128761,35.118043],[129.128928,35.117762],[129.128409,35.117276],[129.128161,35.117107],[129.128367,35.117031],[129.128396,35.116913],[129.128355,35.116786],[129.127967,35.116573],[129.12767,35.116352],[129.127852,35.116177],[129.127595,35.116047],[129.127634,35.115762],[129.127878,35.115682],[129.128524,35.115238],[129.128525,35.114769],[129.12826,35.114553],[129.127984,35.114411],[129.127745,35.11442],[129.127916,35.114338],[129.127625,35.114153],[129.127691,35.114061],[129.12745,35.113742],[129.127253,35.113455],[129.127343,35.11327],[129.127542,35.113297],[129.127566,35.113133],[129.127462,35.113077],[129.127372,35.112851],[129.12769,35.112614],[129.12796,35.1123],[129.128029,35.111934],[129.128065,35.111295],[129.128068,35.110772],[129.12767,35.110419],[129.12749,35.11025],[129.127607,35.110151],[129.127521,35.109893],[129.12734,35.109782],[129.127512,35.10963],[129.127265,35.109344],[129.127188,35.108958],[129.127358,35.108943],[129.127354,35.108698],[129.126815,35.108414],[129.126759,35.107471],[129.12675,35.107035],[129.126314,35.106529],[129.12577,35.106066],[129.12529,35.10588],[129.125343,35.105641],[129.125073,35.105371],[129.125149,35.104939],[129.124941,35.104845],[129.124742,35.104712],[129.125135,35.104757],[129.125147,35.10467],[129.124554,35.104149],[129.124173,35.104033],[129.123942,35.10385],[129.124581,35.103838],[129.124958,35.103913],[129.124808,35.103615],[129.124907,35.103375],[129.124301,35.103296],[129.12429,35.103088],[129.123962,35.102704],[129.123967,35.102276],[129.123956,35.102258],[129.123669,35.101732],[129.123897,35.101436],[129.124261,35.101292],[129.124535,35.101061],[129.124904,35.100768],[129.124845,35.100654],[129.124735,35.100439],[129.124251,35.100303],[129.124113,35.100193],[129.124135,35.100085],[129.124291,35.100021],[129.124186,35.099935],[129.123975,35.099761],[129.123832,35.09967],[129.123943,35.09955],[129.124194,35.099558],[129.124062,35.099451],[129.124244,35.099488],[129.124119,35.099305],[129.123847,35.099229],[129.123659,35.099309],[129.123583,35.099207],[129.123643,35.099145],[129.12357,35.099068],[129.123612,35.098981],[129.123461,35.098896],[129.123403,35.098937],[129.12345,35.098979],[129.123442,35.099013],[129.12336,35.098997],[129.123335,35.099048],[129.123296,35.099057],[129.123284,35.099121],[129.123346,35.099129],[129.12332,35.099181],[129.123316,35.09932],[129.123452,35.099346],[129.123525,35.099388],[129.123416,35.099514],[129.123278,35.099467],[129.123303,35.09943],[129.122979,35.099276],[129.122915,35.099256],[129.122947,35.099187],[129.122369,35.098921],[129.122272,35.099101],[129.122855,35.099361],[129.122885,35.099306],[129.122941,35.099333],[129.122787,35.099592],[129.122314,35.099874],[129.122017,35.099871],[129.122237,35.099714],[129.121721,35.099425],[129.121044,35.099452],[129.120726,35.099651],[129.120525,35.099595],[129.119899,35.099538],[129.119221,35.099275],[129.118853,35.09935],[129.118497,35.099541],[129.118233,35.099879],[129.118023,35.099883],[129.117505,35.100032],[129.117442,35.100226],[129.117172,35.100385],[129.116921,35.100223],[129.11647,35.100233],[129.11634,35.100147],[129.115903,35.100126],[129.115702,35.099947],[129.115553,35.10007],[129.115483,35.100326],[129.115619,35.100457],[129.115626,35.100625],[129.115225,35.100602],[129.115059,35.100631],[129.115211,35.100887],[129.114936,35.101099],[129.114604,35.101169],[129.114154,35.101382],[129.114167,35.101567],[129.114034,35.101732],[129.114092,35.101883],[129.113921,35.101995],[129.113814,35.102201],[129.113754,35.102171],[129.113592,35.102234],[129.113529,35.102361],[129.11364,35.102528],[129.11372,35.102534],[129.113663,35.102624],[129.113485,35.102622],[129.113495,35.102785],[129.113368,35.102771],[129.113326,35.102789],[129.113386,35.102903],[129.113467,35.10304],[129.113282,35.103029],[129.113228,35.102986],[129.113085,35.103026],[129.11299,35.103172],[129.112284,35.102608],[129.111456,35.10195],[129.110419,35.101125],[129.111942,35.099859],[129.111868,35.099804],[129.113423,35.098512],[129.113569,35.098633],[129.114342,35.097993],[129.111791,35.094466],[129.111771,35.094474],[129.110569,35.092813],[129.109498,35.091329],[129.109297,35.091424],[129.109414,35.091589],[129.109457,35.091567],[129.114007,35.09788],[129.110593,35.100721],[129.110197,35.100406],[129.10987,35.100677],[129.102278,35.094522],[129.105811,35.091582],[129.105849,35.09161],[129.106009,35.091472],[129.105858,35.091351],[129.104958,35.092069],[129.10387,35.09185],[129.103819,35.091837],[129.103499,35.091776],[129.099702,35.091216],[129.09962,35.091224],[129.099545,35.091247],[129.099471,35.091283],[129.099114,35.091494],[129.098085,35.092104],[129.096544,35.093006],[129.095943,35.09335],[129.09564,35.093522],[129.095578,35.093577],[129.095551,35.09362],[129.095546,35.093665],[129.09555,35.093857],[129.095546,35.093893],[129.095537,35.093901],[129.095191,35.093884],[129.095174,35.093889],[129.095165,35.093901],[129.095117,35.094398],[129.09501,35.09541],[129.094916,35.096327],[129.094782,35.097565],[129.094639,35.099217],[129.093742,35.107344],[129.093744,35.107358],[129.093759,35.107368],[129.093866,35.107383],[129.093883,35.107394],[129.093896,35.107411],[129.093812,35.108474],[129.0938,35.1085],[129.093779,35.108518],[129.092933,35.109253],[129.09291,35.109265],[129.092891,35.10927],[129.092532,35.109243],[129.092496,35.109233],[129.092467,35.109211],[129.092448,35.109177],[129.092432,35.109139],[129.092225,35.10872],[129.092039,35.108345],[129.092037,35.108314],[129.092065,35.108288],[129.092918,35.108006],[129.092931,35.107995],[129.092932,35.107977],[129.092741,35.107593],[129.092722,35.107578],[129.092704,35.107575],[129.091319,35.10803],[129.0913,35.10805],[129.091308,35.108078],[129.091683,35.108864],[129.091674,35.108876],[129.091657,35.108879],[129.091122,35.108838],[129.091077,35.108826],[129.091006,35.108775],[129.090989,35.108759],[129.090955,35.108748],[129.090339,35.108716],[129.090325,35.108708],[129.090315,35.108697],[129.090315,35.103622],[129.090306,35.103611],[129.090289,35.103608],[129.088984,35.103603],[129.08824,35.103602],[129.087421,35.103607],[129.086681,35.103612],[129.085865,35.103619],[129.085015,35.103611],[129.084228,35.103603],[129.083442,35.1036],[129.082492,35.103585],[129.08127,35.103584],[129.080341,35.103588],[129.078892,35.103605],[129.076327,35.103602],[129.07502,35.103603],[129.074968,35.103602],[129.074923,35.103609],[129.072584,35.105008],[129.069896,35.106581],[129.067588,35.107935],[129.067577,35.107937],[129.067569,35.107932],[129.067463,35.107803],[129.067388,35.107701],[129.067362,35.107634],[129.067351,35.107583],[129.067353,35.107544],[129.067362,35.107518],[129.06737,35.1075],[129.067368,35.107484],[129.067352,35.107467],[129.067008,35.107158],[129.066997,35.107156],[129.06698,35.107167],[129.066926,35.107203],[129.066906,35.107207],[129.066841,35.107192],[129.066829,35.107193],[129.066396,35.107514],[129.066398,35.107533],[129.06642,35.107566],[129.066919,35.108004],[129.067163,35.108163],[129.066861,35.108307],[129.065978,35.108767],[129.065482,35.109023],[129.065398,35.109063],[129.065322,35.10911],[129.065296,35.109138],[129.065278,35.109167],[129.065262,35.109206],[129.065245,35.109286],[129.065218,35.109366],[129.065189,35.109485],[129.06517,35.109579],[129.065167,35.109628],[129.065185,35.109679],[129.065228,35.109739],[129.065332,35.109863],[129.065566,35.110188],[129.065781,35.110483],[129.065928,35.110668],[129.066104,35.110894],[129.066315,35.111181],[129.066388,35.11128],[129.066458,35.111337],[129.06653,35.11137],[129.066608,35.111389],[129.066659,35.111397],[129.066835,35.111428],[129.066854,35.111326],[129.066718,35.111311],[129.066587,35.111278],[129.06651,35.111243],[129.066469,35.111198],[129.066443,35.111176],[129.065921,35.110467],[129.065299,35.109651],[129.065287,35.109627],[129.065281,35.10961],[129.065283,35.109584],[129.065362,35.109284],[129.065387,35.109221],[129.065392,35.109201],[129.065403,35.109185],[129.065525,35.109112],[129.065595,35.109076],[129.067173,35.108259],[129.067238,35.108226],[129.067567,35.108508],[129.06808,35.10915],[129.068556,35.109771],[129.069451,35.110945],[129.069463,35.110956],[129.06948,35.110956],[129.069543,35.110924],[129.069554,35.110923],[129.069564,35.110926],[129.069772,35.111158],[129.069848,35.11126],[129.069848,35.111269],[129.069843,35.111277],[129.06844,35.111993],[129.068407,35.112017],[129.068391,35.112045],[129.068373,35.112399],[129.068375,35.112425],[129.068386,35.112444],[129.06948,35.113989],[129.0695,35.114002],[129.069529,35.113997],[129.069839,35.113844],[129.069859,35.113845],[129.06988,35.113852],[129.069941,35.113901],[129.069953,35.113907],[129.06997,35.113913],[129.070238,35.114126],[129.070241,35.114134],[129.070241,35.11414],[129.070224,35.114156],[129.07022,35.114165],[129.070221,35.114177],[129.0703,35.114285],[129.070343,35.114346],[129.070377,35.114393],[129.070387,35.114402],[129.070401,35.1144],[129.070449,35.114379],[129.07046,35.114382],[129.070471,35.114388],[129.070973,35.115058],[129.071735,35.116105],[129.071756,35.116119],[129.071781,35.116117],[129.072221,35.115917],[129.072263,35.115912],[129.072315,35.115927],[129.072627,35.116041],[129.073153,35.116372],[129.073173,35.116384],[129.073743,35.116743],[129.073757,35.116755],[129.073756,35.116775],[129.073222,35.118175],[129.072209,35.118776],[129.070971,35.117404],[129.069581,35.118316],[129.071349,35.120341],[129.073087,35.122174],[129.071342,35.122674],[129.070097,35.123121],[129.070034,35.123135],[129.069991,35.123096],[129.069697,35.122781],[129.068733,35.121714],[129.068714,35.121698],[129.068685,35.121704],[129.066935,35.122318],[129.065407,35.122886],[129.065375,35.122903],[129.06538,35.122924],[129.066659,35.125344],[129.066683,35.125384],[129.066676,35.12542],[129.066556,35.125583],[129.06647,35.125731],[129.066395,35.125868],[129.066304,35.126096],[129.066232,35.126304],[129.066178,35.126509],[129.06613,35.127014],[129.066129,35.127029],[129.066052,35.127652],[129.065983,35.128244],[129.066005,35.128248],[129.066302,35.128542],[129.06636,35.128599],[129.066401,35.128801],[129.066461,35.128884],[129.066386,35.128967],[129.066424,35.129258]]],[[[129.127243,35.091445],[129.127211,35.091458],[129.127206,35.091499],[129.127401,35.091519],[129.12742,35.091469],[129.127391,35.091401],[129.127458,35.091387],[129.127443,35.091373],[129.127439,35.091361],[129.127449,35.091343],[129.12741,35.09136],[129.127405,35.091377],[129.127356,35.091378],[129.127339,35.091347],[129.127363,35.091333],[129.12736,35.091322],[129.127263,35.091274],[129.127248,35.091283],[129.127236,35.091277],[129.127174,35.091121],[129.127146,35.09099],[129.127115,35.090969],[129.127077,35.090979],[129.127073,35.090998],[129.127009,35.090956],[129.126852,35.090932],[129.126849,35.090952],[129.126858,35.090971],[129.126812,35.090967],[129.126686,35.090915],[129.126649,35.090935],[129.126616,35.090914],[129.126598,35.090917],[129.126568,35.090973],[129.126433,35.091014],[129.126381,35.091056],[129.1264,35.091115],[129.126446,35.091201],[129.126482,35.091229],[129.126517,35.091259],[129.126604,35.091295],[129.126651,35.091268],[129.126944,35.091416],[129.126942,35.09143],[129.126971,35.091458],[129.127079,35.091403],[129.127087,35.091434],[129.127121,35.09145],[129.127182,35.091443],[129.127224,35.091423],[129.127243,35.091445]]],[[[129.126343,35.092275],[129.126596,35.092422],[129.126663,35.092408],[129.126751,35.092486],[129.127015,35.092429],[129.127311,35.092476],[129.127455,35.09246],[129.127501,35.092403],[129.127463,35.092283],[129.127544,35.09221],[129.127599,35.092226],[129.127667,35.092174],[129.127626,35.092133],[129.127596,35.092127],[129.127583,35.092109],[129.127538,35.092091],[129.127497,35.092024],[129.127575,35.092045],[129.12763,35.091981],[129.127519,35.091895],[129.127431,35.091882],[129.12737,35.091907],[129.12713,35.09178],[129.127049,35.091764],[129.127013,35.091705],[129.126974,35.091627],[129.126917,35.091558],[129.126884,35.091546],[129.126842,35.091555],[129.126815,35.091523],[129.126672,35.091533],[129.126674,35.091564],[129.126602,35.091591],[129.126496,35.0916],[129.126474,35.091626],[129.126428,35.091621],[129.126392,35.091631],[129.126381,35.091654],[129.126324,35.091663],[129.126288,35.091703],[129.126242,35.091706],[129.126197,35.091795],[129.126298,35.091929],[129.126381,35.091981],[129.126384,35.092058],[129.126253,35.0921],[129.126225,35.092157],[129.126232,35.092248],[129.126343,35.092275]]],[[[129.1267,35.092796],[129.126667,35.092782],[129.12663,35.092782],[129.126557,35.092825],[129.126529,35.092811],[129.126469,35.092817],[129.126518,35.092846],[129.12644,35.092899],[129.12661,35.093009],[129.126648,35.093011],[129.12669,35.092946],[129.12675,35.092985],[129.126771,35.093013],[129.126824,35.093049],[129.126862,35.093038],[129.126937,35.093051],[129.126935,35.093075],[129.12698,35.093092],[129.127008,35.093138],[129.127097,35.093158],[129.127129,35.093134],[129.1273,35.093193],[129.127308,35.093097],[129.127257,35.093038],[129.127268,35.093011],[129.127194,35.092934],[129.12718,35.092854],[129.127084,35.092835],[129.126949,35.092773],[129.126922,35.092791],[129.126821,35.092763],[129.126788,35.092787],[129.126718,35.092774],[129.1267,35.092796]]],[[[129.126637,35.093626],[129.126629,35.09359],[129.126522,35.093505],[129.126574,35.093491],[129.126542,35.093453],[129.126551,35.093403],[129.126522,35.093384],[129.126473,35.093387],[129.126464,35.093341],[129.126263,35.093213],[129.126231,35.093249],[129.126191,35.093217],[129.126016,35.093285],[129.126,35.093381],[129.126057,35.093447],[129.126118,35.09345],[129.126128,35.093419],[129.126148,35.093429],[129.126141,35.093512],[129.126234,35.093587],[129.126262,35.093629],[129.126253,35.093675],[129.126212,35.093718],[129.126193,35.093817],[129.12633,35.093907],[129.126333,35.094006],[129.126283,35.093987],[129.126254,35.094024],[129.126167,35.093993],[129.126248,35.094172],[129.126487,35.094524],[129.126591,35.094502],[129.126613,35.094384],[129.126667,35.094388],[129.126698,35.094239],[129.126656,35.094076],[129.126681,35.093971],[129.126714,35.093965],[129.126739,35.093935],[129.126758,35.093828],[129.126736,35.093792],[129.126716,35.093789],[129.126687,35.093728],[129.126679,35.093671],[129.126637,35.093626]]],[[[129.119066,35.097168],[129.119046,35.097198],[129.119026,35.097194],[129.119018,35.097173],[129.118993,35.097162],[129.118987,35.097184],[129.118963,35.097184],[129.118964,35.09716],[129.118987,35.097146],[129.118947,35.097137],[129.118913,35.097141],[129.118898,35.097191],[129.118799,35.097203],[129.118737,35.097185],[129.118713,35.097212],[129.118568,35.097152],[129.118571,35.097136],[129.118547,35.097119],[129.118573,35.097104],[129.118558,35.09708],[129.11859,35.097064],[129.11855,35.097043],[129.118489,35.097108],[129.118462,35.0971],[129.118488,35.097081],[129.118495,35.097054],[129.118429,35.097035],[129.118388,35.097057],[129.118376,35.097051],[129.118351,35.097056],[129.118359,35.097098],[129.118329,35.097101],[129.118336,35.097156],[129.118352,35.097171],[129.118402,35.097146],[129.118445,35.097138],[129.118454,35.097157],[129.118422,35.097198],[129.118435,35.097222],[129.11843,35.097247],[129.118434,35.097272],[129.118386,35.097284],[129.118361,35.097275],[129.118355,35.097282],[129.118347,35.097282],[129.118342,35.09729],[129.118343,35.097299],[129.118361,35.097306],[129.118366,35.097298],[129.118373,35.097296],[129.118416,35.097294],[129.118446,35.097313],[129.11845,35.097342],[129.118519,35.097372],[129.118538,35.097374],[129.118551,35.097384],[129.118565,35.097384],[129.118585,35.097395],[129.118569,35.09741],[129.118536,35.097412],[129.118529,35.097435],[129.118496,35.097432],[129.118491,35.097421],[129.11847,35.09743],[129.118435,35.097415],[129.118413,35.097427],[129.11839,35.097416],[129.118407,35.0974],[129.118408,35.097386],[129.118383,35.097377],[129.118395,35.09735],[129.118379,35.097344],[129.118361,35.097351],[129.118347,35.097361],[129.118338,35.097366],[129.118337,35.097376],[129.11833,35.097381],[129.118337,35.097392],[129.118334,35.09741],[129.118322,35.09741],[129.118325,35.097423],[129.11832,35.097446],[129.118311,35.097439],[129.118299,35.097454],[129.118277,35.097459],[129.118245,35.097459],[129.118227,35.097475],[129.118234,35.097486],[129.118259,35.097491],[129.118277,35.097514],[129.118315,35.097517],[129.118325,35.097564],[129.11832,35.097576],[129.118333,35.097581],[129.118344,35.09758],[129.11835,35.097583],[129.118357,35.097569],[129.118365,35.097563],[129.118367,35.097551],[129.118404,35.097555],[129.11843,35.09757],[129.118455,35.097573],[129.11852,35.097607],[129.118588,35.097629],[129.118633,35.097627],[129.118642,35.097617],[129.118662,35.097612],[129.118668,35.097596],[129.118694,35.097596],[129.118778,35.097613],[129.118812,35.097605],[129.118866,35.09762],[129.118931,35.097629],[129.118971,35.097634],[129.119013,35.097629],[129.119014,35.097594],[129.119008,35.09758],[129.11904,35.097581],[129.119051,35.097558],[129.1191,35.097546],[129.119116,35.097511],[129.119105,35.097483],[129.119153,35.097493],[129.11919,35.097488],[129.119182,35.09745],[129.119236,35.097444],[129.119245,35.09743],[129.119241,35.097406],[129.119239,35.097389],[129.11925,35.097363],[129.119272,35.097364],[129.119292,35.09732],[129.119298,35.097282],[129.119294,35.097275],[129.119278,35.097277],[129.119267,35.097281],[129.119262,35.097279],[129.119265,35.097267],[129.119273,35.097259],[129.119263,35.097246],[129.119256,35.097237],[129.119261,35.097215],[129.119216,35.097205],[129.11919,35.097225],[129.119158,35.097214],[129.11914,35.097231],[129.119092,35.097203],[129.119106,35.097167],[129.119076,35.09718],[129.119066,35.097168]]],[[[129.123833,35.097753],[129.123834,35.097818],[129.123828,35.097832],[129.123734,35.097876],[129.123638,35.097994],[129.123625,35.098104],[129.123663,35.098155],[129.123663,35.098188],[129.123623,35.098186],[129.123627,35.098236],[129.12366,35.098253],[129.123726,35.098251],[129.123727,35.098224],[129.123799,35.098239],[129.123805,35.098325],[129.124151,35.098323],[129.124167,35.098286],[129.124045,35.098221],[129.124254,35.098167],[129.124279,35.098098],[129.124239,35.097981],[129.124322,35.097928],[129.124426,35.09796],[129.124606,35.097944],[129.12463,35.097862],[129.124676,35.097844],[129.124732,35.097691],[129.124553,35.097561],[129.124643,35.097476],[129.124635,35.097396],[129.124133,35.097158],[129.12403,35.09708],[129.123975,35.097097],[129.123953,35.097083],[129.123868,35.097131],[129.123848,35.097291],[129.123939,35.097334],[129.123843,35.097455],[129.123781,35.09761],[129.123815,35.097619],[129.123833,35.097753]]]]}},{"type":"Feature","properties":{"role":"district","name":"동래구","nameEn":"Dongnae-gu","adminLevel":6,"osmRelation":4110492,"areaKm2":16.61,"areaKm2BeforeSeaClip":16.62,"polygonCount":1,"pointCount":235},"geometry":{"type":"MultiPolygon","coordinates":[[[[129.114879,35.187957],[129.115142,35.187022],[129.115893,35.185223],[129.116325,35.184256],[129.115594,35.184263],[129.115244,35.183307],[129.11505,35.182684],[129.112399,35.186251],[129.112059,35.187706],[129.111069,35.188844],[129.108813,35.18998],[129.108058,35.190442],[129.10372,35.190893],[129.101393,35.191223],[129.100527,35.191448],[129.099418,35.191736],[129.098486,35.191987],[129.096823,35.192409],[129.095575,35.192672],[129.09305,35.193202],[129.091007,35.193456],[129.088952,35.193711],[129.087382,35.194046],[129.085864,35.194602],[129.085602,35.194737],[129.084552,35.195278],[129.084017,35.195702],[129.083942,35.195761],[129.08315,35.196387],[129.082143,35.197443],[129.081428,35.198191],[129.080356,35.1991],[129.079337,35.19927],[129.078096,35.199489],[129.074741,35.198256],[129.074301,35.198096],[129.072864,35.196653],[129.071547,35.196369],[129.071889,35.195282],[129.066654,35.194213],[129.064252,35.193722],[129.063591,35.193593],[129.063378,35.193588],[129.062888,35.193789],[129.062303,35.193111],[129.062669,35.191809],[129.059926,35.191254],[129.059643,35.191634],[129.058842,35.194029],[129.058445,35.193957],[129.057501,35.193972],[129.056318,35.193535],[129.05549,35.192638],[129.054671,35.192929],[129.053764,35.193103],[129.052803,35.192434],[129.052376,35.192434],[129.050293,35.193584],[129.048958,35.193991],[129.047357,35.194122],[129.04547,35.196914],[129.04458,35.19751],[129.043806,35.198382],[129.043606,35.199538],[129.043769,35.200591],[129.043421,35.201613],[129.043518,35.20214],[129.043747,35.202236],[129.044636,35.201934],[129.04508,35.201892],[129.045672,35.201668],[129.04608,35.201783],[129.04622,35.201958],[129.046235,35.202351],[129.046909,35.203549],[129.047834,35.204481],[129.048234,35.20528],[129.049959,35.206659],[129.050322,35.207192],[129.05053,35.208305],[129.050974,35.208547],[129.051115,35.209194],[129.051589,35.209545],[129.051677,35.21012],[129.051522,35.210459],[129.051417,35.212076],[129.051381,35.212636],[129.051692,35.213828],[129.052596,35.214615],[129.052995,35.215262],[129.053499,35.21603],[129.054373,35.216423],[129.054728,35.216762],[129.055061,35.217524],[129.055728,35.218208],[129.056135,35.218879],[129.056224,35.21998],[129.056898,35.220767],[129.057275,35.2222],[129.059356,35.225243],[129.06,35.225557],[129.06017,35.225884],[129.061094,35.225482],[129.063134,35.225276],[129.064292,35.225364],[129.065514,35.225664],[129.06635,35.225702],[129.06807,35.225346],[129.070065,35.225233],[129.071313,35.225265],[129.071909,35.225283],[129.072333,35.225219],[129.072509,35.225282],[129.072721,35.225355],[129.07433,35.225749],[129.075362,35.225786],[129.076761,35.225533],[129.077804,35.22497],[129.078084,35.224337],[129.07826,35.224215],[129.078341,35.224117],[129.078343,35.223892],[129.078406,35.223753],[129.078487,35.223625],[129.078627,35.223566],[129.078876,35.223409],[129.079062,35.223286],[129.079259,35.223028],[129.079435,35.222894],[129.079537,35.222867],[129.07977,35.222849],[129.079892,35.222806],[129.07995,35.222707],[129.080052,35.222617],[129.080374,35.222483],[129.080771,35.222259],[129.081071,35.222117],[129.081082,35.222164],[129.08157,35.223489],[129.081638,35.223675],[129.081653,35.223715],[129.08192,35.22441],[129.082117,35.224225],[129.082569,35.223842],[129.083294,35.223339],[129.084427,35.222506],[129.084729,35.222241],[129.085159,35.221794],[129.085311,35.222164],[129.086604,35.221845],[129.087048,35.221694],[129.086516,35.220731],[129.086244,35.220259],[129.086126,35.220019],[129.085712,35.219307],[129.085333,35.218803],[129.085016,35.218421],[129.084691,35.218007],[129.085164,35.217871],[129.085484,35.217779],[129.086209,35.217492],[129.086318,35.217358],[129.087074,35.217925],[129.087355,35.217883],[129.087393,35.217878],[129.087493,35.217747],[129.087593,35.217594],[129.087851,35.217435],[129.088055,35.217264],[129.08829,35.217719],[129.089224,35.217386],[129.089855,35.217129],[129.090491,35.217009],[129.091956,35.216555],[129.092601,35.215913],[129.092846,35.215788],[129.093564,35.215419],[129.094788,35.214937],[129.095794,35.214541],[129.097743,35.213904],[129.098841,35.213414],[129.099755,35.213433],[129.099941,35.213356],[129.100007,35.213234],[129.099999,35.21278],[129.1004,35.212679],[129.10206,35.212077],[129.101939,35.211185],[129.102011,35.211155],[129.101954,35.211096],[129.102091,35.210995],[129.101905,35.210838],[129.102206,35.210667],[129.10269,35.210534],[129.103071,35.210478],[129.103464,35.210508],[129.103587,35.210457],[129.103728,35.210335],[129.103954,35.21037],[129.104029,35.210122],[129.104163,35.209953],[129.104708,35.210133],[129.105118,35.210377],[129.106373,35.209604],[129.107411,35.210749],[129.108108,35.210281],[129.109463,35.210091],[129.110199,35.210056],[129.109959,35.209271],[129.110141,35.207569],[129.110232,35.207156],[129.110249,35.204736],[129.110368,35.204567],[129.110846,35.203895],[129.113551,35.202298],[129.113779,35.201956],[129.113821,35.201563],[129.115343,35.201519],[129.115513,35.201478],[129.116447,35.201161],[129.115696,35.200091],[129.115544,35.19987],[129.115146,35.198973],[129.114568,35.196878],[129.114102,35.194675],[129.114076,35.193999],[129.113739,35.194076],[129.113938,35.192746],[129.114055,35.192313],[129.114232,35.191672],[129.11489,35.189297],[129.114715,35.189301],[129.114934,35.18848],[129.11495,35.188472],[129.114879,35.187957]]]]}},{"type":"Feature","properties":{"role":"district","name":"영도구","nameEn":"Yeongdo-gu","adminLevel":6,"osmRelation":3972384,"areaKm2":14.42,"areaKm2BeforeSeaClip":109.88,"polygonCount":13,"pointCount":1119},"geometry":{"type":"MultiPolygon","coordinates":[[[[129.081669,35.0501],[129.081593,35.050117],[129.081502,35.050244],[129.081633,35.050268],[129.081666,35.050235],[129.081737,35.050157],[129.081669,35.0501]]],[[[129.082282,35.050672],[129.082199,35.050784],[129.08228,35.050828],[129.08236,35.050753],[129.082395,35.050679],[129.082282,35.050672]]],[[[129.068362,35.095945],[129.068398,35.095915],[129.070842,35.093945],[129.072018,35.092616],[129.073172,35.091327],[129.073608,35.090834],[129.073937,35.090462],[129.074328,35.090007],[129.074536,35.089779],[129.07475,35.08955],[129.07483,35.08946],[129.074893,35.089389],[129.074992,35.089276],[129.075073,35.089188],[129.075133,35.08912],[129.075166,35.089079],[129.075234,35.089005],[129.075718,35.088448],[129.076323,35.08779],[129.076387,35.087731],[129.0776,35.086934],[129.077607,35.086929],[129.07761,35.086926],[129.077607,35.086903],[129.07756,35.086593],[129.077561,35.086578],[129.077573,35.086558],[129.07779,35.086397],[129.078543,35.085701],[129.079289,35.084988],[129.079309,35.084955],[129.079323,35.084913],[129.079333,35.084896],[129.079356,35.08489],[129.079597,35.08486],[129.079602,35.08485],[129.079584,35.084745],[129.079567,35.084741],[129.079339,35.084775],[129.079322,35.084773],[129.079303,35.084763],[129.078906,35.084499],[129.07846,35.084185],[129.078222,35.084009],[129.078132,35.083934],[129.077982,35.08381],[129.077913,35.083759],[129.077776,35.08369],[129.077693,35.083643],[129.077607,35.083582],[129.077539,35.083539],[129.077522,35.083487],[129.077534,35.083446],[129.077565,35.083436],[129.07767,35.083377],[129.07763,35.083328],[129.077768,35.08322],[129.077843,35.083102],[129.078355,35.083351],[129.079261,35.082012],[129.079633,35.081506],[129.079372,35.081381],[129.079573,35.081063],[129.079697,35.081023],[129.079813,35.080928],[129.07986,35.080804],[129.079844,35.080678],[129.079968,35.080482],[129.080017,35.080481],[129.080061,35.080468],[129.080076,35.080484],[129.080131,35.080455],[129.080168,35.080415],[129.080194,35.080364],[129.080197,35.080307],[129.080166,35.080308],[129.080156,35.08028],[129.08013,35.080253],[129.080577,35.079604],[129.080658,35.079605],[129.080747,35.07955],[129.080787,35.079455],[129.080751,35.079376],[129.080881,35.079161],[129.081461,35.078297],[129.081631,35.078166],[129.081793,35.078013],[129.08193,35.07783],[129.08202,35.077668],[129.082087,35.077416],[129.082334,35.077042],[129.082424,35.077023],[129.082504,35.076968],[129.082537,35.076882],[129.08249,35.076807],[129.082866,35.076242],[129.083149,35.075825],[129.083231,35.075825],[129.083249,35.075839],[129.083313,35.075821],[129.083354,35.075759],[129.08337,35.075665],[129.083334,35.075672],[129.083307,35.075614],[129.083478,35.075351],[129.083482,35.075255],[129.083417,35.075148],[129.084232,35.073892],[129.084424,35.07398],[129.084473,35.073973],[129.085791,35.074561],[129.085682,35.07472],[129.085716,35.074764],[129.085561,35.074972],[129.086725,35.076598],[129.087401,35.077564],[129.087524,35.077482],[129.087265,35.077082],[129.087607,35.076604],[129.088154,35.076819],[129.087988,35.077059],[129.088081,35.07713],[129.088077,35.077153],[129.088051,35.077177],[129.087961,35.077142],[129.087877,35.07723],[129.08765,35.077372],[129.087704,35.077428],[129.087901,35.077327],[129.089815,35.078432],[129.090922,35.079107],[129.091148,35.079288],[129.091308,35.079386],[129.091819,35.079789],[129.092144,35.079996],[129.092642,35.080248],[129.093122,35.080338],[129.093511,35.080372],[129.093653,35.080444],[129.093594,35.080533],[129.093877,35.080551],[129.094127,35.080537],[129.094477,35.080592],[129.094728,35.080527],[129.094818,35.080441],[129.095001,35.080466],[129.095184,35.080559],[129.095813,35.080554],[129.09596,35.080458],[129.096033,35.080367],[129.095976,35.08029],[129.096073,35.080081],[129.09584,35.079973],[129.096037,35.07977],[129.096076,35.0796],[129.096062,35.079449],[129.095972,35.079336],[129.095609,35.079245],[129.095783,35.079039],[129.095651,35.078943],[129.095537,35.078982],[129.095468,35.07886],[129.095579,35.078756],[129.095726,35.078695],[129.095699,35.078313],[129.095596,35.078135],[129.09542,35.077623],[129.095104,35.077115],[129.09501,35.077006],[129.095112,35.076991],[129.095079,35.076844],[129.094878,35.076633],[129.094827,35.076475],[129.094554,35.076412],[129.094387,35.076451],[129.094279,35.076554],[129.094183,35.076434],[129.093733,35.076348],[129.092963,35.076191],[129.092556,35.07601],[129.092337,35.075907],[129.092188,35.075933],[129.091866,35.075622],[129.092013,35.075517],[129.091811,35.075359],[129.091621,35.075434],[129.09139,35.075252],[129.091123,35.074729],[129.091219,35.074644],[129.091203,35.074224],[129.091061,35.074133],[129.090767,35.074212],[129.090443,35.074146],[129.090339,35.073847],[129.087012,35.072748],[129.086824,35.072755],[129.086012,35.074158],[129.08583,35.07416],[129.084475,35.073533],[129.080491,35.071612],[129.080421,35.071651],[129.079948,35.071395],[129.080015,35.071043],[129.080019,35.070945],[129.080008,35.070842],[129.08008,35.070756],[129.080074,35.070662],[129.080046,35.070631],[129.080237,35.070417],[129.080392,35.070338],[129.080493,35.070378],[129.080494,35.070377],[129.08096,35.069874],[129.081128,35.069721],[129.0813,35.069861],[129.081482,35.070208],[129.081187,35.071086],[129.081267,35.071106],[129.081331,35.071163],[129.081395,35.071193],[129.081538,35.071237],[129.081672,35.071248],[129.081826,35.071242],[129.081709,35.071179],[129.081666,35.071182],[129.081662,35.071218],[129.081605,35.071212],[129.081485,35.071179],[129.081421,35.071141],[129.081338,35.071056],[129.081311,35.071043],[129.0816,35.07023],[129.081582,35.070191],[129.084473,35.069681],[129.084363,35.070046],[129.084283,35.070028],[129.084213,35.070194],[129.084283,35.07021],[129.083895,35.071191],[129.083824,35.071166],[129.083705,35.071487],[129.083988,35.071596],[129.08404,35.071578],[129.084755,35.069753],[129.084853,35.06971],[129.084853,35.069649],[129.084791,35.069389],[129.084778,35.06876],[129.084778,35.068464],[129.084667,35.068442],[129.084676,35.068022],[129.084763,35.067927],[129.084699,35.067897],[129.084569,35.067882],[129.084604,35.067552],[129.084875,35.067372],[129.08499,35.06736],[129.085188,35.067226],[129.085237,35.067063],[129.085301,35.066852],[129.085483,35.066905],[129.085574,35.066861],[129.085417,35.06676],[129.085574,35.066278],[129.085851,35.06611],[129.085754,35.065892],[129.085683,35.065868],[129.085829,35.065518],[129.08601,35.06531],[129.086099,35.065027],[129.086205,35.064852],[129.086181,35.06473],[129.086499,35.064733],[129.086502,35.064503],[129.086687,35.064469],[129.086629,35.064349],[129.08689,35.063823],[129.087174,35.063433],[129.087328,35.063455],[129.087301,35.063335],[129.087466,35.063347],[129.087477,35.063145],[129.087791,35.062878],[129.08803,35.062684],[129.08834,35.06261],[129.088499,35.062691],[129.088664,35.06266],[129.088668,35.062503],[129.089109,35.062256],[129.089332,35.062349],[129.089444,35.062293],[129.089346,35.062222],[129.089211,35.062173],[129.08938,35.061968],[129.089601,35.061894],[129.08966,35.061755],[129.090144,35.061548],[129.090375,35.061579],[129.090481,35.061437],[129.090679,35.061388],[129.090833,35.06121],[129.090957,35.061069],[129.091339,35.060965],[129.091511,35.060873],[129.091624,35.060928],[129.091745,35.061018],[129.092123,35.060838],[129.092759,35.060643],[129.092901,35.060836],[129.093268,35.060841],[129.093137,35.060637],[129.09338,35.060634],[129.093444,35.060723],[129.09397,35.06068],[129.093811,35.060603],[129.094053,35.060431],[129.093969,35.060301],[129.094171,35.060336],[129.094545,35.060153],[129.094733,35.060064],[129.095066,35.060064],[129.095315,35.060115],[129.095506,35.060017],[129.095789,35.060051],[129.096174,35.059858],[129.096331,35.059927],[129.096432,35.059606],[129.09628,35.059398],[129.09595,35.059089],[129.096111,35.058945],[129.095987,35.058816],[129.096194,35.058469],[129.095889,35.058323],[129.095691,35.058469],[129.095572,35.058233],[129.095381,35.058245],[129.09527,35.058144],[129.09574,35.058141],[129.095617,35.057988],[129.095032,35.05789],[129.094909,35.057782],[129.095137,35.057706],[129.095103,35.057516],[129.094871,35.057295],[129.094665,35.057108],[129.094894,35.05705],[129.094755,35.056829],[129.094954,35.05686],[129.095055,35.056755],[129.09506,35.05657],[129.094922,35.056471],[129.094786,35.05654],[129.094366,35.056358],[129.094358,35.056231],[129.094144,35.056016],[129.094101,35.055869],[129.093995,35.055826],[129.093729,35.055679],[129.093859,35.055472],[129.093662,35.055428],[129.093429,35.055504],[129.093212,35.055201],[129.093156,35.054823],[129.093419,35.054874],[129.093307,35.05459],[129.092959,35.054506],[129.09274,35.054539],[129.09237,35.054096],[129.092193,35.053652],[129.092185,35.053254],[129.092306,35.053136],[129.092432,35.0532],[129.092519,35.053131],[129.0925,35.053002],[129.09271,35.052981],[129.092734,35.05283],[129.092523,35.052698],[129.092747,35.052662],[129.09306,35.052647],[129.093245,35.052517],[129.09311,35.052178],[129.092869,35.052114],[129.092257,35.051845],[129.092478,35.051795],[129.092411,35.051639],[129.092099,35.051438],[129.091738,35.05143],[129.09195,35.051234],[129.091554,35.050976],[129.091322,35.050942],[129.091184,35.0508],[129.090798,35.050657],[129.090424,35.050672],[129.090002,35.050464],[129.089584,35.050402],[129.089497,35.050253],[129.089553,35.050125],[129.089387,35.049942],[129.089203,35.049944],[129.089086,35.050083],[129.08884,35.049956],[129.088481,35.04989],[129.088419,35.049804],[129.088172,35.049818],[129.088206,35.049742],[129.088401,35.049709],[129.088167,35.049485],[129.087661,35.049395],[129.087483,35.049453],[129.087367,35.049515],[129.087347,35.049585],[129.087272,35.049638],[129.08722,35.049561],[129.087167,35.049517],[129.08711,35.049498],[129.087155,35.049415],[129.087005,35.04924],[129.086347,35.049276],[129.085816,35.049311],[129.085547,35.049405],[129.085611,35.049577],[129.08556,35.049642],[129.085724,35.04984],[129.08583,35.04989],[129.085525,35.050018],[129.085213,35.050001],[129.084642,35.050106],[129.084388,35.050265],[129.084075,35.050307],[129.084037,35.050253],[129.083909,35.050258],[129.083785,35.050226],[129.083668,35.050279],[129.083526,35.050268],[129.083342,35.050281],[129.083009,35.050349],[129.082536,35.050678],[129.082301,35.050863],[129.082102,35.051077],[129.082216,35.051278],[129.082487,35.051501],[129.082196,35.051452],[129.082157,35.051563],[129.082009,35.051619],[129.082022,35.051921],[129.082202,35.052058],[129.081921,35.052065],[129.081828,35.052142],[129.081876,35.052578],[129.081681,35.052424],[129.081499,35.052502],[129.081511,35.053139],[129.081462,35.053535],[129.081555,35.053686],[129.0815,35.053902],[129.081735,35.054011],[129.081924,35.054033],[129.082012,35.054581],[129.08208,35.05465],[129.082121,35.054828],[129.081944,35.054894],[129.081812,35.055126],[129.0817,35.055148],[129.081749,35.05536],[129.081827,35.055373],[129.081877,35.05544],[129.081835,35.055475],[129.081754,35.055584],[129.081625,35.055868],[129.081572,35.055981],[129.081351,35.056111],[129.080804,35.056388],[129.080716,35.05633],[129.080655,35.056243],[129.080704,35.056216],[129.080547,35.055988],[129.080493,35.055969],[129.080449,35.055919],[129.080318,35.0559],[129.08021,35.05593],[129.080204,35.056036],[129.08005,35.05606],[129.080123,35.056278],[129.08007,35.056315],[129.079955,35.056267],[129.079781,35.056258],[129.079644,35.056353],[129.079563,35.056522],[129.079659,35.056672],[129.079556,35.056715],[129.079519,35.056776],[129.079683,35.057079],[129.07957,35.057355],[129.079715,35.057507],[129.078821,35.058471],[129.078961,35.058548],[129.079072,35.058469],[129.079168,35.058399],[129.079292,35.058488],[129.079265,35.058522],[129.079394,35.058612],[129.079289,35.058673],[129.079065,35.05884],[129.078644,35.05892],[129.078277,35.059253],[129.078389,35.059416],[129.078369,35.059495],[129.078165,35.05967],[129.078098,35.059637],[129.077945,35.059786],[129.077761,35.059751],[129.077598,35.059741],[129.077402,35.059809],[129.077403,35.05985],[129.077281,35.059891],[129.077338,35.06],[129.077416,35.059968],[129.077448,35.059925],[129.077561,35.059908],[129.07762,35.060007],[129.077594,35.060141],[129.077415,35.060347],[129.077037,35.060588],[129.076579,35.060755],[129.075938,35.060884],[129.075287,35.060891],[129.074848,35.060683],[129.074456,35.060668],[129.074511,35.060555],[129.074033,35.060511],[129.073663,35.0603],[129.07322,35.059756],[129.072874,35.059322],[129.072667,35.059123],[129.072481,35.059128],[129.072533,35.059018],[129.072224,35.05873],[129.072061,35.058741],[129.071891,35.058848],[129.07171,35.058785],[129.070993,35.058552],[129.070852,35.058613],[129.070936,35.058851],[129.071172,35.059037],[129.070854,35.059425],[129.070636,35.059231],[129.07047,35.059287],[129.070505,35.059398],[129.070745,35.059648],[129.070555,35.059626],[129.070636,35.05982],[129.070279,35.059721],[129.070474,35.0599],[129.070252,35.059986],[129.069985,35.059787],[129.07003,35.059979],[129.070273,35.060143],[129.070057,35.060261],[129.069829,35.060224],[129.069617,35.060271],[129.069734,35.060347],[129.06971,35.060438],[129.069551,35.060528],[129.069572,35.060666],[129.069443,35.060707],[129.069296,35.060774],[129.069362,35.060943],[129.069539,35.060936],[129.069539,35.061046],[129.069575,35.061208],[129.069367,35.06131],[129.069096,35.061124],[129.069035,35.061323],[129.068942,35.061421],[129.068733,35.061365],[129.068631,35.061458],[129.068098,35.061463],[129.068114,35.061758],[129.06849,35.06198],[129.06854,35.06215],[129.068133,35.062393],[129.067759,35.062594],[129.067363,35.062564],[129.067219,35.062761],[129.067028,35.062883],[129.066656,35.062662],[129.066428,35.062709],[129.066237,35.062709],[129.066141,35.062797],[129.065787,35.062714],[129.065589,35.062768],[129.065514,35.062697],[129.065415,35.062768],[129.065433,35.062935],[129.065386,35.063103],[129.065322,35.062936],[129.065031,35.062792],[129.064963,35.063061],[129.065012,35.06324],[129.064904,35.063291],[129.064702,35.063103],[129.064656,35.063321],[129.064749,35.063495],[129.064844,35.063561],[129.064955,35.063966],[129.064835,35.064005],[129.064834,35.064189],[129.06537,35.0643],[129.065414,35.064594],[129.065601,35.065011],[129.06571,35.065369],[129.065645,35.065827],[129.065533,35.066036],[129.065237,35.066252],[129.065285,35.066387],[129.065509,35.066323],[129.06563,35.066477],[129.065505,35.066626],[129.06562,35.06673],[129.065519,35.06688],[129.06553,35.06738],[129.065555,35.067495],[129.065611,35.067717],[129.065455,35.067921],[129.064478,35.067716],[129.063956,35.067976],[129.064082,35.068101],[129.064442,35.067922],[129.06531,35.068104],[129.065211,35.068319],[129.065071,35.068471],[129.064894,35.068339],[129.064821,35.068396],[129.06513,35.06862],[129.06534,35.06844],[129.065466,35.068532],[129.065226,35.068752],[129.064785,35.068442],[129.064715,35.068517],[129.064785,35.068624],[129.064658,35.068731],[129.064632,35.068817],[129.064355,35.068964],[129.064033,35.06909],[129.063703,35.069274],[129.063388,35.069405],[129.063179,35.069519],[129.063003,35.069549],[129.062744,35.069556],[129.062441,35.069565],[129.062163,35.069632],[129.061927,35.069654],[129.061811,35.069632],[129.061718,35.069632],[129.061699,35.069739],[129.061542,35.069727],[129.061497,35.069645],[129.061441,35.06951],[129.061208,35.069473],[129.060942,35.069488],[129.06092,35.069586],[129.060826,35.069519],[129.060586,35.069519],[129.060459,35.069549],[129.060395,35.069439],[129.060212,35.069525],[129.060234,35.069598],[129.060137,35.069672],[129.060006,35.06977],[129.059718,35.069789],[129.059575,35.069862],[129.059261,35.069969],[129.059025,35.069985],[129.058792,35.069979],[129.058616,35.069914],[129.05856,35.069798],[129.058583,35.06966],[129.058545,35.069525],[129.058208,35.069629],[129.058275,35.0697],[129.058137,35.069736],[129.058141,35.069813],[129.058006,35.069782],[129.057882,35.069773],[129.057953,35.069672],[129.057905,35.069577],[129.057792,35.069482],[129.057654,35.069451],[129.057605,35.069568],[129.057496,35.069522],[129.057444,35.069605],[129.057354,35.069497],[129.057204,35.069439],[129.057081,35.069473],[129.056979,35.06943],[129.056886,35.069503],[129.056901,35.069651],[129.056848,35.069807],[129.056893,35.069911],[129.057054,35.070046],[129.05708,35.070147],[129.056897,35.070231],[129.05693,35.070343],[129.056864,35.070396],[129.056728,35.070289],[129.05656,35.070301],[129.056593,35.070408],[129.056822,35.070507],[129.056635,35.070523],[129.056429,35.070404],[129.056279,35.070439],[129.056349,35.070576],[129.056176,35.070653],[129.056059,35.070638],[129.055947,35.070726],[129.055904,35.070872],[129.055749,35.070932],[129.055583,35.070967],[129.055302,35.07096],[129.055103,35.070998],[129.055079,35.071127],[129.054848,35.071027],[129.054537,35.07127],[129.054322,35.071446],[129.054209,35.071569],[129.0539,35.071607],[129.05369,35.07163],[129.053404,35.071761],[129.053039,35.071983],[129.05265,35.072255],[129.052131,35.072676],[129.05184,35.072946],[129.051679,35.073041],[129.051298,35.07324],[129.051034,35.073364],[129.05081,35.073414],[129.050613,35.073362],[129.050489,35.073395],[129.050522,35.073487],[129.050628,35.073527],[129.050546,35.073668],[129.050186,35.073871],[129.049797,35.074095],[129.049417,35.07443],[129.049061,35.07472],[129.048711,35.074863],[129.048591,35.07481],[129.048506,35.074833],[129.048562,35.074953],[129.048412,35.075021],[129.04823,35.075077],[129.047948,35.075162],[129.047786,35.07511],[129.047654,35.075202],[129.047547,35.075232],[129.047453,35.075236],[129.047378,35.075121],[129.04735,35.075485],[129.04721,35.075669],[129.046882,35.075842],[129.046629,35.076052],[129.046306,35.076438],[129.045361,35.077519],[129.044865,35.077862],[129.044416,35.078294],[129.043951,35.078768],[129.043636,35.078961],[129.043224,35.079364],[129.043125,35.079461],[129.04268,35.079642],[129.041864,35.080338],[129.041719,35.0805],[129.041276,35.080781],[129.041127,35.080828],[129.040922,35.080746],[129.040475,35.080648],[129.040102,35.080506],[129.039815,35.080461],[129.03946,35.080741],[129.038538,35.08153],[129.03818,35.081868],[129.038052,35.081989],[129.037891,35.082085],[129.036555,35.083185],[129.034542,35.084908],[129.034382,35.08503],[129.034197,35.085058],[129.033919,35.085047],[129.033371,35.084719],[129.033225,35.084668],[129.033032,35.084745],[129.03298,35.084851],[129.03303,35.084971],[129.033249,35.085114],[129.03336,35.085036],[129.034238,35.08567],[129.034132,35.086042],[129.034102,35.086266],[129.034347,35.086326],[129.03426,35.086849],[129.034163,35.086827],[129.034092,35.087058],[129.034272,35.087048],[129.034275,35.087389],[129.034111,35.087886],[129.033813,35.088222],[129.03286,35.08873],[129.032142,35.088712],[129.032069,35.088793],[129.032937,35.088828],[129.033698,35.088698],[129.033674,35.089036],[129.033578,35.089354],[129.034138,35.089515],[129.035786,35.08893],[129.036042,35.089048],[129.036356,35.08963],[129.034757,35.090228],[129.034646,35.090207],[129.034468,35.089852],[129.033434,35.089583],[129.033299,35.089619],[129.032955,35.090088],[129.032375,35.089795],[129.032343,35.089813],[129.032703,35.090019],[129.032376,35.090428],[129.032012,35.090236],[129.031998,35.090266],[129.032314,35.090438],[129.032065,35.090803],[129.031811,35.09068],[129.031765,35.09074],[129.032195,35.090968],[129.031996,35.091311],[129.031431,35.091794],[129.031495,35.091927],[129.031334,35.092243],[129.03129,35.09244],[129.031348,35.092455],[129.031282,35.092743],[129.03123,35.093163],[129.031491,35.093929],[129.031615,35.093988],[129.031607,35.094026],[129.031866,35.094112],[129.033051,35.094395],[129.03346,35.09419],[129.033533,35.094067],[129.033184,35.094038],[129.033283,35.093371],[129.034011,35.093367],[129.03472,35.092742],[129.037133,35.091852],[129.037414,35.092382],[129.03671,35.092657],[129.036073,35.094535],[129.037496,35.094874],[129.037888,35.093705],[129.037908,35.093688],[129.038337,35.09354],[129.038377,35.093535],[129.038444,35.09357],[129.038459,35.093585],[129.038697,35.094769],[129.038727,35.094797],[129.038764,35.094821],[129.038818,35.094851],[129.039499,35.095239],[129.040023,35.095568],[129.040692,35.095871],[129.041974,35.096262],[129.042043,35.096281],[129.043026,35.096587],[129.044129,35.096948],[129.044162,35.096955],[129.044194,35.096953],[129.045109,35.096627],[129.045187,35.096615],[129.045208,35.096618],[129.045218,35.096633],[129.045301,35.096835],[129.045424,35.097091],[129.045439,35.097105],[129.045473,35.097108],[129.046805,35.096669],[129.047228,35.096539],[129.047014,35.096058],[129.047414,35.095951],[129.0474,35.095879],[129.047596,35.095808],[129.047546,35.095676],[129.048009,35.095515],[129.04865,35.095393],[129.048847,35.095355],[129.049185,35.096023],[129.047874,35.096456],[129.047555,35.097237],[129.047755,35.097938],[129.049586,35.098435],[129.048543,35.100799],[129.048487,35.100785],[129.048458,35.10085],[129.048638,35.100897],[129.04972,35.09847],[129.050241,35.09727],[129.050793,35.097439],[129.051158,35.097552],[129.051321,35.097602],[129.051773,35.096593],[129.051883,35.09663],[129.051908,35.09658],[129.052132,35.096652],[129.052108,35.096704],[129.052345,35.096771],[129.051769,35.098],[129.051018,35.099494],[129.051086,35.099612],[129.052617,35.100104],[129.053744,35.097672],[129.054243,35.097795],[129.053143,35.100249],[129.053406,35.100332],[129.054618,35.097743],[129.055112,35.097905],[129.053952,35.100474],[129.054722,35.100726],[129.05494,35.100797],[129.054972,35.100808],[129.055172,35.100873],[129.055358,35.101725],[129.055163,35.101945],[129.05505,35.101953],[129.05511,35.102075],[129.055234,35.102037],[129.055234,35.10197],[129.055441,35.101749],[129.055255,35.100828],[129.056353,35.100931],[129.05676,35.100534],[129.057375,35.10077],[129.058156,35.101685],[129.058355,35.101797],[129.059225,35.102883],[129.059174,35.102914],[129.059234,35.102987],[129.060053,35.102541],[129.059996,35.102469],[129.059935,35.102501],[129.059578,35.102194],[129.059254,35.101786],[129.058985,35.101279],[129.058599,35.100685],[129.058693,35.10064],[129.058737,35.100636],[129.058772,35.100648],[129.058958,35.100764],[129.059199,35.100984],[129.061247,35.102687],[129.061714,35.102303],[129.063197,35.10341],[129.063178,35.103439],[129.062462,35.10403],[129.062892,35.104401],[129.063585,35.103833],[129.063591,35.103807],[129.063504,35.103636],[129.063544,35.103596],[129.061801,35.102258],[129.061655,35.102145],[129.061851,35.101995],[129.061988,35.101823],[129.062062,35.10162],[129.062079,35.101528],[129.062081,35.101405],[129.062058,35.101307],[129.061995,35.10118],[129.061904,35.101058],[129.061792,35.100974],[129.061654,35.100904],[129.061524,35.100864],[129.061322,35.100837],[129.06113,35.100853],[129.060964,35.100899],[129.060778,35.100994],[129.060467,35.101232],[129.060425,35.101231],[129.05967,35.100721],[129.059341,35.100469],[129.059298,35.100464],[129.059254,35.100461],[129.059202,35.100452],[129.059164,35.100437],[129.059134,35.100409],[129.059127,35.100392],[129.059144,35.100368],[129.061834,35.099032],[129.061173,35.098108],[129.061168,35.098089],[129.061168,35.098076],[129.061394,35.097954],[129.061415,35.097946],[129.061432,35.097946],[129.062104,35.098868],[129.062119,35.09888],[129.062146,35.098885],[129.065025,35.097539],[129.065968,35.097094],[129.066707,35.096735],[129.068326,35.09597],[129.068362,35.095945]]],[[[129.092263,35.03694],[129.09221,35.037044],[129.092218,35.03713],[129.092255,35.03721],[129.092163,35.037199],[129.092152,35.037244],[129.092216,35.037296],[129.0922,35.037393],[129.092245,35.037534],[129.092445,35.037626],[129.092545,35.037654],[129.092627,35.037512],[129.092653,35.03743],[129.092838,35.037646],[129.092943,35.03767],[129.092946,35.037745],[129.09308,35.037805],[129.093185,35.037794],[129.093309,35.037678],[129.093301,35.037499],[129.093135,35.037454],[129.093383,35.03732],[129.093393,35.037232],[129.093203,35.036944],[129.093062,35.036834],[129.092865,35.036764],[129.092782,35.036727],[129.092732,35.036742],[129.092724,35.036804],[129.092619,35.036763],[129.092303,35.036744],[129.092245,35.036764],[129.092313,35.03685],[129.092263,35.03694]]],[[[129.085118,35.049921],[129.08519,35.049895],[129.085112,35.049805],[129.085059,35.049827],[129.085118,35.049921]]],[[[129.084891,35.050041],[129.084848,35.049975],[129.084623,35.049794],[129.084558,35.049833],[129.084672,35.049908],[129.084699,35.04996],[129.084774,35.050045],[129.084891,35.050041]]],[[[129.084544,35.050101],[129.084592,35.050103],[129.084656,35.050049],[129.084664,35.049939],[129.084458,35.049831],[129.08438,35.049768],[129.084267,35.049787],[129.08434,35.050075],[129.084544,35.050101]]],[[[129.083632,35.050077],[129.083579,35.050002],[129.083526,35.05002],[129.083577,35.050099],[129.083632,35.050077]]],[[[129.083718,35.050193],[129.083819,35.050174],[129.08384,35.05014],[129.083715,35.050055],[129.08365,35.050103],[129.083718,35.050193]]],[[[129.083585,35.050189],[129.083494,35.050119],[129.083421,35.050217],[129.083492,35.050249],[129.083621,35.050229],[129.083628,35.050196],[129.083585,35.050189]]],[[[129.08257,35.05022],[129.08236,35.050203],[129.082192,35.050202],[129.082191,35.050334],[129.082669,35.050336],[129.082714,35.050246],[129.08257,35.05022]]],[[[129.090933,35.05067],[129.090984,35.050613],[129.090825,35.050459],[129.090699,35.050457],[129.090554,35.050288],[129.090407,35.050422],[129.090579,35.050562],[129.09074,35.050576],[129.090933,35.05067]]],[[[129.08497,35.073553],[129.084645,35.073422],[129.084616,35.073501],[129.084919,35.073637],[129.08497,35.073553]]]]}},{"type":"Feature","properties":{"role":"district","name":"서구","nameEn":"Seo-gu","adminLevel":6,"osmRelation":4000722,"areaKm2":13.92,"areaKm2BeforeSeaClip":85.23,"polygonCount":8,"pointCount":589},"geometry":{"type":"MultiPolygon","coordinates":[[[[129.005394,35.079935],[129.005644,35.079953],[129.00776,35.079485],[129.008224,35.079006],[129.008469,35.07863],[129.008775,35.078091],[129.00917,35.077627],[129.009824,35.077137],[129.01022,35.076965],[129.01077,35.076856],[129.010942,35.078109],[129.011166,35.078581],[129.012048,35.079434],[129.012166,35.080019],[129.011751,35.080048],[129.011504,35.080093],[129.01165,35.080693],[129.011614,35.081121],[129.011687,35.081862],[129.011699,35.082146],[129.011687,35.082295],[129.01159,35.082407],[129.011133,35.082611],[129.010769,35.083012],[129.01155,35.083891],[129.011705,35.08393],[129.011875,35.084199],[129.012055,35.084216],[129.012185,35.084652],[129.012292,35.085204],[129.012822,35.08707],[129.013406,35.088274],[129.014124,35.089349],[129.013826,35.089996],[129.013802,35.09035],[129.013948,35.090643],[129.014319,35.091176],[129.014246,35.091768],[129.014373,35.092738],[129.014373,35.093176],[129.014215,35.093744],[129.013721,35.094346],[129.013644,35.09444],[129.013425,35.095057],[129.012902,35.095729],[129.012555,35.096097],[129.011515,35.09662],[129.011187,35.096958],[129.010737,35.097844],[129.010159,35.099426],[129.009867,35.09962],[129.007939,35.099735],[129.007191,35.099655],[129.007282,35.099998],[129.007191,35.101133],[129.007367,35.101824],[129.007671,35.102213],[129.008194,35.102775],[129.008839,35.103228],[129.009119,35.10384],[129.009259,35.104347],[129.009563,35.104472],[129.009696,35.104601],[129.010305,35.105696],[129.01022,35.106178],[129.009745,35.10676],[129.00654,35.109492],[129.005755,35.109666],[129.004685,35.109925],[129.003785,35.110492],[129.003213,35.111442],[129.00356,35.112935],[129.003657,35.113706],[129.002903,35.114397],[129.001115,35.114681],[129.000957,35.114885],[129.00103,35.116203],[129.000659,35.117009],[129.000488,35.118024],[129.000081,35.118546],[129.000081,35.119044],[129.000312,35.119541],[129.000409,35.119984],[129.000343,35.120491],[129.00016,35.120924],[128.999485,35.12182],[128.999339,35.122616],[128.999564,35.123635],[129.001115,35.125212],[129.003967,35.126739],[129.004308,35.127326],[129.004861,35.128565],[129.005197,35.131217],[129.004948,35.132013],[129.005027,35.132988],[129.004072,35.133968],[129.003172,35.134624],[129.003178,35.135127],[129.003324,35.135659],[129.004182,35.13638],[129.004376,35.136907],[129.004358,35.137181],[129.004054,35.137599],[129.004054,35.137817],[129.004449,35.13822],[129.005184,35.139855],[129.005476,35.140193],[129.005812,35.140179],[129.005992,35.139904],[129.00705,35.139384],[129.010345,35.138076],[129.011033,35.13797],[129.011729,35.137499],[129.013381,35.136831],[129.01443,35.136592],[129.015156,35.136584],[129.015972,35.136086],[129.016164,35.135739],[129.016642,35.135061],[129.01735,35.135674],[129.018483,35.136069],[129.020201,35.136626],[129.020948,35.136752],[129.021393,35.136719],[129.022373,35.136455],[129.023353,35.135906],[129.024469,35.13526],[129.025016,35.134988],[129.025312,35.134858],[129.025481,35.134673],[129.025475,35.134217],[129.025738,35.133444],[129.026442,35.132003],[129.026283,35.131392],[129.0262,35.131073],[129.025781,35.128684],[129.025596,35.12812],[129.025603,35.127382],[129.025873,35.126388],[129.025717,35.12554],[129.02588,35.124378],[129.025454,35.123174],[129.025454,35.121902],[129.025404,35.120652],[129.024779,35.119304],[129.024779,35.118525],[129.024949,35.118071],[129.025631,35.117397],[129.026038,35.116943],[129.026911,35.115967],[129.027707,35.115623],[129.028224,35.114382],[129.028301,35.112788],[129.028028,35.112129],[129.027882,35.11156],[129.027897,35.111461],[129.028012,35.111399],[129.028132,35.111191],[129.028091,35.111059],[129.027809,35.110893],[129.02764,35.110664],[129.027539,35.110234],[129.027489,35.109792],[129.027355,35.109797],[129.027082,35.110166],[129.026615,35.110524],[129.026083,35.110681],[129.024743,35.109307],[129.02435,35.109234],[129.02336,35.109437],[129.023302,35.10932],[129.023026,35.10919],[129.022454,35.107874],[129.022369,35.107497],[129.022314,35.107256],[129.022143,35.106882],[129.021705,35.106352],[129.021483,35.106082],[129.021394,35.105755],[129.021375,35.10541],[129.021309,35.104774],[129.021282,35.104312],[129.021279,35.104233],[129.02125,35.103764],[129.021241,35.103313],[129.02121,35.102811],[129.021274,35.102453],[129.021426,35.102126],[129.021548,35.101934],[129.021578,35.101877],[129.022042,35.101513],[129.022609,35.101174],[129.022838,35.101037],[129.023311,35.100755],[129.023819,35.100386],[129.024326,35.099981],[129.02472,35.099483],[129.024904,35.098704],[129.025118,35.09827],[129.025216,35.098053],[129.025682,35.097146],[129.026469,35.095383],[129.025598,35.095166],[129.025233,35.093509],[129.025241,35.093415],[129.025349,35.092994],[129.025446,35.092069],[129.025495,35.092072],[129.025577,35.09142],[129.025682,35.090225],[129.027107,35.090323],[129.027182,35.089607],[129.025766,35.089501],[129.025917,35.087994],[129.027354,35.088091],[129.027424,35.087373],[129.025993,35.087275],[129.026023,35.08686],[129.02613,35.085834],[129.02633,35.085689],[129.030604,35.086007],[129.030625,35.085944],[129.030679,35.085951],[129.030799,35.086016],[129.030755,35.086056],[129.030918,35.086253],[129.031075,35.086302],[129.031158,35.086277],[129.031292,35.086123],[129.031266,35.086003],[129.031146,35.085929],[129.031065,35.085754],[129.031072,35.08541],[129.030995,35.085351],[129.027304,35.085083],[129.027162,35.08504],[129.027069,35.084891],[129.026207,35.081224],[129.026133,35.080931],[129.025872,35.080939],[129.025554,35.080734],[129.025233,35.079213],[129.025337,35.0792],[129.025433,35.079101],[129.025572,35.079089],[129.025555,35.078505],[129.025232,35.078453],[129.025116,35.078304],[129.024547,35.076095],[129.024103,35.076102],[129.024,35.075969],[129.023761,35.075816],[129.02354,35.075773],[129.023259,35.075759],[129.022957,35.075825],[129.022856,35.075918],[129.022842,35.076015],[129.022749,35.076054],[129.022711,35.07607],[129.022701,35.076074],[129.022596,35.076068],[129.022457,35.076169],[129.022298,35.076317],[129.022245,35.076283],[129.022113,35.076347],[129.02195,35.076405],[129.021704,35.076569],[129.021528,35.076743],[129.021636,35.076815],[129.021839,35.076587],[129.022008,35.076505],[129.022092,35.076474],[129.022156,35.076474],[129.022234,35.076484],[129.022301,35.076509],[129.022167,35.076691],[129.022064,35.076807],[129.021995,35.076848],[129.021931,35.076831],[129.021901,35.076786],[129.021769,35.076853],[129.021548,35.076999],[129.021418,35.077029],[129.021298,35.077065],[129.021203,35.076941],[129.021156,35.076959],[129.021183,35.076996],[129.02112,35.077027],[129.020911,35.077064],[129.020559,35.077064],[129.020276,35.077024],[129.019827,35.076891],[129.019297,35.076626],[129.018896,35.076382],[129.018409,35.07603],[129.017971,35.07573],[129.017538,35.075351],[129.017342,35.075124],[129.016989,35.074534],[129.016938,35.074319],[129.016932,35.074166],[129.016946,35.074007],[129.017065,35.073824],[129.017645,35.074019],[129.017652,35.073892],[129.017508,35.073772],[129.017662,35.073449],[129.017834,35.07321],[129.018037,35.07311],[129.018121,35.072926],[129.018176,35.072647],[129.018101,35.072302],[129.018182,35.071941],[129.018344,35.071629],[129.018745,35.071332],[129.018895,35.071392],[129.018981,35.071292],[129.018878,35.071055],[129.019173,35.070586],[129.019307,35.07065],[129.019369,35.070569],[129.019637,35.070688],[129.019687,35.071021],[129.01944,35.071349],[129.019272,35.071346],[129.019248,35.071445],[129.019534,35.071524],[129.019626,35.071439],[129.019899,35.071043],[129.01981,35.070553],[129.019331,35.070279],[129.019541,35.070069],[129.019701,35.070041],[129.019904,35.069826],[129.019931,35.069733],[129.020221,35.069567],[129.020372,35.069536],[129.020619,35.069335],[129.020857,35.06901],[129.020868,35.068818],[129.02075,35.068666],[129.020608,35.068494],[129.020859,35.068172],[129.02081,35.067774],[129.020727,35.067482],[129.02048,35.067233],[129.020277,35.066983],[129.020229,35.066584],[129.02015,35.066451],[129.020252,35.066259],[129.02045,35.066242],[129.020503,35.066114],[129.02088,35.065846],[129.020905,35.065657],[129.020837,35.065502],[129.02075,35.065436],[129.020673,35.065181],[129.020737,35.065011],[129.020715,35.064824],[129.02053,35.064485],[129.021806,35.062846],[129.022051,35.062565],[129.02224,35.06251],[129.022288,35.062149],[129.022425,35.062114],[129.022431,35.061863],[129.022342,35.061747],[129.022172,35.061564],[129.022081,35.061144],[129.021724,35.060804],[129.021514,35.060731],[129.021485,35.060907],[129.021354,35.060886],[129.021179,35.060518],[129.020855,35.060258],[129.020724,35.060306],[129.020628,35.060272],[129.020229,35.060078],[129.019873,35.060033],[129.019748,35.05992],[129.019685,35.059737],[129.01948,35.059616],[129.019237,35.059587],[129.019223,35.05945],[129.018822,35.059299],[129.018725,35.05892],[129.018892,35.058818],[129.018972,35.058614],[129.018729,35.058437],[129.018555,35.058326],[129.018604,35.057967],[129.018471,35.05777],[129.018288,35.05779],[129.018273,35.057567],[129.018213,35.057365],[129.017903,35.057305],[129.017633,35.057169],[129.017191,35.057118],[129.017063,35.057216],[129.016916,35.057133],[129.016723,35.057181],[129.016756,35.057421],[129.016688,35.057386],[129.016518,35.057109],[129.016285,35.057101],[129.01609,35.057112],[129.01579,35.056356],[129.015587,35.056003],[129.015677,35.055949],[129.01561,35.055405],[129.015369,35.055233],[129.015534,35.055099],[129.015429,35.054839],[129.015581,35.054801],[129.016188,35.054601],[129.0163,35.05429],[129.016174,35.053814],[129.0158,35.05333],[129.015341,35.052945],[129.01504,35.052746],[129.014572,35.052645],[129.014212,35.052646],[129.014002,35.052728],[129.013342,35.052667],[129.013203,35.052743],[129.00869,35.050942],[129.008498,35.051239],[129.011673,35.052432],[129.010753,35.05507],[129.010639,35.055155],[129.009369,35.054834],[129.009144,35.0554],[129.010445,35.055722],[129.010479,35.055785],[129.010241,35.056408],[129.009957,35.057254],[129.008611,35.056959],[129.008373,35.057639],[129.0097,35.057979],[129.008838,35.060483],[129.008482,35.060694],[129.008247,35.062497],[129.008289,35.062597],[129.008272,35.062803],[129.011095,35.063029],[129.012018,35.065177],[129.009301,35.065977],[129.005476,35.071101],[129.004225,35.079852],[129.005394,35.079935]]],[[[129.01583,35.047111],[129.015709,35.047031],[129.015528,35.047048],[129.015481,35.047098],[129.015629,35.047581],[129.015741,35.047714],[129.015869,35.047714],[129.016008,35.047629],[129.016008,35.047562],[129.015945,35.047535],[129.015993,35.047482],[129.015949,35.047322],[129.01583,35.047111]]],[[[129.015567,35.04762],[129.015119,35.047334],[129.014883,35.047392],[129.015007,35.047697],[129.015108,35.047729],[129.015528,35.047746],[129.015581,35.047695],[129.015567,35.04762]]],[[[129.014105,35.048466],[129.01424,35.048428],[129.014057,35.04871],[129.014214,35.048734],[129.014086,35.048846],[129.01402,35.048913],[129.01406,35.048936],[129.014162,35.048925],[129.01422,35.049008],[129.014033,35.049208],[129.014214,35.049294],[129.014138,35.049541],[129.014292,35.04982],[129.014211,35.049912],[129.014237,35.050198],[129.014393,35.050351],[129.014931,35.050325],[129.015207,35.04998],[129.015081,35.049865],[129.015429,35.04981],[129.015682,35.049582],[129.015333,35.049274],[129.015615,35.049288],[129.015756,35.049234],[129.015685,35.048906],[129.015811,35.048906],[129.015842,35.048867],[129.015796,35.048764],[129.015987,35.048705],[129.016013,35.048622],[129.015854,35.048356],[129.015953,35.048275],[129.015937,35.048011],[129.015815,35.047891],[129.015607,35.047815],[129.014987,35.047754],[129.01465,35.047908],[129.01439,35.047904],[129.014214,35.047987],[129.014005,35.048012],[129.013898,35.048155],[129.014049,35.048244],[129.014105,35.048466]]],[[[129.022607,35.061378],[129.02251,35.061598],[129.022817,35.061638],[129.022953,35.061626],[129.023248,35.061563],[129.023303,35.061467],[129.023126,35.0614],[129.023061,35.061453],[129.023007,35.061394],[129.022983,35.061331],[129.022607,35.061378]]],[[[129.023257,35.061788],[129.02292,35.061664],[129.022783,35.061676],[129.022536,35.061765],[129.022444,35.061875],[129.022497,35.062113],[129.022621,35.062194],[129.022805,35.062216],[129.023157,35.06213],[129.023305,35.061902],[129.023257,35.061788]]],[[[129.022288,35.075015],[129.022228,35.074989],[129.022175,35.074971],[129.022137,35.074987],[129.022139,35.075037],[129.022005,35.075163],[129.021973,35.075168],[129.021969,35.07519],[129.022003,35.075215],[129.021987,35.075287],[129.022021,35.075303],[129.022134,35.075284],[129.022256,35.075323],[129.022337,35.075289],[129.022323,35.075316],[129.022339,35.075335],[129.022352,35.075415],[129.022316,35.075396],[129.022302,35.075439],[129.022332,35.075455],[129.022332,35.075483],[129.022371,35.07549],[129.022398,35.075526],[129.022261,35.075523],[129.022217,35.075454],[129.022137,35.075387],[129.022098,35.075396],[129.02209,35.075435],[129.022129,35.075468],[129.022136,35.075513],[129.022093,35.07552],[129.022063,35.075487],[129.022031,35.075481],[129.022031,35.075517],[129.021985,35.075517],[129.022006,35.075572],[129.022088,35.075604],[129.022141,35.075726],[129.022417,35.075662],[129.022438,35.075655],[129.022493,35.075632],[129.022613,35.07559],[129.022702,35.075509],[129.02268,35.07542],[129.02265,35.075306],[129.022549,35.075119],[129.022446,35.075057],[129.022288,35.075015]]],[[[129.026755,35.092373],[129.026583,35.09236],[129.027013,35.094345],[129.027172,35.094321],[129.026755,35.092373]]]]}},{"type":"Feature","properties":{"role":"district","name":"연제구","nameEn":"Yeonje-gu","adminLevel":6,"osmRelation":4112499,"areaKm2":12.19,"areaKm2BeforeSeaClip":12.19,"polygonCount":1,"pointCount":227},"geometry":{"type":"MultiPolygon","coordinates":[[[[129.04655,35.192344],[129.047357,35.194122],[129.048958,35.193991],[129.050293,35.193584],[129.052376,35.192434],[129.052803,35.192434],[129.053764,35.193103],[129.054671,35.192929],[129.05549,35.192638],[129.056318,35.193535],[129.057501,35.193972],[129.058445,35.193957],[129.058842,35.194029],[129.059643,35.191634],[129.059926,35.191254],[129.062669,35.191809],[129.062303,35.193111],[129.062888,35.193789],[129.063378,35.193588],[129.063591,35.193593],[129.064252,35.193722],[129.066654,35.194213],[129.071889,35.195282],[129.071547,35.196369],[129.072864,35.196653],[129.074301,35.198096],[129.074741,35.198256],[129.078096,35.199489],[129.079337,35.19927],[129.080356,35.1991],[129.081428,35.198191],[129.082143,35.197443],[129.08315,35.196387],[129.083942,35.195761],[129.084017,35.195702],[129.084552,35.195278],[129.085602,35.194737],[129.085864,35.194602],[129.087382,35.194046],[129.088952,35.193711],[129.091007,35.193456],[129.09305,35.193202],[129.095575,35.192672],[129.096823,35.192409],[129.098486,35.191987],[129.099418,35.191736],[129.100527,35.191448],[129.101393,35.191223],[129.10372,35.190893],[129.108058,35.190442],[129.108813,35.18998],[129.111069,35.188844],[129.112059,35.187706],[129.112399,35.186251],[129.11505,35.182684],[129.114864,35.182088],[129.114544,35.181318],[129.112208,35.176884],[129.111776,35.177071],[129.111164,35.175948],[129.109572,35.176218],[129.109024,35.177193],[129.108563,35.177373],[129.10823,35.177354],[129.107995,35.177411],[129.10795,35.177422],[129.107409,35.177903],[129.107235,35.178001],[129.107191,35.178801],[129.10715,35.179682],[129.106597,35.179699],[129.106599,35.180053],[129.106222,35.180053],[129.106213,35.18045],[129.106046,35.18044],[129.105845,35.180365],[129.105371,35.180348],[129.104191,35.180769],[129.103524,35.181422],[129.10293,35.181034],[129.102007,35.180054],[129.101562,35.180153],[129.101313,35.180323],[129.101007,35.180372],[129.100595,35.180546],[129.099661,35.180191],[129.099101,35.180077],[129.098536,35.180036],[129.098018,35.17993],[129.097338,35.179578],[129.097163,35.179283],[129.097123,35.179217],[129.096935,35.178901],[129.096394,35.177814],[129.096357,35.177088],[129.096632,35.175622],[129.096743,35.17511],[129.096669,35.174601],[129.097039,35.174595],[129.097108,35.173466],[129.097037,35.173319],[129.097001,35.173244],[129.097015,35.172828],[129.097007,35.172805],[129.097056,35.172444],[129.097144,35.171627],[129.096539,35.171623],[129.096511,35.170774],[129.096508,35.170702],[129.096256,35.170266],[129.096022,35.170036],[129.095615,35.169431],[129.095307,35.168823],[129.095173,35.168654],[129.095078,35.168379],[129.094924,35.16819],[129.094936,35.167848],[129.094761,35.167816],[129.094111,35.167341],[129.093693,35.166282],[129.093588,35.165223],[129.093693,35.164485],[129.094281,35.162395],[129.094362,35.162152],[129.094721,35.161079],[129.093599,35.160758],[129.092851,35.160414],[129.092219,35.160408],[129.091726,35.160503],[129.091254,35.16055],[129.090688,35.160532],[129.090383,35.160556],[129.089475,35.160865],[129.08896,35.160912],[129.088459,35.160871],[129.087718,35.160538],[129.085933,35.159126],[129.085504,35.158971],[129.084589,35.158954],[129.083856,35.15877],[129.083012,35.158409],[129.082267,35.158952],[129.080862,35.159711],[129.079439,35.160621],[129.079083,35.160993],[129.078638,35.162175],[129.078182,35.162803],[129.078227,35.164776],[129.079217,35.165949],[129.079439,35.166403],[129.079995,35.166703],[129.08084,35.167376],[129.081508,35.167394],[129.081652,35.167485],[129.08173,35.167804],[129.082019,35.168149],[129.082055,35.16902],[129.082444,35.170197],[129.082837,35.170984],[129.082821,35.171228],[129.082593,35.171444],[129.081756,35.171945],[129.080549,35.172199],[129.08049,35.172418],[129.08021,35.17263],[129.080092,35.17288],[129.080055,35.172956],[129.079923,35.173234],[129.079498,35.173947],[129.079261,35.174361],[129.078793,35.17518],[129.07859,35.175536],[129.077839,35.175458],[129.077312,35.175288],[129.077006,35.175838],[129.075908,35.176413],[129.076282,35.176802],[129.074866,35.1775],[129.075306,35.178097],[129.072058,35.179827],[129.071779,35.179173],[129.071594,35.178781],[129.071654,35.178579],[129.071964,35.177949],[129.070668,35.176307],[129.070285,35.175822],[129.069102,35.176436],[129.067214,35.176616],[129.067143,35.176362],[129.066856,35.176384],[129.066853,35.176535],[129.066396,35.177127],[129.06574,35.177467],[129.064985,35.177766],[129.063514,35.177721],[129.063074,35.177785],[129.062893,35.177901],[129.062775,35.178165],[129.062625,35.178776],[129.062177,35.179386],[129.062051,35.17983],[129.06176,35.180132],[129.06176,35.180434],[129.062146,35.180723],[129.062208,35.181122],[129.06191,35.182215],[129.061595,35.183044],[129.061304,35.183397],[129.061013,35.183674],[129.060203,35.184078],[129.059582,35.184098],[129.058913,35.183969],[129.057081,35.183982],[129.056247,35.184271],[129.05587,35.184271],[129.055258,35.184169],[129.055005,35.184059],[129.054108,35.184014],[129.051112,35.184824],[129.050907,35.185088],[129.050742,35.185917],[129.050663,35.18672],[129.050325,35.187067],[129.049896,35.187549],[129.04876,35.188822],[129.046527,35.191387],[129.04655,35.192344]]]]}},{"type":"Feature","properties":{"role":"district","name":"수영구","nameEn":"Suyeong-gu","adminLevel":6,"osmRelation":4010740,"areaKm2":10.2,"areaKm2BeforeSeaClip":14.91,"polygonCount":5,"pointCount":332},"geometry":{"type":"MultiPolygon","coordinates":[[[[129.111523,35.135532],[129.111459,35.135573],[129.110918,35.135978],[129.109453,35.137022],[129.108959,35.137391],[129.107189,35.138548],[129.106772,35.138816],[129.106645,35.138911],[129.106231,35.13921],[129.106042,35.139346],[129.105817,35.139525],[129.105615,35.139679],[129.104698,35.140413],[129.104189,35.140849],[129.103623,35.141362],[129.102774,35.142266],[129.102873,35.142367],[129.102992,35.142489],[129.103093,35.142944],[129.103131,35.143116],[129.103337,35.143679],[129.103429,35.144236],[129.103406,35.144394],[129.103221,35.145677],[129.102888,35.14702],[129.102457,35.148969],[129.102129,35.150573],[129.101962,35.151167],[129.10165,35.151529],[129.101597,35.151591],[129.100648,35.152132],[129.099903,35.153191],[129.09972,35.153449],[129.099209,35.154265],[129.099042,35.154814],[129.098802,35.155113],[129.097835,35.15582],[129.097678,35.156062],[129.097622,35.156543],[129.097585,35.157209],[129.097506,35.157379],[129.097044,35.157893],[129.09696,35.158151],[129.096817,35.158623],[129.096775,35.15876],[129.096609,35.158994],[129.096489,35.159139],[129.095382,35.160488],[129.094721,35.161079],[129.094362,35.162152],[129.094281,35.162395],[129.093693,35.164485],[129.093588,35.165223],[129.093693,35.166282],[129.094111,35.167341],[129.094761,35.167816],[129.094936,35.167848],[129.094924,35.16819],[129.095078,35.168379],[129.095173,35.168654],[129.095307,35.168823],[129.095615,35.169431],[129.096022,35.170036],[129.096256,35.170266],[129.096508,35.170702],[129.096511,35.170774],[129.096539,35.171623],[129.097144,35.171627],[129.097056,35.172444],[129.097007,35.172805],[129.097015,35.172828],[129.097001,35.173244],[129.097037,35.173319],[129.097108,35.173466],[129.097039,35.174595],[129.096669,35.174601],[129.096743,35.17511],[129.096632,35.175622],[129.096357,35.177088],[129.096394,35.177814],[129.096935,35.178901],[129.097123,35.179217],[129.097163,35.179283],[129.097338,35.179578],[129.098018,35.17993],[129.098536,35.180036],[129.099101,35.180077],[129.099661,35.180191],[129.100595,35.180546],[129.101007,35.180372],[129.101313,35.180323],[129.101562,35.180153],[129.102007,35.180054],[129.10293,35.181034],[129.103524,35.181422],[129.104191,35.180769],[129.105371,35.180348],[129.105845,35.180365],[129.106046,35.18044],[129.106213,35.18045],[129.106222,35.180053],[129.106599,35.180053],[129.106597,35.179699],[129.10715,35.179682],[129.107191,35.178801],[129.107235,35.178001],[129.107409,35.177903],[129.10795,35.177422],[129.107995,35.177411],[129.10823,35.177354],[129.108563,35.177373],[129.109024,35.177193],[129.109572,35.176218],[129.111164,35.175948],[129.111776,35.177071],[129.112208,35.176884],[129.114544,35.181318],[129.114864,35.182088],[129.11505,35.182684],[129.115244,35.183307],[129.115594,35.184263],[129.116325,35.184256],[129.117369,35.181888],[129.11777,35.18125],[129.117915,35.179552],[129.118111,35.177266],[129.118126,35.177098],[129.11819,35.176783],[129.118532,35.175993],[129.11874,35.175512],[129.118968,35.175178],[129.119746,35.174432],[129.120043,35.174099],[129.120055,35.174085],[129.120704,35.173324],[129.120899,35.173094],[129.121089,35.172871],[129.12201,35.171398],[129.122073,35.171295],[129.1224,35.170751],[129.122488,35.170604],[129.123013,35.169719],[129.123078,35.169622],[129.123442,35.169021],[129.125179,35.166069],[129.125219,35.166019],[129.125268,35.165981],[129.125376,35.165954],[129.125453,35.165962],[129.125573,35.165985],[129.125635,35.165995],[129.125672,35.165992],[129.125735,35.165953],[129.125761,35.16593],[129.125855,35.165765],[129.125979,35.165552],[129.125995,35.165532],[129.126016,35.165515],[129.126057,35.165492],[129.126743,35.165162],[129.128552,35.164166],[129.130097,35.162454],[129.130903,35.16127],[129.13106,35.161077],[129.131128,35.160992],[129.134665,35.157094],[129.134863,35.156897],[129.134941,35.156805],[129.135113,35.15668],[129.135149,35.156591],[129.135244,35.156356],[129.135272,35.156244],[129.135287,35.156089],[129.135333,35.155836],[129.135356,35.155667],[129.135106,35.155156],[129.134673,35.154789],[129.134217,35.154613],[129.132484,35.154247],[129.132409,35.154449],[129.132367,35.154438],[129.132436,35.154237],[129.131282,35.153996],[129.131329,35.153863],[129.131239,35.153833],[129.131293,35.153706],[129.129953,35.15316],[129.129936,35.153157],[129.129919,35.153159],[129.129904,35.153166],[129.129892,35.153177],[129.129885,35.15319],[129.129883,35.153204],[129.129887,35.153218],[129.129897,35.15323],[129.129882,35.153248],[129.129864,35.153273],[129.131134,35.153796],[129.131077,35.153948],[129.131049,35.154023],[129.130883,35.153983],[129.130876,35.154002],[129.130839,35.153994],[129.130783,35.154155],[129.130798,35.154158],[129.130791,35.154177],[129.130776,35.154174],[129.130726,35.154318],[129.128442,35.153765],[129.127228,35.153456],[129.127345,35.153128],[129.129289,35.152724],[129.129294,35.152742],[129.129303,35.152795],[129.129372,35.152783],[129.129373,35.15271],[129.129353,35.152622],[129.130171,35.152445],[129.13084,35.15263],[129.130839,35.152637],[129.130844,35.152659],[129.130857,35.152679],[129.130878,35.152693],[129.130904,35.152701],[129.130932,35.152702],[129.130958,35.152695],[129.130979,35.152681],[129.130993,35.152661],[129.130999,35.152639],[129.130996,35.152619],[129.130985,35.1526],[129.130968,35.152585],[129.130945,35.152575],[129.13003,35.15231],[129.127168,35.152848],[129.127034,35.152985],[129.12695,35.15326],[129.124415,35.152706],[129.124263,35.152746],[129.124344,35.152971],[129.124225,35.153315],[129.124176,35.153343],[129.124135,35.15338],[129.124112,35.153416],[129.123802,35.154255],[129.123692,35.154505],[129.123191,35.154446],[129.122617,35.154457],[129.12207,35.154393],[129.121577,35.154278],[129.121214,35.154113],[129.120493,35.15379],[129.119656,35.153272],[129.11849,35.152418],[129.11761,35.151578],[129.11688,35.150714],[129.116,35.149576],[129.115666,35.149042],[129.115317,35.148163],[129.115247,35.147813],[129.115211,35.147477],[129.115199,35.146963],[129.115239,35.146436],[129.11532,35.146438],[129.115734,35.146345],[129.116012,35.146293],[129.116577,35.146245],[129.117342,35.146179],[129.117415,35.146191],[129.117587,35.146218],[129.117828,35.146246],[129.117918,35.146134],[129.117938,35.145242],[129.117852,35.145078],[129.117763,35.140429],[129.117816,35.140373],[129.117745,35.139812],[129.117309,35.139677],[129.117145,35.139716],[129.115705,35.139379],[129.115524,35.13932],[129.114154,35.137459],[129.114093,35.13743],[129.114029,35.137434],[129.113784,35.137541],[129.113817,35.137587],[129.114047,35.137492],[129.114077,35.137484],[129.114107,35.137496],[129.114686,35.138352],[129.114631,35.13839],[129.11431,35.138643],[129.113739,35.138105],[129.113485,35.137865],[129.113446,35.137896],[129.111855,35.13639],[129.111855,35.136314],[129.111884,35.136262],[129.111952,35.136217],[129.11204,35.136206],[129.113129,35.136354],[129.114342,35.136531],[129.114364,35.136525],[129.114377,35.136515],[129.114506,35.135967],[129.1145,35.135954],[129.114486,35.135945],[129.112467,35.135595],[129.112085,35.135541],[129.111851,35.135505],[129.111612,35.135457],[129.111523,35.135532]]],[[[129.124651,35.142358],[129.125236,35.142967],[129.125899,35.142541],[129.125313,35.141932],[129.124651,35.142358]]],[[[129.126534,35.144268],[129.127142,35.143878],[129.126833,35.143555],[129.126225,35.143946],[129.126534,35.144268]]],[[[129.129934,35.147812],[129.130542,35.147422],[129.130228,35.147094],[129.12962,35.147484],[129.129934,35.147812]]],[[[129.131444,35.149427],[129.132107,35.149001],[129.13152,35.14839],[129.130857,35.148816],[129.131444,35.149427]]]]}},{"type":"Feature","properties":{"role":"district","name":"동구","nameEn":"Dong-gu","adminLevel":6,"osmRelation":3972401,"areaKm2":9.91,"areaKm2BeforeSeaClip":11.41,"polygonCount":1,"pointCount":272},"geometry":{"type":"MultiPolygon","coordinates":[[[[129.043738,35.110692],[129.043574,35.110331],[129.042627,35.110623],[129.042479,35.110306],[129.042314,35.110357],[129.041465,35.109134],[129.041202,35.108692],[129.041129,35.108715],[129.041239,35.108888],[129.040869,35.109579],[129.041587,35.110959],[129.040057,35.111442],[129.038212,35.111966],[129.037757,35.112095],[129.037856,35.112523],[129.037457,35.112605],[129.036913,35.112715],[129.036624,35.112829],[129.036448,35.112913],[129.036327,35.11304],[129.036256,35.113115],[129.036087,35.113189],[129.036043,35.113307],[129.036038,35.113316],[129.036066,35.113562],[129.035977,35.113636],[129.035739,35.113837],[129.035715,35.113875],[129.035587,35.114083],[129.035535,35.114105],[129.035234,35.114228],[129.034705,35.114447],[129.03452,35.114621],[129.034417,35.114929],[129.034265,35.115109],[129.033391,35.11561],[129.033261,35.115467],[129.032881,35.115782],[129.032705,35.115928],[129.032613,35.116004],[129.032753,35.116131],[129.032248,35.116233],[129.031702,35.11589],[129.031572,35.115882],[129.031077,35.116054],[129.030385,35.116334],[129.029875,35.11636],[129.029088,35.116155],[129.028459,35.115727],[129.028082,35.115573],[129.027707,35.115623],[129.026911,35.115967],[129.026038,35.116943],[129.025631,35.117397],[129.024949,35.118071],[129.024779,35.118525],[129.024779,35.119304],[129.025404,35.120652],[129.025454,35.121902],[129.025454,35.123174],[129.02588,35.124378],[129.025717,35.12554],[129.025873,35.126388],[129.025603,35.127382],[129.025596,35.12812],[129.025781,35.128684],[129.0262,35.131073],[129.026283,35.131392],[129.026442,35.132003],[129.025738,35.133444],[129.025475,35.134217],[129.025481,35.134673],[129.027117,35.135042],[129.027529,35.135489],[129.028211,35.136227],[129.029803,35.136628],[129.032126,35.136936],[129.033718,35.136605],[129.034663,35.136663],[129.036823,35.138505],[129.03747,35.13893],[129.037951,35.139454],[129.038749,35.140324],[129.039237,35.141768],[129.039212,35.14186],[129.039235,35.141988],[129.039219,35.142087],[129.039217,35.142187],[129.038952,35.142335],[129.038961,35.142608],[129.038805,35.142978],[129.038595,35.143135],[129.038803,35.143269],[129.03889,35.143462],[129.038972,35.143597],[129.039093,35.143687],[129.039407,35.143847],[129.039746,35.144176],[129.040084,35.144504],[129.040327,35.144934],[129.040825,35.145416],[129.040992,35.145508],[129.041344,35.14565],[129.041572,35.145792],[129.041973,35.145902],[129.04243,35.145914],[129.043227,35.145807],[129.044141,35.145891],[129.044437,35.145906],[129.045224,35.145807],[129.045716,35.145645],[129.0464,35.145505],[129.046749,35.145257],[129.047402,35.144889],[129.047791,35.144601],[129.04796,35.144404],[129.048078,35.144207],[129.048256,35.143843],[129.048384,35.143695],[129.048663,35.143492],[129.049414,35.143399],[129.050625,35.143206],[129.050703,35.143169],[129.051781,35.142085],[129.051882,35.142033],[129.052072,35.141947],[129.052407,35.141957],[129.052535,35.142009],[129.052611,35.142079],[129.052799,35.142136],[129.052945,35.142144],[129.053254,35.142072],[129.05398,35.142048],[129.05446,35.141908],[129.054703,35.141906],[129.055007,35.141933],[129.055311,35.141916],[129.056181,35.142116],[129.056567,35.14235],[129.056599,35.142512],[129.056668,35.143361],[129.056762,35.143633],[129.056945,35.143889],[129.057503,35.14437],[129.05749,35.142062],[129.057707,35.142048],[129.057949,35.142062],[129.05798,35.142044],[129.05918,35.141339],[129.059678,35.141341],[129.064533,35.141444],[129.065912,35.139387],[129.06626,35.138272],[129.066239,35.137429],[129.066075,35.136981],[129.065429,35.135221],[129.065869,35.134419],[129.066305,35.130358],[129.066424,35.129258],[129.066386,35.128967],[129.06621,35.129138],[129.065858,35.129455],[129.065783,35.129464],[129.065713,35.129465],[129.065647,35.129459],[129.06552,35.129404],[129.065369,35.129305],[129.065344,35.129293],[129.065316,35.129295],[129.065224,35.129328],[129.065026,35.129388],[129.064898,35.129406],[129.06469,35.12942],[129.064296,35.12939],[129.064271,35.129381],[129.064265,35.129364],[129.064305,35.128928],[129.064316,35.128906],[129.064338,35.1289],[129.064526,35.1289],[129.06455,35.128895],[129.06456,35.128887],[129.064595,35.128621],[129.064768,35.12723],[129.064762,35.12719],[129.064744,35.127154],[129.063655,35.126017],[129.060909,35.123147],[129.059846,35.122019],[129.058387,35.120499],[129.05781,35.119872],[129.057633,35.119683],[129.057334,35.119362],[129.056807,35.118824],[129.056691,35.118701],[129.056052,35.118041],[129.056025,35.118033],[129.056,35.118038],[129.052855,35.120107],[129.052346,35.120479],[129.052323,35.120502],[129.052326,35.120517],[129.052358,35.120545],[129.055238,35.122899],[129.055256,35.122928],[129.055265,35.12297],[129.05533,35.125268],[129.055321,35.125302],[129.055312,35.125323],[129.055267,35.125358],[129.054547,35.125823],[129.054503,35.125836],[129.054464,35.125834],[129.052692,35.12571],[129.052645,35.125693],[129.052619,35.125663],[129.052442,35.125327],[129.052441,35.125297],[129.052447,35.125274],[129.052667,35.124997],[129.052664,35.124987],[129.052659,35.124979],[129.050013,35.123551],[129.048652,35.120725],[129.05022,35.11975],[129.0505,35.119576],[129.050193,35.119254],[129.055319,35.11599],[129.054371,35.114995],[129.052882,35.115879],[129.051357,35.11685],[129.050131,35.117631],[129.049286,35.116724],[129.048848,35.116262],[129.048255,35.115617],[129.052501,35.112959],[129.050142,35.110354],[129.049852,35.110534],[129.049964,35.110672],[129.050031,35.110931],[129.050039,35.111198],[129.050002,35.111551],[129.049929,35.111793],[129.049381,35.111657],[129.049461,35.111111],[129.049433,35.11093],[129.049226,35.110484],[129.049037,35.110221],[129.048929,35.110075],[129.048738,35.109882],[129.048844,35.109783],[129.048678,35.109662],[129.048564,35.109771],[129.04836,35.109662],[129.048182,35.109586],[129.047893,35.109497],[129.047699,35.109418],[129.043738,35.110692]],[[129.056733,35.142721],[129.057147,35.142722],[129.057137,35.143929],[129.057058,35.143862],[129.056923,35.143698],[129.056799,35.14349],[129.056738,35.143269],[129.056717,35.142959],[129.056733,35.142721]],[[129.056806,35.142127],[129.057091,35.142131],[129.057088,35.142278],[129.056804,35.142276],[129.056806,35.142127]]]]}},{"type":"Feature","properties":{"role":"district","name":"중구","nameEn":"Jung-gu","adminLevel":6,"osmRelation":3987205,"areaKm2":3.18,"areaKm2BeforeSeaClip":4.14,"polygonCount":1,"pointCount":259},"geometry":{"type":"MultiPolygon","coordinates":[[[[129.025682,35.097146],[129.025216,35.098053],[129.025118,35.09827],[129.024904,35.098704],[129.02472,35.099483],[129.024326,35.099981],[129.023819,35.100386],[129.023311,35.100755],[129.022838,35.101037],[129.022609,35.101174],[129.022042,35.101513],[129.021578,35.101877],[129.021548,35.101934],[129.021426,35.102126],[129.021274,35.102453],[129.02121,35.102811],[129.021241,35.103313],[129.02125,35.103764],[129.021279,35.104233],[129.021282,35.104312],[129.021309,35.104774],[129.021375,35.10541],[129.021394,35.105755],[129.021483,35.106082],[129.021705,35.106352],[129.022143,35.106882],[129.022314,35.107256],[129.022369,35.107497],[129.022454,35.107874],[129.023026,35.10919],[129.023302,35.10932],[129.02336,35.109437],[129.02435,35.109234],[129.024743,35.109307],[129.026083,35.110681],[129.026615,35.110524],[129.027082,35.110166],[129.027355,35.109797],[129.027489,35.109792],[129.027539,35.110234],[129.02764,35.110664],[129.027809,35.110893],[129.028091,35.111059],[129.028132,35.111191],[129.028012,35.111399],[129.027897,35.111461],[129.027882,35.11156],[129.028028,35.112129],[129.028301,35.112788],[129.028224,35.114382],[129.027707,35.115623],[129.028082,35.115573],[129.028459,35.115727],[129.029088,35.116155],[129.029875,35.11636],[129.030385,35.116334],[129.031077,35.116054],[129.031572,35.115882],[129.031702,35.11589],[129.032248,35.116233],[129.032753,35.116131],[129.032613,35.116004],[129.032705,35.115928],[129.032881,35.115782],[129.033261,35.115467],[129.033391,35.11561],[129.034265,35.115109],[129.034417,35.114929],[129.03452,35.114621],[129.034705,35.114447],[129.035234,35.114228],[129.035535,35.114105],[129.035587,35.114083],[129.035715,35.113875],[129.035739,35.113837],[129.035977,35.113636],[129.036066,35.113562],[129.036038,35.113316],[129.036043,35.113307],[129.036087,35.113189],[129.036256,35.113115],[129.036327,35.11304],[129.036448,35.112913],[129.036624,35.112829],[129.036913,35.112715],[129.037457,35.112605],[129.037856,35.112523],[129.037757,35.112095],[129.038212,35.111966],[129.040057,35.111442],[129.041587,35.110959],[129.040869,35.109579],[129.041239,35.108888],[129.041129,35.108715],[129.041202,35.108692],[129.041465,35.109134],[129.042314,35.110357],[129.042479,35.110306],[129.042627,35.110623],[129.043574,35.110331],[129.043738,35.110692],[129.047699,35.109418],[129.047532,35.109329],[129.047415,35.109244],[129.047221,35.109073],[129.047119,35.108953],[129.047,35.108759],[129.046885,35.108409],[129.046771,35.108216],[129.046648,35.108075],[129.046493,35.107952],[129.046587,35.107832],[129.046407,35.107735],[129.046316,35.107849],[129.04613,35.107783],[129.045954,35.107764],[129.045775,35.107785],[129.045623,35.10783],[129.045466,35.107911],[129.04535,35.108014],[129.045275,35.108126],[129.045233,35.108222],[129.0452,35.108338],[129.045094,35.108367],[129.044369,35.108344],[129.044038,35.107683],[129.044025,35.10712],[129.04406,35.106777],[129.044117,35.106604],[129.044214,35.106417],[129.044334,35.106265],[129.044449,35.106157],[129.044586,35.106054],[129.044768,35.105958],[129.044884,35.10591],[129.045106,35.105849],[129.045372,35.105817],[129.04564,35.105651],[129.04672,35.106821],[129.046709,35.106831],[129.0467,35.106853],[129.046699,35.106876],[129.046708,35.106898],[129.046725,35.106916],[129.046748,35.106929],[129.046775,35.106935],[129.046803,35.106933],[129.046829,35.106924],[129.046849,35.106909],[129.046863,35.106889],[129.046868,35.106867],[129.046864,35.106844],[129.046852,35.106824],[129.046831,35.106808],[129.046826,35.106806],[129.044623,35.104384],[129.044575,35.104413],[129.044585,35.104425],[129.044158,35.104698],[129.044228,35.104768],[129.044258,35.10475],[129.044435,35.104945],[129.04414,35.105129],[129.04412,35.105107],[129.043948,35.105209],[129.043729,35.104988],[129.042629,35.105673],[129.042408,35.105918],[129.042295,35.106197],[129.042403,35.106296],[129.042203,35.106426],[129.041798,35.106227],[129.041883,35.105958],[129.042055,35.105675],[129.041253,35.105355],[129.040948,35.105262],[129.040813,35.105228],[129.04359,35.103464],[129.043613,35.103404],[129.042279,35.101978],[129.041982,35.101681],[129.040822,35.102404],[129.040511,35.1026],[129.039983,35.102935],[129.039529,35.103201],[129.040405,35.104116],[129.040324,35.104164],[129.039567,35.10336],[129.039296,35.103171],[129.039071,35.10306],[129.038802,35.102967],[129.038615,35.102929],[129.038406,35.102899],[129.038275,35.102857],[129.038351,35.101848],[129.038443,35.101855],[129.038464,35.101847],[129.038493,35.10181],[129.038447,35.101681],[129.039948,35.101319],[129.039648,35.100438],[129.039904,35.10038],[129.039788,35.100027],[129.038422,35.100339],[129.03847,35.099489],[129.039417,35.09928],[129.039349,35.099106],[129.038482,35.099302],[129.038522,35.098549],[129.039047,35.098427],[129.038988,35.098253],[129.038461,35.098375],[129.038369,35.098115],[129.03836,35.097969],[129.03833,35.097809],[129.038286,35.097669],[129.038227,35.097531],[129.038071,35.097279],[129.03798,35.097167],[129.037855,35.097039],[129.03776,35.096953],[129.037665,35.096877],[129.037587,35.09682],[129.037518,35.096765],[129.037438,35.096706],[129.037342,35.096649],[129.037254,35.096598],[129.037128,35.096531],[129.036945,35.096467],[129.036666,35.096391],[129.036358,35.096321],[129.03621,35.096283],[129.036031,35.09624],[129.035772,35.096197],[129.03567,35.096199],[129.035672,35.096179],[129.035657,35.096162],[129.035547,35.096134],[129.035426,35.096112],[129.035301,35.096102],[129.035177,35.096104],[129.035061,35.096115],[129.034945,35.096138],[129.034808,35.096177],[129.034644,35.096253],[129.03464,35.096281],[129.034622,35.096277],[129.034618,35.096306],[129.03507,35.096351],[129.035115,35.09639],[129.034676,35.09662],[129.034339,35.096732],[129.03157,35.096467],[129.030867,35.096405],[129.030045,35.096196],[129.029001,35.095983],[129.026526,35.095394],[129.026469,35.095383],[129.025682,35.097146]]]]}}]}